0, 1585296676.952433, 2.25211, 3.50767, -0.128966
1, 1585296676.952433, 5.69946, 1.40277, -0.54527
2, 1585296676.952433, 7.88513, 4.96897, -0.627795
3, 1585296676.952433, 14.2711, 12.9685, -1.14525
0, 1585296677.052518, 2.21316, 3.52583, -0.121866
1, 1585296677.052518, 5.68003, 1.45306, -0.53726
2, 1585296677.052518, 7.8333, 5.03911, -0.610831
3, 1585296677.052518, 14.147, 13.0973, -1.10626
0, 1585296677.152596, 2.16511, 3.51724, -0.108901
1, 1585296677.152596, 5.65927, 1.49103, -0.525341
2, 1585296677.152596, 7.76581, 5.105, -0.58461
3, 1585296677.152596, 13.9749, 13.2461, -1.04564
0, 1585296677.252711, 2.10202, 3.51492, -0.0842297
1, 1585296677.252711, 5.62726, 1.54352, -0.501835
2, 1585296677.252711, 7.67915, 5.18908, -0.540212
3, 1585296677.252711, 13.7657, 13.4249, -0.95087
0, 1585296677.352838, 2.05024, 3.57126, -0.0685834
1, 1585296677.352838, 5.60095, 1.64429, -0.477639
2, 1585296677.352838, 7.60859, 5.31457, -0.49368
3, 1585296677.352838, 13.5964, 13.625, -0.847418
0, 1585296677.452924, 2.018, 3.61605, -0.084824
1, 1585296677.452924, 5.5876, 1.72652, -0.504026
2, 1585296677.452924, 7.55547, 5.41816, -0.53649
3, 1585296677.452924, 13.4519, 13.7918, -0.933287
0, 1585296677.552986, 2.01037, 3.66123, -0.113658
1, 1585296677.552986, 5.60289, 1.80902, -0.502475
2, 1585296677.552986, 7.53076, 5.5217, -0.536755
3, 1585296677.552986, 13.3384, 13.9573, -0.92845
0, 1585296677.653052, 1.93525, 3.68213, -0.187162
1, 1585296677.653052, 5.53961, 1.87181, -0.655576
2, 1585296677.653052, 7.41648, 5.60834, -0.787931
3, 1585296677.653052, 13.0987, 14.1128, -1.44266
0, 1585296677.753179, 1.90789, 3.69558, -0.23924
1, 1585296677.753179, 5.52251, 1.90917, -0.720217
2, 1585296677.753179, 7.36912, 5.6588, -0.899447
3, 1585296677.753179, 12.9797, 14.2009, -1.67187
0, 1585296677.853236, 1.87786, 3.71897, -0.240004
1, 1585296677.853236, 5.50745, 1.96286, -0.719899
2, 1585296677.853236, 7.32277, 5.7278, -0.897819
3, 1585296677.853236, 12.8621, 14.3165, -1.66672
0, 1585296677.953302, 1.82495, 3.73713, -0.187406
1, 1585296677.953302, 5.48419, 2.03948, -0.652242
2, 1585296677.953302, 7.24358, 5.83257, -0.789693
3, 1585296677.953302, 12.6579, 14.5092, -1.45567
0, 1585296678.053414, 1.71144, 3.70338, -0.137185
1, 1585296678.053414, 5.42575, 2.1266, -0.590801
2, 1585296678.053414, 7.06679, 5.9741, -0.665528
3, 1585296678.053414, 12.2126, 14.823, -1.17572
0, 1585296678.153460, 1.57634, 3.81412, -0.0965698
1, 1585296678.153460, 5.34868, 2.37708, -0.535302
2, 1585296678.153460, 6.84841, 6.28235, -0.57433
3, 1585296678.153460, 11.6705, 15.3164, -0.993183
0, 1585296678.253580, 1.41135, 3.91267, -0.0877045
1, 1585296678.253580, 5.22643, 2.59702, -0.537558
2, 1585296678.253580, 6.60163, 6.54793, -0.568945
3, 1585296678.253580, 11.1343, 15.7313, -0.972718
0, 1585296678.353622, 1.28138, 3.96288, -0.0928611
1, 1585296678.353622, 5.13254, 2.7617, -0.55527
2, 1585296678.353622, 6.38921, 6.75187, -0.589614
3, 1585296678.353622, 10.6447, 16.0664, -1.00449
0, 1585296678.453732, 1.19801, 3.99244, -0.0879585
1, 1585296678.453732, 5.07427, 2.87975, -0.561875
2, 1585296678.453732, 6.23961, 6.89754, -0.595575
3, 1585296678.453732, 10.2806, 16.307, -1.01249
0, 1585296678.553808, 1.12853, 4.01198, -0.0920468
1, 1585296678.553808, 5.02172, 2.9637, -0.574052
2, 1585296678.553808, 6.12034, 7.00024, -0.609099
3, 1585296678.553808, 10.0042, 16.4754, -1.03181
0, 1585296678.653908, 1.08496, 4.01172, -0.0679077
1, 1585296678.653908, 4.98978, 3.00307, -0.540205
2, 1585296678.653908, 6.04991, 7.05002, -0.550706
3, 1585296678.653908, 9.84469, 16.5638, -0.910771
0, 1585296678.753973, 1.06066, 4.01275, -0.0536484
1, 1585296678.753973, 4.97521, 3.03267, -0.505148
2, 1585296678.753973, 6.00692, 7.08697, -0.499422
3, 1585296678.753973, 9.73683, 16.628, -0.813575
0, 1585296678.854084, 1.02995, 4.02832, -0.046784
1, 1585296678.854084, 4.95255, 3.07146, -0.477715
2, 1585296678.854084, 5.96036, 7.13176, -0.464924
3, 1585296678.854084, 9.63572, 16.6947, -0.755484
0, 1585296678.954147, 1.02867, 4.03208, -0.0404012
1, 1585296678.954147, 4.95163, 3.07007, -0.456315
2, 1585296678.954147, 5.96494, 7.12897, -0.437403
3, 1585296678.954147, 9.65453, 16.687, -0.708394
0, 1585296679.054288, 1.0078, 4.04222, -0.0480233
1, 1585296679.054288, 4.93458, 3.09397, -0.45945
2, 1585296679.054288, 5.93263, 7.15668, -0.449629
3, 1585296679.054288, 9.58642, 16.7278, -0.741295
0, 1585296679.154333, 0.984935, 4.05434, -0.055236
1, 1585296679.154333, 4.9155, 3.12736, -0.478874
2, 1585296679.154333, 5.89115, 7.19551, -0.476151
3, 1585296679.154333, 9.49112, 16.7864, -0.788879
0, 1585296679.254422, 0.939583, 4.07174, -0.0431759
1, 1585296679.254422, 4.8815, 3.18958, -0.45696
2, 1585296679.254422, 5.81168, 7.26835, -0.442566
3, 1585296679.254422, 9.30531, 16.8994, -0.723862
0, 1585296679.354510, 0.863909, 4.09535, -0.029737
1, 1585296679.354510, 4.82209, 3.28693, -0.438855
2, 1585296679.354510, 5.67717, 7.38203, -0.410939
3, 1585296679.354510, 8.99383, 17.0764, -0.657928
0, 1585296679.454623, 0.764636, 4.10858, -0.0216414
1, 1585296679.454623, 4.73936, 3.39081, -0.439299
2, 1585296679.454623, 5.50106, 7.50429, -0.409585
3, 1585296679.454623, 8.59568, 17.2719, -0.654883
0, 1585296679.554690, 0.659914, 4.1203, -0.0117573
1, 1585296679.554690, 4.65155, 3.50557, -0.432559
2, 1585296679.554690, 5.30841, 7.63693, -0.385749
3, 1585296679.554690, 8.15363, 17.481, -0.590502
0, 1585296679.654770, 0.51127, 4.04995, 0.00492698
1, 1585296679.654770, 4.52386, 3.58853, -0.412583
2, 1585296679.654770, 5.02331, 7.74169, -0.352435
3, 1585296679.654770, 7.49289, 17.6872, -0.523753
0, 1585296679.754847, 0.363629, 4.12391, 0.0180639
1, 1585296679.754847, 4.39042, 3.80417, -0.395268
2, 1585296679.754847, 4.7442, 7.97209, -0.324265
3, 1585296679.754847, 6.86458, 17.9983, -0.467901
0, 1585296679.854969, 0.242753, 4.16661, 0.0202177
1, 1585296679.854969, 4.27601, 3.94887, -0.396311
2, 1585296679.854969, 4.52462, 8.12434, -0.322063
3, 1585296679.854969, 6.39133, 18.201, -0.458814
0, 1585296679.955033, 0.137949, 4.17616, 0.0259324
1, 1585296679.955033, 4.17496, 4.03867, -0.38846
2, 1585296679.955033, 4.34049, 8.21824, -0.313748
3, 1585296679.955033, 6.00662, 18.33, -0.448705
0, 1585296680.055143, 0.0628742, 4.17593, 0.0273069
1, 1585296680.055143, 4.10184, 4.11286, -0.38608
2, 1585296680.055143, 4.1907, 8.29469, -0.307321
3, 1585296680.055143, 5.67122, 18.4354, -0.43213
0, 1585296680.155187, -0.00765985, 4.17268, 0.0277616
1, 1585296680.155187, 4.03156, 4.17775, -0.387891
2, 1585296680.155187, 4.05, 8.36047, -0.308337
3, 1585296680.155187, 5.35941, 18.5247, -0.431925
0, 1585296680.255256, -0.069056, 4.15922, 0.0353162
1, 1585296680.255256, 3.96958, 4.22453, -0.380949
2, 1585296680.255256, 3.92601, 8.40699, -0.297863
3, 1585296680.255256, 5.08453, 18.5897, -0.41306
0, 1585296680.355367, -0.124421, 4.15135, 0.0422803
1, 1585296680.355367, 3.91229, 4.26969, -0.380854
2, 1585296680.355367, 3.81458, 8.45111, -0.291558
3, 1585296680.355367, 4.84064, 18.6481, -0.393814
0, 1585296680.455472, -0.169956, 4.13074, 0.0401312
1, 1585296680.455472, 3.86445, 4.30095, -0.387344
2, 1585296680.455472, 3.71262, 8.48085, -0.302367
3, 1585296680.455472, 4.60628, 18.6902, -0.41648
0, 1585296680.555555, -0.221488, 4.13961, 0.0412132
1, 1585296680.555555, 3.80996, 4.35618, -0.393129
2, 1585296680.555555, 3.61063, 8.534, -0.304291
3, 1585296680.555555, 4.38762, 18.753, -0.411171
0, 1585296680.655670, -0.254107, 4.15769, 0.0420285
1, 1585296680.655670, 3.7751, 4.4041, -0.397129
2, 1585296680.655670, 3.54493, 8.58033, -0.308181
3, 1585296680.655670, 4.24604, 18.8048, -0.416298
0, 1585296680.755732, -0.272569, 4.16204, 0.0440721
1, 1585296680.755732, 3.75621, 4.41867, -0.393187
2, 1585296680.755732, 3.51568, 8.59427, -0.301839
3, 1585296680.755732, 4.19157, 18.8205, -0.403533
0, 1585296680.855836, -0.297315, 4.16086, 0.0510266
1, 1585296680.855836, 3.73017, 4.44207, -0.383006
2, 1585296680.855836, 3.46454, 8.61606, -0.28775
3, 1585296680.855836, 4.07917, 18.8462, -0.378937
0, 1585296680.955965, -0.322783, 4.15906, 0.0594587
1, 1585296680.955965, 3.70367, 4.46474, -0.367591
2, 1585296680.955965, 3.41348, 8.63689, -0.263844
3, 1585296680.955965, 3.96841, 18.8706, -0.332215
0, 1585296681.056000, -0.350384, 4.15162, 0.0644242
1, 1585296681.056000, 3.67475, 4.48094, -0.357456
2, 1585296681.056000, 3.36053, 8.65122, -0.248402
3, 1585296681.056000, 3.8569, 18.8881, -0.302258
0, 1585296681.156083, -0.362101, 4.14855, 0.0686115
1, 1585296681.156083, 3.662, 4.49169, -0.352048
2, 1585296681.156083, 3.33371, 8.66082, -0.24046
3, 1585296681.156083, 3.7956, 18.8993, -0.287777
0, 1585296681.256146, -0.374513, 4.14207, 0.0725862
1, 1585296681.256146, 3.64821, 4.49906, -0.349744
2, 1585296681.256146, 3.30584, 8.66699, -0.236014
3, 1585296681.256146, 3.733, 18.907, -0.278649
0, 1585296681.356235, -0.385696, 4.14218, 0.0708296
1, 1585296681.356235, 3.6356, 4.51044, -0.355419
2, 1585296681.356235, 3.28146, 8.67743, -0.243081
3, 1585296681.356235, 3.6794, 18.9186, -0.290323
0, 1585296681.456314, -0.397806, 4.14234, 0.0684245
1, 1585296681.456314, 3.62214, 4.52032, -0.362022
2, 1585296681.456314, 3.25775, 8.68649, -0.25207
3, 1585296681.456314, 3.63018, 18.9286, -0.306424
0, 1585296681.556394, -0.385152, 4.14205, 0.0635934
1, 1585296681.556394, 3.63422, 4.51689, -0.374904
2, 1585296681.556394, 3.2727, 8.68343, -0.269659
3, 1585296681.556394, 3.65158, 18.9252, -0.337973
0, 1585296681.656478, -0.371207, 4.14419, 0.0547964
1, 1585296681.656478, 3.64796, 4.50904, -0.393828
2, 1585296681.656478, 3.29645, 8.67655, -0.293212
3, 1585296681.656478, 3.69911, 18.9173, -0.37594
0, 1585296681.756580, -0.347099, 4.14792, 0.0461575
1, 1585296681.756580, 3.67223, 4.49324, -0.41628
2, 1585296681.756580, 3.34007, 8.66256, -0.325193
3, 1585296681.756580, 3.78922, 18.9011, -0.435394
0, 1585296681.856691, -0.317356, 4.15639, 0.0358418
1, 1585296681.856691, 3.70286, 4.47443, -0.438285
2, 1585296681.856691, 3.39832, 8.646, -0.354292
3, 1585296681.856691, 3.91433, 18.8812, -0.48538
0, 1585296681.956779, -0.281183, 4.16461, 0.0306252
1, 1585296681.956779, 3.73987, 4.44661, -0.458988
2, 1585296681.956779, 3.47221, 8.62083, -0.380781
3, 1585296681.956779, 4.07739, 18.8509, -0.530765
0, 1585296682.056814, -0.228934, 4.19132, 0.0191575
1, 1585296682.056814, 3.79454, 4.4173, -0.47954
2, 1585296682.056814, 3.584, 8.59494, -0.410654
3, 1585296682.056814, 4.32831, 18.8154, -0.586122
0, 1585296682.156925, -0.15994, 4.21213, 0.00943881
1, 1585296682.156925, 3.86655, 4.36711, -0.49205
2, 1585296682.156925, 3.72893, 8.5479, -0.429792
3, 1585296682.156925, 4.65124, 18.7535, -0.622233
0, 1585296682.257026, -0.0673455, 4.18148, 0.00660192
1, 1585296682.257026, 3.96286, 4.26644, -0.48159
2, 1585296682.257026, 3.89769, 8.449, -0.419969
3, 1585296682.257026, 4.99778, 18.637, -0.609806
0, 1585296682.357092, 0.0174857, 4.14995, 0.0165957
1, 1585296682.357092, 4.05014, 4.16428, -0.458335
2, 1585296682.357092, 4.05834, 8.3473, -0.394241
3, 1585296682.357092, 5.33808, 18.5145, -0.573928
0, 1585296682.457196, 0.0879435, 4.15067, 0.0188903
1, 1585296682.457196, 4.12178, 4.09613, -0.442965
2, 1585296682.457196, 4.20133, 8.27838, -0.377512
3, 1585296682.457196, 5.6554, 18.4223, -0.549812
0, 1585296682.557352, 0.159516, 4.14728, 0.0217401
1, 1585296682.557352, 4.19349, 4.02757, -0.426372
2, 1585296682.557352, 4.34102, 8.20787, -0.354724
3, 1585296682.557352, 5.96092, 18.3269, -0.507676
0, 1585296682.657389, 0.222402, 4.14213, 0.0276996
1, 1585296682.657389, 4.2553, 3.96194, -0.409789
2, 1585296682.657389, 4.46558, 8.1395, -0.334974
3, 1585296682.657389, 6.23813, 18.2331, -0.476909
0, 1585296682.757461, 0.283309, 4.14569, 0.0285966
1, 1585296682.757461, 4.31371, 3.90477, -0.402569
2, 1585296682.757461, 4.58696, 8.07865, -0.325684
3, 1585296682.757461, 6.51199, 18.1443, -0.460611
0, 1585296682.857533, 0.34435, 4.16488, 0.0258393
1, 1585296682.857533, 4.37003, 3.85352, -0.404353
2, 1585296682.857533, 4.71606, 8.02202, -0.328806
3, 1585296682.857533, 6.81649, 18.0525, -0.466682
0, 1585296682.957642, 0.428772, 4.18848, 0.022607
1, 1585296682.957642, 4.44665, 3.78581, -0.404721
2, 1585296682.957642, 4.88674, 7.9455, -0.332981
3, 1585296682.957642, 7.21338, 17.9259, -0.479207
0, 1585296683.057690, 0.532561, 4.14659, 0.0239251
1, 1585296683.057690, 4.54139, 3.65572, -0.396126
2, 1585296683.057690, 5.07271, 7.80472, -0.322928
3, 1585296683.057690, 7.6185, 17.7315, -0.463336
0, 1585296683.157812, 0.620404, 4.09837, 0.0284082
1, 1585296683.157812, 4.62043, 3.53169, -0.380017
2, 1585296683.157812, 5.23028, 7.66979, -0.30197
3, 1585296683.157812, 7.96468, 17.5465, -0.426957
0, 1585296683.257852, 0.690208, 4.0821, 0.0329666
1, 1585296683.257852, 4.68225, 3.45629, -0.367112
2, 1585296683.257852, 5.35307, 7.58492, -0.288129
3, 1585296683.257852, 8.2335, 17.4201, -0.408224
0, 1585296683.357985, 0.751338, 4.07256, 0.0343911
1, 1585296683.357985, 4.73462, 3.38792, -0.356497
2, 1585296683.357985, 5.46616, 7.50618, -0.275175
3, 1585296683.357985, 8.4918, 17.2978, -0.386711
0, 1585296683.458035, 0.809356, 4.06798, 0.0275804
1, 1585296683.458035, 4.78336, 3.3265, -0.353955
2, 1585296683.458035, 5.57298, 7.43408, -0.276212
3, 1585296683.458035, 8.73723, 17.1817, -0.393509
0, 1585296683.558125, 0.867253, 4.06313, 0.023623
1, 1585296683.558125, 4.83198, 3.26868, -0.347746
2, 1585296683.558125, 5.67581, 7.3655, -0.271714
3, 1585296683.558125, 8.9693, 17.0702, -0.389982
0, 1585296683.658202, 0.90762, 4.05636, 0.0324832
1, 1585296683.658202, 4.86538, 3.22348, -0.328857
2, 1585296683.658202, 5.74925, 7.31168, -0.244263
3, 1585296683.658202, 9.13838, 16.9837, -0.338583
0, 1585296683.758291, 0.94054, 4.05247, 0.0480512
1, 1585296683.758291, 4.8919, 3.18519, -0.302213
2, 1585296683.758291, 5.81197, 7.26508, -0.20366
3, 1585296683.758291, 9.28769, 16.9066, -0.260589
0, 1585296683.858424, 0.962952, 4.05377, 0.0545203
1, 1585296683.858424, 4.90714, 3.15028, -0.284921
2, 1585296683.858424, 5.86426, 7.2216, -0.184546
3, 1585296683.858424, 9.42824, 16.8309, -0.23365
0, 1585296683.958444, 1.01636, 4.01362, 0.0472847
1, 1585296683.958444, 4.94871, 3.06042, -0.293463
2, 1585296683.958444, 5.95673, 7.11959, -0.199332
3, 1585296683.958444, 9.64054, 16.6835, -0.264017
0, 1585296684.058579, 1.09583, 3.9868, 0.042776
1, 1585296684.058579, 5.01236, 2.97163, -0.30128
2, 1585296684.058579, 6.08447, 7.01434, -0.207292
3, 1585296684.058579, 9.91894, 16.5188, -0.273363
0, 1585296684.158719, 1.1654, 3.96396, 0.051603
1, 1585296684.158719, 5.06392, 2.88132, -0.291252
2, 1585296684.158719, 6.20593, 6.90476, -0.193105
3, 1585296684.158719, 10.2047, 16.3413, -0.248694
0, 1585296684.258733, 1.23354, 3.94732, 0.0365815
1, 1585296684.258733, 5.11299, 2.80052, -0.313817
2, 1585296684.258733, 6.32104, 6.80478, -0.222813
3, 1585296684.258733, 10.4738, 16.1745, -0.298124
0, 1585296684.358829, 1.30437, 3.94068, 0.00978431
1, 1585296684.358829, 5.16325, 2.73209, -0.359586
2, 1585296684.358829, 6.43389, 6.71745, -0.294556
3, 1585296684.358829, 10.7311, 16.0209, -0.438927
0, 1585296684.458959, 1.39814, 3.9582, 0.00618696
1, 1585296684.458959, 5.24191, 2.68849, -0.31221
2, 1585296684.458959, 6.57404, 6.65357, -0.238914
3, 1585296684.458959, 11.0183, 15.8882, -0.347203
0, 1585296684.558984, 1.43114, 3.94003, -0.0693539
1, 1585296684.558984, 5.24487, 2.60265, -0.463029
2, 1585296684.558984, 6.64248, 6.54578, -0.47813
3, 1585296684.558984, 11.2318, 15.7033, -0.824769
0, 1585296684.659073, 1.54966, 3.97403, -0.0746299
1, 1585296684.659073, 5.33843, 2.55677, -0.427821
2, 1585296684.659073, 6.81924, 6.46944, -0.420385
3, 1585296684.659073, 11.6049, 15.5282, -0.699591
0, 1585296684.759198, 1.59775, 3.87521, -0.0745108
1, 1585296684.759198, 5.352, 2.37902, -0.46834
2, 1585296684.759198, 6.91383, 6.26003, -0.483233
3, 1585296684.759198, 11.8833, 15.2169, -0.829413
0, 1585296684.859252, 1.69512, 3.78441, -0.0676489
1, 1585296684.859252, 5.41072, 2.19074, -0.445308
2, 1585296684.859252, 7.07283, 6.02989, -0.459063
3, 1585296684.859252, 12.2745, 14.8543, -0.797412
0, 1585296684.959384, 1.79845, 3.71717, -0.0743735
1, 1585296684.959384, 5.46835, 2.01943, -0.445402
2, 1585296684.959384, 7.23712, 5.81058, -0.466389
3, 1585296684.959384, 12.6836, 14.4854, -0.820222
0, 1585296685.059429, 1.90608, 3.66069, -0.077537
1, 1585296685.059429, 5.52334, 1.85329, -0.447436
2, 1585296685.059429, 7.40503, 5.58966, -0.472237
3, 1585296685.059429, 13.1092, 14.0969, -0.834979
0, 1585296685.159545, 1.99926, 3.60817, -0.0804518
1, 1585296685.159545, 5.57018, 1.71127, -0.452442
2, 1585296685.159545, 7.544, 5.39977, -0.481866
3, 1585296685.159545, 13.4572, 13.7625, -0.856492
0, 1585296685.259619, 2.09427, 3.55588, -0.0987358
1, 1585296685.259619, 5.61661, 1.5707, -0.473362
2, 1585296685.259619, 7.68038, 5.20947, -0.518439
3, 1585296685.259619, 13.7964, 13.4232, -0.931903
0, 1585296685.359708, 2.17963, 3.51146, -0.121551
1, 1585296685.359708, 5.65531, 1.44301, -0.481128
2, 1585296685.359708, 7.80258, 5.03277, -0.54941
3, 1585296685.359708, 14.1068, 13.1001, -1.0145
0, 1585296685.459803, 2.29003, 3.49481, -0.129732
1, 1585296685.459803, 5.70592, 1.32991, -0.494541
2, 1585296685.459803, 7.95207, 4.85842, -0.573555
3, 1585296685.459803, 14.4772, 12.7465, -1.06634
0, 1585296685.559812, 2.38723, 3.45305, -0.10902
1, 1585296685.559812, 5.72874, 1.17407, -0.467781
2, 1585296685.559812, 8.09477, 4.62387, -0.519347
3, 1585296685.559812, 14.8885, 12.2859, -0.943591
0, 1585296685.659969, 2.47827, 3.32, -0.0996688
1, 1585296685.659969, 5.75156, 0.94222, -0.445862
2, 1585296685.659969, 8.21922, 4.3201, -0.495128
3, 1585296685.659969, 15.2389, 11.7763, -0.909843
0, 1585296685.760112, 2.61551, 3.17605, -0.116302
1, 1585296685.760112, 5.80788, 0.689823, -0.456274
2, 1585296685.760112, 8.38572, 3.98404, -0.524998
3, 1585296685.760112, 15.6472, 11.2022, -0.985011
0, 1585296685.860106, 2.73428, 3.06813, -0.123209
1, 1585296685.860106, 5.83156, 0.464485, -0.463743
2, 1585296685.860106, 8.52998, 3.6605, -0.540393
3, 1585296685.860106, 16.0542, 10.6031, -1.01983
0, 1585296685.960216, 2.82886, 2.98107, -0.134673
1, 1585296685.960216, 5.83593, 0.273041, -0.46968
2, 1585296685.960216, 8.64088, 3.37564, -0.558748
3, 1585296685.960216, 16.3952, 10.058, -1.0666
0, 1585296686.060286, 2.92574, 2.88885, -0.144084
1, 1585296686.060286, 5.84778, 0.0886203, -0.473478
2, 1585296686.060286, 8.7469, 3.10311, -0.572128
3, 1585296686.060286, 16.7031, 9.54216, -1.10148
0, 1585296686.160372, 3.0208, 2.81453, -0.145699
1, 1585296686.160372, 5.86414, -0.0673116, -0.459526
2, 1585296686.160372, 8.84697, 2.86446, -0.556017
3, 1585296686.160372, 16.9822, 9.07659, -1.07523
0, 1585296686.260478, 3.14353, 2.75031, -0.0670001
1, 1585296686.260478, 5.90777, -0.214276, -0.308433
2, 1585296686.260478, 8.97556, 2.62957, -0.363469
3, 1585296686.260478, 17.2958, 8.60106, -0.759251
0, 1585296686.360543, 3.22186, 2.72304, -0.0972822
1, 1585296686.360543, 5.89205, -0.321312, -0.397518
2, 1585296686.360543, 9.04509, 2.42792, -0.440819
3, 1585296686.360543, 17.5414, 8.1469, -0.826611
0, 1585296686.460637, 3.2877, 2.56313, -0.0945149
1, 1585296686.460637, 5.86642, -0.560182, -0.383086
2, 1585296686.460637, 9.09988, 2.09391, -0.431426
3, 1585296686.460637, 17.7628, 7.55648, -0.825789
0, 1585296686.560714, 3.35358, 2.38542, -0.140508
1, 1585296686.560714, 5.82542, -0.823784, -0.421753
2, 1585296686.560714, 9.14439, 1.7213, -0.515313
3, 1585296686.560714, 17.98, 6.89067, -1.01717
0, 1585296686.660814, 3.43933, 2.23556, -0.186307
1, 1585296686.660814, 5.78243, -1.06859, -0.470137
2, 1585296686.660814, 9.19638, 1.34539, -0.609534
3, 1585296686.660814, 18.2203, 6.16549, -1.22347
0, 1585296686.760900, 3.50383, 2.11672, -0.20626
1, 1585296686.760900, 5.72949, -1.2687, -0.477358
2, 1585296686.760900, 9.22462, 1.02417, -0.646713
3, 1585296686.760900, 18.4079, 5.52349, -1.32936
0, 1585296686.860982, 3.59224, 1.99187, -0.255831
1, 1585296686.860982, 5.68129, -1.47983, -0.522814
2, 1585296686.860982, 9.2625, 0.672923, -0.728738
3, 1585296686.860982, 18.6104, 4.80404, -1.49884
0, 1585296686.961042, 3.71528, 1.88675, -0.210946
1, 1585296686.961042, 5.7029, -1.64976, -0.38562
2, 1585296686.961042, 9.35046, 0.391296, -0.562278
3, 1585296686.961042, 18.8306, 4.2279, -1.23225
0, 1585296687.061226, 3.68241, 1.79625, -0.383044
1, 1585296687.061226, 5.5632, -1.79352, -0.636564
2, 1585296687.061226, 9.25762, 0.145996, -0.93879
3, 1585296687.061226, 18.8111, 3.71996, -1.93829
0, 1585296687.161229, 3.83708, 1.75256, -0.348355
1, 1585296687.161229, 5.6255, -1.88721, -0.552657
2, 1585296687.161229, 9.372, -0.047552, -0.837595
3, 1585296687.161229, 19.0245, 3.26674, -1.77965
0, 1585296687.261320, 3.88923, 1.58462, -0.334906
1, 1585296687.261320, 5.56612, -2.10792, -0.538113
2, 1585296687.261320, 9.36819, -0.383453, -0.806901
3, 1585296687.261320, 19.121, 2.63502, -1.70943
0, 1585296687.361544, 3.87687, 1.40756, -0.30136
1, 1585296687.361544, 5.4267, -2.34093, -0.488309
2, 1585296687.361544, 9.28715, -0.748879, -0.741583
3, 1585296687.361544, 19.1424, 1.93027, -1.60134
0, 1585296687.461487, 3.90318, 1.27311, -0.299536
1, 1585296687.461487, 5.34137, -2.51993, -0.4799
2, 1585296687.461487, 9.24751, -1.04337, -0.732151
3, 1585296687.461487, 19.1785, 1.34127, -1.58735
0, 1585296687.561581, 3.93469, 1.18784, -0.290809
1, 1585296687.561581, 5.28248, -2.63857, -0.464457
2, 1585296687.561581, 9.22342, -1.25581, -0.706859
3, 1585296687.561581, 19.2108, 0.890583, -1.53604
0, 1585296687.661709, 3.95646, 1.12762, -0.281284
1, 1585296687.661709, 5.23768, -2.72149, -0.457138
2, 1585296687.661709, 9.20251, -1.40731, -0.691478
3, 1585296687.661709, 19.2271, 0.56571, -1.5018
0, 1585296687.761760, 3.97483, 1.06494, -0.278726
1, 1585296687.761760, 5.19638, -2.80361, -0.452687
2, 1585296687.761760, 9.18141, -1.55113, -0.68222
3, 1585296687.761760, 19.2364, 0.266007, -1.48028
0, 1585296687.861831, 4.00996, 1.0088, -0.26951
1, 1585296687.861831, 5.16876, -2.87933, -0.435836
2, 1585296687.861831, 9.17437, -1.69227, -0.654388
3, 1585296687.861831, 19.2601, -0.0402149, -1.42339
0, 1585296687.961926, 4.02935, 0.96086, -0.284515
1, 1585296687.961926, 5.139, -2.94203, -0.440221
2, 1585296687.961926, 9.15857, -1.80595, -0.673013
3, 1585296687.961926, 19.2621, -0.282923, -1.47321
0, 1585296688.062024, 4.03477, 0.947328, -0.283416
1, 1585296688.062024, 5.13193, -2.95902, -0.44092
2, 1585296688.062024, 9.15488, -1.83561, -0.676844
3, 1585296688.062024, 19.2625, -0.344383, -1.48521
0, 1585296688.162104, 4.0321, 0.93124, -0.278065
1, 1585296688.162104, 5.12266, -2.97689, -0.437136
2, 1585296688.162104, 9.14803, -1.86038, -0.664311
3, 1585296688.162104, 19.2598, -0.386276, -1.45194
0, 1585296688.262191, 4.03134, 0.9304, -0.269698
1, 1585296688.262191, 5.11966, -2.97819, -0.432854
2, 1585296688.262191, 9.14617, -1.86395, -0.65085
3, 1585296688.262191, 19.2604, -0.395203, -1.4175
0, 1585296688.362267, 4.03443, 0.949216, -0.262368
1, 1585296688.362267, 5.13174, -2.95672, -0.428596
2, 1585296688.362267, 9.15598, -1.83317, -0.640644
3, 1585296688.362267, 19.2677, -0.340789, -1.39383
0, 1585296688.462339, 4.03115, 0.97244, -0.263251
1, 1585296688.462339, 5.1507, -2.92715, -0.43038
2, 1585296688.462339, 9.16836, -1.78059, -0.644044
3, 1585296688.462339, 19.2711, -0.230365, -1.40144
0, 1585296688.562437, 4.02615, 1.01918, -0.272944
1, 1585296688.562437, 5.1898, -2.8674, -0.441924
2, 1585296688.562437, 9.1937, -1.6751, -0.663346
3, 1585296688.562437, 19.2766, -0.00976653, -1.44015
0, 1585296688.662616, 3.99833, 1.10164, -0.273111
1, 1585296688.662616, 5.23541, -2.76194, -0.447662
2, 1585296688.662616, 9.21575, -1.49357, -0.671272
3, 1585296688.662616, 19.2645, 0.363811, -1.45514
0, 1585296688.762628, 3.95616, 1.20694, -0.278131
1, 1585296688.762628, 5.30601, -2.61842, -0.458922
2, 1585296688.762628, 9.24696, -1.23333, -0.687607
3, 1585296688.762628, 19.2355, 0.919535, -1.48576
0, 1585296688.862715, 3.89364, 1.34886, -0.299109
1, 1585296688.862715, 5.38397, -2.42373, -0.485099
2, 1585296688.862715, 9.2697, -0.893187, -0.730711
3, 1585296688.862715, 19.1678, 1.62922, -1.57158
0, 1585296688.962873, 3.7672, 1.70571, -0.314739
1, 1585296688.962873, 5.55667, -1.93263, -0.534619
2, 1585296688.962873, 9.30426, -0.0910939, -0.791695
3, 1585296688.962873, 18.9605, 3.2294, -1.67107
0, 1585296689.062874, 3.70011, 1.87755, -0.294171
1, 1585296689.062874, 5.65068, -1.67621, -0.526933
2, 1585296689.062874, 9.31296, 0.331925, -0.765405
3, 1585296689.062874, 18.8135, 4.0842, -1.6037
0, 1585296689.162947, 3.62332, 2.0066, -0.264651
1, 1585296689.162947, 5.69736, -1.47537, -0.514472
2, 1585296689.162947, 9.28835, 0.660666, -0.724097
3, 1585296689.162947, 18.6555, 4.74722, -1.49777
0, 1585296689.263055, 3.5444, 2.13552, -0.234622
1, 1585296689.263055, 5.74189, -1.26947, -0.489929
2, 1585296689.263055, 9.25586, 0.993518, -0.670685
3, 1585296689.263055, 18.476, 5.4133, -1.37603
0, 1585296689.363133, 3.45889, 2.24245, -0.193279
1, 1585296689.363133, 5.76242, -1.09093, -0.458632
2, 1585296689.363133, 9.20568, 1.28097, -0.599535
3, 1585296689.363133, 18.2888, 5.989, -1.21132
0, 1585296689.463206, 3.30874, 2.36768, -0.260817
1, 1585296689.463206, 5.72715, -0.879334, -0.571198
2, 1585296689.463206, 9.07872, 1.61659, -0.769049
3, 1585296689.463206, 17.9721, 6.65298, -1.53321
0, 1585296689.563319, 3.28897, 2.5314, -0.172762
1, 1585296689.563319, 5.83793, -0.620129, -0.41518
2, 1585296689.563319, 9.09522, 2.00287, -0.523852
3, 1585296689.563319, 17.8059, 7.37772, -1.05017
0, 1585296689.663410, 3.12519, 2.65715, -0.239577
1, 1585296689.663410, 5.8074, -0.375179, -0.553992
2, 1585296689.663410, 8.93802, 2.39324, -0.745943
3, 1585296689.663410, 17.3782, 8.15871, -1.49705
0, 1585296689.763474, 2.91964, 2.78404, -0.244209
1, 1585296689.763474, 5.86145, 0.00767836, -0.598719
2, 1585296689.763474, 8.72855, 3.04799, -0.793711
3, 1585296689.763474, 16.6094, 9.55488, -1.56479
0, 1585296689.863556, 2.78373, 2.98132, -0.244079
1, 1585296689.863556, 5.82042, 0.312093, -0.620657
2, 1585296689.863556, 8.57732, 3.45265, -0.816127
3, 1585296689.863556, 16.2197, 10.2371, -1.59529
0, 1585296689.963651, 2.65452, 3.12691, -0.253404
1, 1585296689.963651, 5.7711, 0.55144, -0.63018
2, 1585296689.963651, 8.43032, 3.77469, -0.832712
3, 1585296689.963651, 15.8605, 10.789, -1.62907
0, 1585296690.063713, 2.52713, 3.23476, -0.271944
1, 1585296690.063713, 5.73729, 0.776321, -0.644833
2, 1585296690.063713, 8.27343, 4.09608, -0.866378
3, 1585296690.063713, 15.4339, 11.3804, -1.70766
0, 1585296690.163852, 2.38373, 3.31849, -0.26188
1, 1585296690.163852, 5.68338, 0.982334, -0.639785
2, 1585296690.163852, 8.09446, 4.39479, -0.848608
3, 1585296690.163852, 14.9797, 11.943, -1.66059
0, 1585296690.263964, 2.22423, 3.41885, -0.2726
1, 1585296690.263964, 5.62083, 1.22744, -0.658529
2, 1585296690.263964, 7.88138, 4.74092, -0.875887
3, 1585296690.263964, 14.4312, 12.5795, -1.7111
0, 1585296690.363995, 2.06463, 3.50473, -0.276252
1, 1585296690.363995, 5.5462, 1.45449, -0.680294
2, 1585296690.363995, 7.66024, 5.05771, -0.902707
3, 1585296690.363995, 13.8804, 13.1586, -1.75585
0, 1585296690.464080, 1.86335, 3.6126, -0.254878
1, 1585296690.464080, 5.44112, 1.74125, -0.685863
2, 1585296690.464080, 7.37199, 5.4468, -0.891834
3, 1585296690.464080, 13.177, 13.8532, -1.71352
0, 1585296690.564173, 1.59377, 3.69225, -0.208953
1, 1585296690.564173, 5.33077, 2.16761, -0.654358
2, 1585296690.564173, 6.9097, 6.03901, -0.799434
3, 1585296690.564173, 11.9109, 14.9592, -1.47784
0, 1585296690.664250, 1.41076, 3.79586, -0.15886
1, 1585296690.664250, 5.20412, 2.41317, -0.590961
2, 1585296690.664250, 6.64061, 6.34098, -0.693755
3, 1585296690.664250, 11.315, 15.444, -1.26536
0, 1585296690.764346, 1.25948, 3.85641, -0.114888
1, 1585296690.764346, 5.0941, 2.59146, -0.543511
2, 1585296690.764346, 6.4128, 6.56119, -0.607457
3, 1585296690.764346, 10.8148, 15.8044, -1.08365
0, 1585296690.864413, 1.12655, 3.89019, -0.0606293
1, 1585296690.864413, 5.00228, 2.75011, -0.469318
2, 1585296690.864413, 6.19602, 6.75967, -0.486972
3, 1585296690.864413, 10.3089, 16.1404, -0.844512
0, 1585296690.964536, 0.981646, 3.92706, -0.0481904
1, 1585296690.964536, 4.89307, 2.91874, -0.463108
2, 1585296690.964536, 5.95316, 6.96571, -0.455353
3, 1585296690.964536, 9.75267, 16.4798, -0.753131
0, 1585296691.064584, 0.83913, 3.95186, -0.0399212
1, 1585296691.064584, 4.77964, 3.07797, -0.483506
2, 1585296691.064584, 5.70153, 7.15864, -0.474361
3, 1585296691.064584, 9.17321, 16.797, -0.777734
0, 1585296691.164699, 0.680489, 3.97202, -0.036175
1, 1585296691.164699, 4.64559, 3.24385, -0.521819
2, 1585296691.164699, 5.41662, 7.3557, -0.520808
3, 1585296691.164699, 8.52757, 17.1154, -0.857082
0, 1585296691.264781, 0.445433, 3.8918, -0.0487746
1, 1585296691.264781, 4.44719, 3.43676, -0.565488
2, 1585296691.264781, 4.93458, 7.59178, -0.571053
3, 1585296691.264781, 7.36661, 17.5415, -0.932994
0, 1585296691.364830, 0.288503, 4.01468, -0.0438767
1, 1585296691.364830, 4.30308, 3.70591, -0.569169
2, 1585296691.364830, 4.64046, 7.87579, -0.561031
3, 1585296691.364830, 6.71177, 17.9078, -0.892368
0, 1585296691.464941, 0.175328, 4.06227, -0.0276779
1, 1585296691.464941, 4.19789, 3.84223, -0.536245
2, 1585296691.464941, 4.44436, 8.01843, -0.516846
3, 1585296691.464941, 6.29815, 18.094, -0.815611
0, 1585296691.565037, 0.072544, 4.08162, -0.018854
1, 1585296691.565037, 4.10416, 3.95067, -0.484725
2, 1585296691.565037, 4.25876, 8.13123, -0.456306
3, 1585296691.565037, 5.89423, 18.2455, -0.719829
0, 1585296691.665112, 0.00910582, 4.08007, 0.0238867
1, 1585296691.665112, 4.04411, 4.01281, -0.425915
2, 1585296691.665112, 4.13693, 8.19475, -0.357744
3, 1585296691.665112, 5.62416, 18.334, -0.519673
0, 1585296691.765195, -0.110434, 4.0917, 0.0375637
1, 1585296691.765195, 3.92591, 4.12626, -0.403794
2, 1585296691.765195, 3.91484, 8.30891, -0.31933
3, 1585296691.765195, 5.15046, 18.4825, -0.439031
0, 1585296691.865414, -0.247917, 4.08028, 0.0529234
1, 1585296691.865414, 3.78583, 4.23902, -0.384991
2, 1585296691.865414, 3.64743, 8.41911, -0.287535
3, 1585296691.865414, 4.57299, 18.6259, -0.37459
0, 1585296691.965360, -0.402029, 4.06193, 0.0562013
1, 1585296691.965360, 3.62124, 4.37493, -0.394868
2, 1585296691.965360, 3.32335, 8.54665, -0.295781
3, 1585296691.965360, 3.85749, 18.7814, -0.382987
0, 1585296692.065469, -0.590387, 3.93836, 0.059485
1, 1585296692.065469, 3.40701, 4.46827, -0.418161
2, 1585296692.065469, 2.88492, 8.6178, -0.314877
3, 1585296692.065469, 2.86496, 18.8664, -0.400191
0, 1585296692.165643, -0.745497, 4.00662, 0.0711903
1, 1585296692.165643, 3.23019, 4.67837, -0.409148
2, 1585296692.165643, 2.56301, 8.80658, -0.288334
3, 1585296692.165643, 2.18342, 19.0485, -0.331891
0, 1585296692.265654, -0.865888, 4.01819, 0.0911984
1, 1585296692.265654, 3.09215, 4.7932, -0.379295
2, 1585296692.265654, 2.31996, 8.90246, -0.239564
3, 1585296692.265654, 1.67995, 19.1315, -0.234071
0, 1585296692.365725, -0.956036, 4.00533, 0.107596
1, 1585296692.365725, 2.98471, 4.86576, -0.359643
2, 1585296692.365725, 2.12618, 8.95713, -0.200135
3, 1585296692.365725, 1.27092, 19.1702, -0.145559
0, 1585296692.465803, -1.03173, 3.98178, 0.121576
1, 1585296692.465803, 2.89148, 4.92121, -0.340969
2, 1585296692.465803, 1.95224, 8.99435, -0.170162
3, 1585296692.465803, 0.895415, 19.1884, -0.0866591
0, 1585296692.565901, -1.08501, 3.95125, 0.13498
1, 1585296692.565901, 2.8253, 4.94767, -0.317513
2, 1585296692.565901, 1.8276, 9.00658, -0.139676
3, 1585296692.565901, 0.625021, 19.1843, -0.035942
0, 1585296692.665966, -1.10163, 3.93733, 0.14084
1, 1585296692.665966, 2.80651, 4.94836, -0.297787
2, 1585296692.665966, 1.79426, 9.00335, -0.112836
3, 1585296692.665966, 0.556188, 19.1765, 0.0125273
0, 1585296692.766078, -1.1183, 3.93555, 0.138627
1, 1585296692.766078, 2.78694, 4.95936, -0.296089
2, 1585296692.766078, 1.76119, 9.01103, -0.112659
3, 1585296692.766078, 0.489576, 19.1801, 0.0102306
0, 1585296692.866168, -1.13039, 3.93106, 0.13992
1, 1585296692.866168, 2.77184, 4.9667, -0.293867
2, 1585296692.866168, 1.7339, 9.01522, -0.109539
3, 1585296692.866168, 0.431762, 19.1804, 0.0158222
0, 1585296692.966257, -1.13459, 3.93181, 0.143368
1, 1585296692.966257, 2.76683, 4.96993, -0.291757
2, 1585296692.966257, 1.72641, 9.01779, -0.106911
3, 1585296692.966257, 0.41789, 19.1821, 0.0192909
0, 1585296693.066335, -1.11506, 3.93595, 0.135192
1, 1585296693.066335, 2.78815, 4.96277, -0.310599
2, 1585296693.066335, 1.75925, 9.01372, -0.128917
3, 1585296693.066335, 0.478862, 19.1818, -0.0137391
0, 1585296693.166403, -1.06718, 3.94236, 0.116965
1, 1585296693.166403, 2.84249, 4.93622, -0.346546
2, 1585296693.166403, 1.84627, 8.99597, -0.17975
3, 1585296693.166403, 0.64671, 19.1743, -0.106298
0, 1585296693.266488, -1.00731, 3.95052, 0.105539
1, 1585296693.266488, 2.91281, 4.89549, -0.371808
2, 1585296693.266488, 1.9661, 8.96752, -0.216467
3, 1585296693.266488, 0.889649, 19.1598, -0.175178
0, 1585296693.366596, -0.910604, 3.96523, 0.0987862
1, 1585296693.366596, 3.02861, 4.82264, -0.386554
2, 1585296693.366596, 2.17162, 8.91488, -0.241784
3, 1585296693.366596, 1.31894, 19.1283, -0.228686
0, 1585296693.466706, -0.791842, 3.99814, 0.0818518
1, 1585296693.466706, 3.16961, 4.73488, -0.420372
2, 1585296693.466706, 2.43616, 8.85158, -0.291304
3, 1585296693.466706, 1.89003, 19.086, -0.321635
0, 1585296693.566740, -0.635423, 4.03147, 0.0597997
1, 1585296693.566740, 3.35006, 4.62533, -0.441538
2, 1585296693.566740, 2.76243, 8.76595, -0.333118
3, 1585296693.566740, 2.57834, 19.013, -0.413349
0, 1585296693.666842, -0.379889, 4.16539, 0.0313052
1, 1585296693.666842, 3.64117, 4.44069, -0.462069
2, 1585296693.666842, 3.38014, 8.61538, -0.386874
3, 1585296693.666842, 4.00126, 18.8443, -0.545352
0, 1585296693.766982, -0.156621, 4.07757, 0.0221599
1, 1585296693.766982, 3.87449, 4.15947, -0.459025
2, 1585296693.766982, 3.81278, 8.34203, -0.394199
3, 1585296693.766982, 4.92189, 18.5293, -0.574062
0, 1585296693.866994, -0.00411713, 4.05024, 0.0131062
1, 1585296693.866994, 4.0281, 4.01784, -0.464674
2, 1585296693.866994, 4.08447, 8.20053, -0.403645
3, 1585296693.866994, 5.48096, 18.3522, -0.591669
0, 1585296693.967078, 0.129757, 4.03743, -0.00241188
1, 1585296693.967078, 4.15807, 3.89696, -0.493385
2, 1585296693.967078, 4.32515, 8.07687, -0.445957
3, 1585296693.967078, 5.98876, 18.1874, -0.671143
0, 1585296694.067183, 0.252521, 4.02877, -0.0397795
1, 1585296694.067183, 4.27245, 3.77545, -0.553727
2, 1585296694.067183, 4.55255, 7.94956, -0.541998
3, 1585296694.067183, 6.48695, 18.0093, -0.861073
0, 1585296694.167257, 0.39735, 4.00785, -0.059945
1, 1585296694.167257, 4.40422, 3.62257, -0.593454
2, 1585296694.167257, 4.81909, 7.78546, -0.601208
3, 1585296694.167257, 7.07577, 17.776, -0.973706
0, 1585296694.267350, 0.568186, 3.99156, -0.0404538
1, 1585296694.267350, 4.55863, 3.45457, -0.565914
2, 1585296694.267350, 5.1327, 7.59851, -0.56031
3, 1585296694.267350, 7.77138, 17.4963, -0.897855
0, 1585296694.367464, 0.753557, 3.95432, -0.0331279
1, 1585296694.367464, 4.71962, 3.24708, -0.541301
2, 1585296694.367464, 5.47082, 7.36259, -0.529341
3, 1585296694.367464, 8.53297, 17.1383, -0.846055
0, 1585296694.467548, 0.964943, 3.9111, -0.0464443
1, 1585296694.467548, 4.89209, 3.00378, -0.538755
2, 1585296694.467548, 5.84898, 7.0764, -0.538504
3, 1585296694.467548, 9.3992, 16.6849, -0.878705
0, 1585296694.567636, 1.24067, 3.90953, -0.0709442
1, 1585296694.567636, 5.08047, 2.67046, -0.527876
2, 1585296694.567636, 6.3773, 6.64783, -0.552441
3, 1585296694.567636, 10.7271, 15.9198, -0.941861
0, 1585296694.667697, 1.39181, 3.80334, -0.0807797
1, 1585296694.667697, 5.19259, 2.44166, -0.514343
2, 1585296694.667697, 6.61489, 6.37585, -0.546285
3, 1585296694.667697, 11.2581, 15.504, -0.946313
0, 1585296694.767763, 1.52753, 3.71911, -0.0937606
1, 1585296694.767763, 5.28875, 2.24773, -0.51373
2, 1585296694.767763, 6.8228, 6.13957, -0.559106
3, 1585296694.767763, 11.7254, 15.1297, -0.987502
0, 1585296694.867866, 1.65818, 3.65419, -0.123732
1, 1585296694.867866, 5.37301, 2.06686, -0.534179
2, 1585296694.867866, 7.02338, 5.91027, -0.61341
3, 1585296694.867866, 12.1937, 14.745, -1.12103
0, 1585296694.967964, 1.78799, 3.59872, -0.166684
1, 1585296694.967964, 5.44895, 1.89251, -0.584268
2, 1585296694.967964, 7.21844, 5.68154, -0.702642
3, 1585296694.967964, 12.6601, 14.3455, -1.30753
0, 1585296695.068161, 1.94111, 3.52015, -0.180745
1, 1585296695.068161, 5.53579, 1.67626, -0.588752
2, 1585296695.068161, 7.44565, 5.39588, -0.725546
3, 1585296695.068161, 13.2074, 13.8473, -1.37215
0, 1585296695.168140, 2.11028, 3.42831, -0.194138
1, 1585296695.168140, 5.62329, 1.43242, -0.598246
2, 1585296695.168140, 7.68996, 5.0671, -0.738808
3, 1585296695.168140, 13.8068, 13.2645, -1.39333
0, 1585296695.268208, 2.29223, 3.29299, -0.205027
1, 1585296695.268208, 5.69911, 1.11758, -0.59087
2, 1585296695.268208, 7.94964, 4.64078, -0.745643
3, 1585296695.268208, 14.4799, 12.5104, -1.42894
0, 1585296695.368414, 2.48479, 3.16765, -0.222359
1, 1585296695.368414, 5.76482, 0.801898, -0.58661
2, 1585296695.368414, 8.20999, 4.19208, -0.758763
3, 1585296695.368414, 15.1733, 11.678, -1.47747
0, 1585296695.468378, 2.68491, 3.12917, -0.23107
1, 1585296695.468378, 5.801, 0.549422, -0.58185
2, 1585296695.468378, 8.46639, 3.76899, -0.760451
3, 1585296695.468378, 15.913, 10.773, -1.49058
0, 1585296695.568481, 2.77279, 2.98943, -0.216826
1, 1585296695.568481, 5.81614, 0.323729, -0.563386
2, 1585296695.568481, 8.57162, 3.46736, -0.726938
3, 1585296695.568481, 16.2146, 10.2605, -1.41922
0, 1585296695.668557, 2.86725, 2.86498, -0.226001
1, 1585296695.668557, 5.83875, 0.118636, -0.566447
2, 1585296695.668557, 8.67626, 3.18776, -0.742058
3, 1585296695.668557, 16.4957, 9.77417, -1.46169
0, 1585296695.768639, 2.94286, 2.79715, -0.249096
1, 1585296695.768639, 5.84654, -0.0189428, -0.604542
2, 1585296695.768639, 8.75458, 2.98214, -0.801132
3, 1585296695.768639, 16.7227, 9.38133, -1.57638
0, 1585296695.868749, 3.02502, 2.70695, -0.263711
1, 1585296695.868749, 5.84614, -0.193086, -0.608927
2, 1585296695.868749, 8.83908, 2.72218, -0.821852
3, 1585296695.868749, 16.9872, 8.88595, -1.63353
0, 1585296695.968831, 3.12934, 2.59866, -0.25547
1, 1585296695.968831, 5.85415, -0.391612, -0.604487
2, 1585296695.968831, 8.94124, 2.42438, -0.809134
3, 1585296695.968831, 17.2877, 8.31929, -1.60192
0, 1585296696.068952, 3.23871, 2.46531, -0.266469
1, 1585296696.068952, 5.84263, -0.631827, -0.606238
2, 1585296696.068952, 9.03857, 2.05891, -0.824664
3, 1585296696.068952, 17.611, 7.61563, -1.64798
0, 1585296696.168996, 3.35142, 2.29793, -0.302081
1, 1585296696.168996, 5.8116, -0.919196, -0.594885
2, 1585296696.168996, 9.12779, 1.61951, -0.83909
3, 1585296696.168996, 17.9473, 6.76723, -1.7102
0, 1585296696.269082, 3.54542, 2.23038, -0.35819
1, 1585296696.269082, 5.8167, -1.12583, -0.613727
2, 1585296696.269082, 9.27116, 1.21563, -0.907176
3, 1585296696.269082, 18.3659, 5.83838, -1.88602
0, 1585296696.369139, 3.56608, 2.04294, -0.37403
1, 1585296696.369139, 5.71993, -1.39075, -0.616569
2, 1585296696.369139, 9.25103, 0.828967, -0.942074
3, 1585296696.369139, 18.4938, 5.13075, -1.99458
0, 1585296696.469263, 3.61972, 1.87125, -0.40871
1, 1585296696.469263, 5.65621, -1.63477, -0.629236
2, 1585296696.469263, 9.25767, 0.462299, -0.994757
3, 1585296696.469263, 18.6331, 4.44205, -2.13737
0, 1585296696.569316, 3.69871, 1.74894, -0.454644
1, 1585296696.569316, 5.62722, -1.81856, -0.659297
2, 1585296696.569316, 9.28814, 0.165947, -1.06086
3, 1585296696.569316, 18.7726, 3.85195, -2.28585
0, 1585296696.669427, 3.75521, 1.63824, -0.475349
1, 1585296696.669427, 5.57799, -1.98578, -0.65447
2, 1585296696.669427, 9.29397, -0.112752, -1.08468
3, 1585296696.669427, 18.878, 3.2835, -2.37105
0, 1585296696.769537, 3.81697, 1.52377, -0.478254
1, 1585296696.769537, 5.52704, -2.15519, -0.648487
2, 1585296696.769537, 9.29974, -0.398745, -1.07683
3, 1585296696.769537, 18.9859, 2.6972, -2.3559
0, 1585296696.869606, 3.87411, 1.399, -0.473674
1, 1585296696.869606, 5.46389, -2.33423, -0.627613
2, 1585296696.869606, 9.29261, -0.702968, -1.05394
3, 1585296696.869606, 19.0769, 2.07171, -2.32295
