0, 1585296676.952433, 2.04115, 3.43053, 0.0609148
1, 1585296676.952433, 5.43488, 1.01421, 0.00310861
2, 1585296676.952433, 7.83702, 4.45279, 0.147897
3, 1585296676.952433, 14.7443, 12.0318, 0.263147
0, 1585296677.052518, 2.04115, 3.43053, 0.0609148
1, 1585296677.052518, 5.43488, 1.01421, 0.00310861
2, 1585296677.052518, 7.83702, 4.45279, 0.147897
3, 1585296677.052518, 14.7443, 12.0318, 0.263147
0, 1585296677.152596, 2.19347, 3.6498, -0.0504016
1, 1585296677.152596, 5.78093, 1.57384, -0.474476
2, 1585296677.152596, 7.84397, 5.2285, -0.523949
3, 1585296677.152596, 13.968, 13.4407, -0.995344
0, 1585296677.252711, 2.14386, 3.6815, -0.0278185
1, 1585296677.252711, 5.76055, 1.65756, -0.455114
2, 1585296677.252711, 7.77303, 5.34055, -0.480295
3, 1585296677.252711, 13.7841, 13.6388, -0.893793
0, 1585296677.352838, 2.09542, 3.72318, -0.0117031
1, 1585296677.352838, 5.73587, 1.74018, -0.42908
2, 1585296677.352838, 7.70795, 5.44504, -0.43523
3, 1585296677.352838, 13.6294, 13.8098, -0.799473
0, 1585296677.452924, 2.05923, 3.7702, -0.0384002
1, 1585296677.452924, 5.71692, 1.82286, -0.47265
2, 1585296677.452924, 7.65201, 5.54711, -0.494572
3, 1585296677.452924, 13.488, 13.9697, -0.902339
0, 1585296677.552986, 2.00798, 3.79411, -0.0920172
1, 1585296677.552986, 5.68471, 1.89148, -0.562102
2, 1585296677.552986, 7.56987, 5.64049, -0.640551
3, 1585296677.552986, 13.2876, 14.1354, -1.19657
0, 1585296677.653052, 1.96578, 3.83066, -0.168235
1, 1585296677.653052, 5.66324, 1.97381, -0.658391
2, 1585296677.653052, 7.49408, 5.74754, -0.807073
3, 1585296677.653052, 13.084, 14.3138, -1.53959
0, 1585296677.753179, 1.94437, 3.85026, -0.22886
1, 1585296677.753179, 5.65313, 2.01924, -0.730671
2, 1585296677.753179, 7.45272, 5.80618, -0.919621
3, 1585296677.753179, 12.969, 14.4109, -1.75335
0, 1585296677.853236, 1.90387, 3.85984, -0.193014
1, 1585296677.853236, 5.62815, 2.05776, -0.684535
2, 1585296677.853236, 7.40102, 5.85836, -0.850264
3, 1585296677.853236, 12.8584, 14.5061, -1.62452
0, 1585296677.953302, 1.81524, 3.87265, -0.118123
1, 1585296677.953302, 5.58546, 2.16299, -0.589123
2, 1585296677.953302, 7.27034, 6.00541, -0.699417
3, 1585296677.953302, 12.531, 14.7854, -1.33292
0, 1585296678.053414, 1.70181, 3.92796, -0.0619874
1, 1585296678.053414, 5.52358, 2.33115, -0.513268
2, 1585296678.053414, 7.10048, 6.22046, -0.555447
3, 1585296678.053414, 12.1179, 15.1523, -1.01766
0, 1585296678.153460, 1.54124, 3.9913, -0.0294557
1, 1585296678.153460, 5.41584, 2.52515, -0.473551
2, 1585296678.153460, 6.8613, 6.46534, -0.4993
3, 1585296678.153460, 11.5771, 15.562, -0.919426
0, 1585296678.253580, 1.39398, 4.0589, -0.0339888
1, 1585296678.253580, 5.31446, 2.72773, -0.499999
2, 1585296678.253580, 6.6237, 6.71527, -0.52219
3, 1585296678.253580, 11.0225, 15.9695, -0.940529
0, 1585296678.353622, 1.26731, 4.10023, -0.0451285
1, 1585296678.353622, 5.22779, 2.89787, -0.522953
2, 1585296678.353622, 6.40608, 6.92604, -0.547622
3, 1585296678.353622, 10.4992, 16.319, -0.975659
0, 1585296678.453732, 1.18127, 4.13236, -0.0413558
1, 1585296678.453732, 5.16493, 3.01762, -0.538532
2, 1585296678.453732, 6.25479, 7.07061, -0.561701
3, 1585296678.453732, 10.1397, 16.5515, -0.992137
0, 1585296678.553808, 1.11279, 4.15733, -0.0393493
1, 1585296678.553808, 5.1132, 3.1043, -0.536544
2, 1585296678.553808, 6.14055, 7.1736, -0.557485
3, 1585296678.553808, 9.87912, 16.7134, -0.982524
0, 1585296678.653908, 1.08674, 4.12799, 0.00195793
1, 1585296678.653908, 5.09393, 3.09511, -0.482747
2, 1585296678.653908, 6.10386, 7.16881, -0.473974
3, 1585296678.653908, 9.80335, 16.7269, -0.823057
0, 1585296678.753973, 1.06461, 4.14839, 0.0151446
1, 1585296678.753973, 5.08043, 3.13629, -0.441212
2, 1585296678.753973, 6.06989, 7.21496, -0.41846
3, 1585296678.753973, 9.72406, 16.7919, -0.72479
0, 1585296678.854084, 1.02248, 4.19132, 0.0128958
1, 1585296678.854084, 5.04531, 3.19892, -0.42448
2, 1585296678.854084, 6.01392, 7.28261, -0.404522
3, 1585296678.854084, 9.62061, 16.8775, -0.711698
0, 1585296678.954147, 1.04718, 4.16794, 0.024144
1, 1585296678.954147, 5.06699, 3.15456, -0.392427
2, 1585296678.954147, 6.05696, 7.23308, -0.365325
3, 1585296678.954147, 9.7157, 16.809, -0.648665
0, 1585296679.054288, 1.01417, 4.2004, -0.000594612
1, 1585296679.054288, 5.04031, 3.21496, -0.423049
2, 1585296679.054288, 6.00132, 7.30045, -0.404004
3, 1585296679.054288, 9.59139, 16.9017, -0.708729
0, 1585296679.154333, 0.99845, 4.2017, -0.00392889
1, 1585296679.154333, 5.02759, 3.23741, -0.446133
2, 1585296679.154333, 5.96733, 7.32785, -0.430674
3, 1585296679.154333, 9.50569, 16.9478, -0.750271
0, 1585296679.254422, 0.92334, 4.20635, 0.0170683
1, 1585296679.254422, 4.96892, 3.30548, -0.408472
2, 1585296679.254422, 5.84503, 7.40997, -0.380993
3, 1585296679.254422, 9.2352, 17.0842, -0.666225
0, 1585296679.354510, 0.831057, 4.21606, 0.0285116
1, 1585296679.354510, 4.89598, 3.40666, -0.396487
2, 1585296679.354510, 5.68022, 7.52961, -0.359709
3, 1585296679.354510, 8.85372, 17.2777, -0.622215
0, 1585296679.454623, 0.720082, 4.23434, 0.0302807
1, 1585296679.454623, 4.80548, 3.54001, -0.401966
2, 1585296679.454623, 5.47375, 7.68329, -0.359682
3, 1585296679.454623, 8.372, 17.517, -0.611098
0, 1585296679.554690, 0.594244, 4.23414, 0.0461622
1, 1585296679.554690, 4.69769, 3.65927, -0.390451
2, 1585296679.554690, 5.24648, 7.81988, -0.333107
3, 1585296679.554690, 7.86043, 17.7338, -0.549355
0, 1585296679.654770, 0.445949, 4.24929, 0.064425
1, 1585296679.654770, 4.56689, 3.80859, -0.363368
2, 1585296679.654770, 4.98043, 7.98467, -0.296351
3, 1585296679.654770, 7.27223, 17.9785, -0.486372
0, 1585296679.754847, 0.315249, 4.27992, 0.0802275
1, 1585296679.754847, 4.44653, 3.96648, -0.359828
2, 1585296679.754847, 4.73324, 8.15286, -0.275261
3, 1585296679.754847, 6.72, 18.2124, -0.426538
0, 1585296679.854969, 0.183035, 4.30312, 0.0784942
1, 1585296679.854969, 4.32134, 4.08957, -0.355342
2, 1585296679.854969, 4.50628, 8.28175, -0.274637
3, 1585296679.854969, 6.24865, 18.3864, -0.433338
0, 1585296679.955033, 0.100388, 4.29481, 0.0856882
1, 1585296679.955033, 4.24211, 4.16589, -0.348898
2, 1585296679.955033, 4.34195, 8.36084, -0.262352
3, 1585296679.955033, 5.87887, 18.499, -0.407117
0, 1585296680.055143, 0.0103812, 4.2958, 0.083776
1, 1585296680.055143, 4.15436, 4.25051, -0.346012
2, 1585296680.055143, 4.16872, 8.44676, -0.266098
3, 1585296680.055143, 5.49916, 18.6138, -0.425454
0, 1585296680.155187, -0.0633777, 4.2949, 0.0858702
1, 1585296680.155187, 4.07989, 4.32405, -0.352166
2, 1585296680.155187, 4.01985, 8.51974, -0.264448
3, 1585296680.155187, 5.16913, 18.7091, -0.407449
0, 1585296680.255256, -0.121394, 4.27861, 0.0946017
1, 1585296680.255256, 4.02132, 4.36478, -0.34114
2, 1585296680.255256, 3.90388, 8.55918, -0.249805
3, 1585296680.255256, 4.91383, 18.7634, -0.383311
0, 1585296680.355367, -0.163704, 4.27667, 0.096747
1, 1585296680.355367, 3.97743, 4.40257, -0.344282
2, 1585296680.355367, 3.82016, 8.59561, -0.250172
3, 1585296680.355367, 4.73268, 18.8091, -0.378599
0, 1585296680.455472, -0.224955, 4.28897, 0.0937096
1, 1585296680.455472, 3.91339, 4.46842, -0.354909
2, 1585296680.455472, 3.70182, 8.6591, -0.262759
3, 1585296680.455472, 4.48133, 18.8835, -0.398311
0, 1585296680.555555, -0.2573, 4.2956, 0.0973596
1, 1585296680.555555, 3.8785, 4.5126, -0.358133
2, 1585296680.555555, 3.62983, 8.70107, -0.2585
3, 1585296680.555555, 4.31816, 18.9322, -0.378045
0, 1585296680.655670, -0.288434, 4.29329, 0.0999726
1, 1585296680.655670, 3.84562, 4.53154, -0.360648
2, 1585296680.655670, 3.57527, 8.71873, -0.263333
3, 1585296680.655670, 4.21016, 18.9533, -0.390101
0, 1585296680.755732, -0.302301, 4.29407, 0.102688
1, 1585296680.755732, 3.83134, 4.54864, -0.352904
2, 1585296680.755732, 3.54483, 8.73465, -0.251475
3, 1585296680.755732, 4.14065, 18.9717, -0.36669
0, 1585296680.855836, -0.335921, 4.29213, 0.113851
1, 1585296680.855836, 3.79631, 4.57078, -0.34044
2, 1585296680.855836, 3.48581, 8.75499, -0.235287
3, 1585296680.855836, 4.02303, 18.9954, -0.34106
0, 1585296680.955965, -0.359232, 4.28417, 0.118991
1, 1585296680.955965, 3.77293, 4.59084, -0.317496
2, 1585296680.955965, 3.43437, 8.77273, -0.20661
3, 1585296680.955965, 3.90439, 19.0166, -0.292909
0, 1585296681.056000, -0.393756, 4.27341, 0.124981
1, 1585296681.056000, 3.73646, 4.60491, -0.311773
2, 1585296681.056000, 3.37334, 8.7846, -0.195745
3, 1585296681.056000, 3.78309, 19.0311, -0.269647
0, 1585296681.156083, -0.398188, 4.27905, 0.128934
1, 1585296681.156083, 3.73121, 4.62483, -0.30451
2, 1585296681.156083, 3.35414, 8.80313, -0.183111
3, 1585296681.156083, 3.72995, 19.0511, -0.242945
0, 1585296681.256146, -0.411054, 4.28167, 0.133657
1, 1585296681.256146, 3.71705, 4.63569, -0.305456
2, 1585296681.256146, 3.33178, 8.81323, -0.183868
3, 1585296681.256146, 3.68699, 19.0619, -0.245015
0, 1585296681.356235, -0.432816, 4.30038, 0.126397
1, 1585296681.356235, 3.69382, 4.67343, -0.310746
2, 1585296681.356235, 3.28923, 8.84916, -0.189338
3, 1585296681.356235, 3.59722, 19.0993, -0.250308
0, 1585296681.456314, -0.427348, 4.28745, 0.123647
1, 1585296681.456314, 3.69879, 4.65677, -0.321253
2, 1585296681.456314, 3.29777, 8.83293, -0.20309
3, 1585296681.456314, 3.61385, 19.0828, -0.274358
0, 1585296681.556394, -0.411077, 4.2887, 0.11801
1, 1585296681.556394, 3.71319, 4.65145, -0.349128
2, 1585296681.556394, 3.31824, 8.82842, -0.239491
3, 1585296681.556394, 3.64734, 19.0777, -0.338396
0, 1585296681.656478, -0.390688, 4.29895, 0.106347
1, 1585296681.656478, 3.73474, 4.64471, -0.363369
2, 1585296681.656478, 3.35655, 8.82335, -0.25802
3, 1585296681.656478, 3.72656, 19.0711, -0.368134
0, 1585296681.756580, -0.361003, 4.30256, 0.0977293
1, 1585296681.756580, 3.7643, 4.62467, -0.389613
2, 1585296681.756580, 3.4089, 8.80559, -0.296243
3, 1585296681.756580, 3.83329, 19.0508, -0.440926
0, 1585296681.856691, -0.32431, 4.31718, 0.0862595
1, 1585296681.856691, 3.80244, 4.60764, -0.40861
2, 1585296681.856691, 3.47929, 8.79116, -0.31473
3, 1585296681.856691, 3.98199, 19.0328, -0.460522
0, 1585296681.956779, -0.27654, 4.32778, 0.0840848
1, 1585296681.956779, 3.8509, 4.57128, -0.429987
2, 1585296681.956779, 3.57481, 8.75832, -0.34261
3, 1585296681.956779, 4.19092, 18.9934, -0.510166
0, 1585296682.056814, -0.211632, 4.35188, 0.0672601
1, 1585296682.056814, 3.91869, 4.53436, -0.448981
2, 1585296682.056814, 3.70281, 8.7252, -0.375401
3, 1585296682.056814, 4.46583, 18.9498, -0.577107
0, 1585296682.156925, -0.138237, 4.3334, 0.06012
1, 1585296682.156925, 3.99427, 4.44696, -0.45837
2, 1585296682.156925, 3.84808, 8.64084, -0.386981
3, 1585296682.156925, 4.78074, 18.8512, -0.594703
0, 1585296682.257026, -0.0487316, 4.29949, 0.06371
1, 1585296682.257026, 4.08685, 4.34047, -0.440901
2, 1585296682.257026, 4.01369, 8.53631, -0.373008
3, 1585296682.257026, 5.12521, 18.7287, -0.584887
0, 1585296682.357092, 0.0288329, 4.30477, 0.0704659
1, 1585296682.357092, 4.16572, 4.26671, -0.423605
2, 1585296682.357092, 4.17282, 8.46315, -0.353617
3, 1585296682.357092, 5.48006, 18.6325, -0.557127
0, 1585296682.457196, 0.106425, 4.30988, 0.075361
1, 1585296682.457196, 4.2439, 4.19492, -0.401585
2, 1585296682.457196, 4.32882, 8.3905, -0.330429
3, 1585296682.457196, 5.82594, 18.5337, -0.525765
0, 1585296682.557352, 0.185569, 4.29283, 0.0847852
1, 1585296682.557352, 4.32221, 4.11006, -0.377981
2, 1585296682.557352, 4.47671, 8.30346, -0.29675
3, 1585296682.557352, 6.14316, 18.4208, -0.463213
0, 1585296682.657389, 0.249795, 4.29049, 0.088109
1, 1585296682.657389, 4.38378, 4.03898, -0.366033
2, 1585296682.657389, 4.60742, 8.22932, -0.287835
3, 1585296682.657389, 6.44124, 18.3176, -0.458964
0, 1585296682.757461, 0.311306, 4.29606, 0.0864152
1, 1585296682.757461, 4.44123, 3.98271, -0.366238
2, 1585296682.757461, 4.7281, 8.1691, -0.282674
3, 1585296682.757461, 6.71414, 18.2287, -0.440321
0, 1585296682.857533, 0.385563, 4.31084, 0.0770401
1, 1585296682.857533, 4.51027, 3.92514, -0.367281
2, 1585296682.857533, 4.86988, 8.10597, -0.287078
3, 1585296682.857533, 7.03123, 18.1293, -0.450275
0, 1585296682.957642, 0.470723, 4.29181, 0.0756818
1, 1585296682.957642, 4.5868, 3.82215, -0.367846
2, 1585296682.957642, 5.0313, 7.99484, -0.289461
3, 1585296682.957642, 7.39595, 17.9721, -0.456822
0, 1585296683.057690, 0.581728, 4.25087, 0.0789673
1, 1585296683.057690, 4.68801, 3.69544, -0.356159
2, 1585296683.057690, 5.21932, 7.85795, -0.276543
3, 1585296683.057690, 7.79199, 17.7837, -0.438291
0, 1585296683.157812, 0.654677, 4.24539, 0.08438
1, 1585296683.157812, 4.75206, 3.61652, -0.334385
2, 1585296683.157812, 5.35779, 7.76874, -0.249397
3, 1585296683.157812, 8.10911, 17.6467, -0.392997
0, 1585296683.257852, 0.72145, 4.24339, 0.0892551
1, 1585296683.257852, 4.80924, 3.55027, -0.321756
2, 1585296683.257852, 5.48008, 7.69241, -0.233829
3, 1585296683.257852, 8.38682, 17.5259, -0.367871
0, 1585296683.357985, 0.789178, 4.2247, 0.0904607
1, 1585296683.357985, 4.86714, 3.46891, -0.307523
2, 1585296683.357985, 5.60137, 7.60019, -0.215439
3, 1585296683.357985, 8.65956, 17.3878, -0.335316
0, 1585296683.458035, 0.853029, 4.22944, 0.0788635
1, 1585296683.458035, 4.92009, 3.4132, -0.311129
2, 1585296683.458035, 5.71475, 7.53341, -0.224669
3, 1585296683.458035, 8.91649, 17.2749, -0.355688
0, 1585296683.558125, 0.909403, 4.22584, 0.078136
1, 1585296683.558125, 4.96584, 3.35467, -0.30364
2, 1585296683.558125, 5.81585, 7.46381, -0.216741
3, 1585296683.558125, 9.14902, 17.1612, -0.344124
0, 1585296683.658202, 0.953154, 4.18929, 0.0912631
1, 1585296683.658202, 5.0027, 3.27995, -0.274354
2, 1585296683.658202, 5.89141, 7.38071, -0.179205
3, 1585296683.658202, 9.31724, 17.046, -0.281507
0, 1585296683.758291, 0.97254, 4.17513, 0.111291
1, 1585296683.758291, 5.01824, 3.24366, -0.240922
2, 1585296683.758291, 5.92963, 7.33918, -0.135118
3, 1585296683.758291, 9.41011, 16.9852, -0.207361
0, 1585296683.858424, 0.982142, 4.17251, 0.115645
1, 1585296683.858424, 5.02098, 3.21052, -0.233295
2, 1585296683.858424, 5.96316, 7.29905, -0.126995
3, 1585296683.858424, 9.51639, 16.9185, -0.19701
0, 1585296683.958444, 1.05454, 4.16246, 0.0984828
1, 1585296683.958444, 5.08032, 3.14919, -0.256127
2, 1585296683.958444, 6.07449, 7.22545, -0.152149
3, 1585296683.958444, 9.74944, 16.799, -0.229576
0, 1585296684.058579, 1.14041, 4.13663, 0.100053
1, 1585296684.058579, 5.14676, 3.04933, -0.255283
2, 1585296684.058579, 6.21581, 7.10664, -0.152883
3, 1585296684.058579, 10.0663, 16.611, -0.234368
0, 1585296684.158719, 1.22219, 4.10985, 0.109075
1, 1585296684.158719, 5.20601, 2.94235, -0.245174
2, 1585296684.158719, 6.3568, 6.97703, -0.13524
3, 1585296684.158719, 10.3988, 16.4017, -0.198103
0, 1585296684.258733, 1.30184, 4.10811, 0.0910934
1, 1585296684.258733, 5.26435, 2.87268, -0.271584
2, 1585296684.258733, 6.48385, 6.88732, -0.16863
3, 1585296684.258733, 10.6853, 16.2418, -0.251072
0, 1585296684.358829, 1.3854, 4.09512, 0.0472136
1, 1585296684.358829, 5.322, 2.78742, -0.343234
2, 1585296684.358829, 6.61244, 6.78072, -0.284856
3, 1585296684.358829, 10.9758, 16.059, -0.48415
0, 1585296684.458959, 1.44802, 4.08402, 0.00117175
1, 1585296684.458959, 5.36193, 2.71097, -0.393018
2, 1585296684.458959, 6.71467, 6.68401, -0.382414
3, 1585296684.458959, 11.2211, 15.8904, -0.698766
0, 1585296684.558984, 1.50604, 4.079, -0.0486484
1, 1585296684.558984, 5.39472, 2.64545, -0.475774
2, 1585296684.558984, 6.80603, 6.59796, -0.506428
3, 1585296684.558984, 11.4442, 15.7342, -0.933144
0, 1585296684.659073, 1.58112, 4.06354, -0.0541965
1, 1585296684.659073, 5.44344, 2.56523, -0.497955
2, 1585296684.659073, 6.92106, 6.49344, -0.528836
3, 1585296684.659073, 11.711, 15.5507, -0.961301
0, 1585296684.759198, 1.6775, 3.95549, -0.0159282
1, 1585296684.759198, 5.51146, 2.37495, -0.418402
2, 1585296684.759198, 7.07368, 6.2704, -0.424658
3, 1585296684.759198, 12.0624, 15.223, -0.784495
0, 1585296684.859252, 1.76955, 3.91956, -0.0111098
1, 1585296684.859252, 5.55987, 2.23332, -0.397664
2, 1585296684.859252, 7.22925, 6.08408, -0.39996
3, 1585296684.859252, 12.465, 14.895, -0.745211
0, 1585296684.959384, 1.88202, 3.86994, -0.0271164
1, 1585296684.959384, 5.61875, 2.06689, -0.408213
2, 1585296684.959384, 7.4059, 5.8644, -0.419059
3, 1585296684.959384, 12.9106, 14.5091, -0.783336
0, 1585296685.059429, 2.01327, 3.80789, -0.0296659
1, 1585296685.059429, 5.68571, 1.87855, -0.417251
2, 1585296685.059429, 7.60125, 5.61294, -0.430902
3, 1585296685.059429, 13.3968, 14.065, -0.804013
0, 1585296685.159545, 2.11307, 3.7538, -0.0339589
1, 1585296685.159545, 5.73631, 1.73335, -0.420331
2, 1585296685.159545, 7.74405, 5.41896, -0.438951
3, 1585296685.159545, 13.7477, 13.724, -0.823733
0, 1585296685.259619, 2.22391, 3.70883, -0.0586916
1, 1585296685.259619, 5.78947, 1.5889, -0.448577
2, 1585296685.259619, 7.89715, 5.21817, -0.484038
3, 1585296685.259619, 14.1245, 13.3547, -0.910758
0, 1585296685.359708, 2.31489, 3.65166, -0.082209
1, 1585296685.359708, 5.82801, 1.44155, -0.44657
2, 1585296685.359708, 8.02379, 5.01772, -0.514574
3, 1585296685.359708, 14.4486, 12.9952, -1.0122
0, 1585296685.459803, 2.4291, 3.59686, -0.0891262
1, 1585296685.459803, 5.87836, 1.29011, -0.464455
2, 1585296685.459803, 8.17248, 4.8039, -0.537767
3, 1585296685.459803, 14.815, 12.5999, -1.0517
0, 1585296685.559812, 2.48369, 3.49582, -0.0524617
1, 1585296685.559812, 5.88128, 1.11301, -0.423872
2, 1585296685.559812, 8.2555, 4.57373, -0.463572
3, 1585296685.559812, 15.0772, 12.2185, -0.894782
0, 1585296685.659969, 2.60359, 3.40749, -0.0499342
1, 1585296685.659969, 5.93009, 0.924516, -0.408555
2, 1585296685.659969, 8.4059, 4.31332, -0.44662
3, 1585296685.659969, 15.4523, 11.752, -0.869855
0, 1585296685.760112, 2.74067, 3.30835, -0.0735219
1, 1585296685.760112, 5.96824, 0.696841, -0.422962
2, 1585296685.760112, 8.57288, 3.98731, -0.484617
3, 1585296685.760112, 15.9002, 11.146, -0.962174
0, 1585296685.860106, 2.87342, 3.19643, -0.0785631
1, 1585296685.860106, 5.98838, 0.452409, -0.434502
2, 1585296685.860106, 8.72805, 3.63122, -0.501626
3, 1585296685.860106, 16.347, 10.4777, -0.99448
0, 1585296685.960216, 2.98386, 3.10041, -0.0930553
1, 1585296685.960216, 5.99996, 0.247065, -0.440826
2, 1585296685.960216, 8.84977, 3.32716, -0.522419
3, 1585296685.960216, 16.7046, 9.89915, -1.04779
0, 1585296686.060286, 3.09049, 3.00799, -0.109538
1, 1585296686.060286, 6.01254, 0.0584848, -0.457935
2, 1585296686.060286, 8.95982, 3.04514, -0.550299
3, 1585296686.060286, 17.021, 9.36007, -1.10198
0, 1585296686.160372, 3.1772, 2.89773, -0.0985278
1, 1585296686.160372, 6.01063, -0.139724, -0.422414
2, 1585296686.160372, 9.04674, 2.75659, -0.514858
3, 1585296686.160372, 17.2963, 8.82397, -1.05904
0, 1585296686.260478, 3.2867, 2.78963, -0.0690248
1, 1585296686.260478, 6.03426, -0.326909, -0.381146
2, 1585296686.260478, 9.15228, 2.48172, -0.449532
3, 1585296686.260478, 17.5748, 8.31209, -0.931693
0, 1585296686.360543, 3.34052, 2.71114, -0.0348596
1, 1585296686.360543, 6.03393, -0.452808, -0.342024
2, 1585296686.360543, 9.20282, 2.29905, -0.363989
3, 1585296686.360543, 17.7337, 7.97827, -0.732036
0, 1585296686.460637, 3.40226, 2.63369, -0.0459967
1, 1585296686.460637, 6.00591, -0.605064, -0.347405
2, 1585296686.460637, 9.25011, 2.05741, -0.385365
3, 1585296686.460637, 17.935, 7.49562, -0.790388
0, 1585296686.560714, 3.50114, 2.46414, -0.109759
1, 1585296686.560714, 5.98313, -0.870042, -0.396771
2, 1585296686.560714, 9.32148, 1.67213, -0.485344
3, 1585296686.560714, 18.1948, 6.78645, -1.00855
0, 1585296686.660814, 3.60694, 2.32621, -0.158997
1, 1585296686.660814, 5.93461, -1.11683, -0.453636
2, 1585296686.660814, 9.3815, 1.27352, -0.596086
3, 1585296686.660814, 18.4668, 5.98433, -1.25228
0, 1585296686.760900, 3.66989, 2.19465, -0.189467
1, 1585296686.760900, 5.86863, -1.33335, -0.46898
2, 1585296686.760900, 9.39949, 0.928306, -0.650784
3, 1585296686.760900, 18.6465, 5.29877, -1.39759
0, 1585296686.860982, 3.80665, 2.03324, -0.232882
1, 1585296686.860982, 5.84051, -1.59289, -0.50491
2, 1585296686.860982, 9.47004, 0.504121, -0.715057
3, 1585296686.860982, 18.9031, 4.4437, -1.52818
0, 1585296686.961042, 3.87255, 1.92483, -0.262081
1, 1585296686.961042, 5.79797, -1.76272, -0.494695
2, 1585296686.961042, 9.48707, 0.22367, -0.739446
3, 1585296686.961042, 19.0298, 3.87327, -1.62399
0, 1585296687.061226, 3.92733, 1.81116, -0.294393
1, 1585296687.061226, 5.76203, -1.92385, -0.501607
2, 1585296687.061226, 9.49771, -0.029768, -0.770407
3, 1585296687.061226, 19.1241, 3.37955, -1.70519
0, 1585296687.161229, 3.9774, 1.74917, -0.316899
1, 1585296687.161229, 5.74197, -2.0191, -0.53091
2, 1585296687.161229, 9.51051, -0.19425, -0.819372
3, 1585296687.161229, 19.1933, 3.03677, -1.80392
0, 1585296687.261320, 3.99077, 1.60053, -0.290949
1, 1585296687.261320, 5.65999, -2.21088, -0.506016
2, 1585296687.261320, 9.47519, -0.481828, -0.770134
3, 1585296687.261320, 19.2421, 2.50415, -1.69605
0, 1585296687.361544, 4.01305, 1.43772, -0.251871
1, 1585296687.361544, 5.54633, -2.43148, -0.446068
2, 1585296687.361544, 9.4224, -0.84055, -0.691204
3, 1585296687.361544, 19.2952, 1.79202, -1.56456
0, 1585296687.461487, 4.05856, 1.33606, -0.257265
1, 1585296687.461487, 5.4693, -2.57982, -0.444495
2, 1585296687.461487, 9.39393, -1.11224, -0.686656
3, 1585296687.461487, 19.3459, 1.20653, -1.55061
0, 1585296687.561581, 4.09478, 1.23079, -0.247417
1, 1585296687.561581, 5.40894, -2.71883, -0.428758
2, 1585296687.561581, 9.36902, -1.34863, -0.664176
3, 1585296687.561581, 19.3768, 0.72343, -1.50994
0, 1585296687.661709, 4.11408, 1.1479, -0.234048
1, 1585296687.661709, 5.36804, -2.82095, -0.421688
2, 1585296687.661709, 9.34897, -1.51094, -0.647775
3, 1585296687.661709, 19.3887, 0.409699, -1.47292
0, 1585296687.761760, 4.13573, 1.09272, -0.232652
1, 1585296687.761760, 5.32811, -2.89521, -0.417014
2, 1585296687.761760, 9.32917, -1.64729, -0.639154
3, 1585296687.761760, 19.3984, 0.11681, -1.4537
0, 1585296687.861831, 4.16384, 1.02916, -0.22027
1, 1585296687.861831, 5.28614, -2.97967, -0.390767
2, 1585296687.861831, 9.3096, -1.80332, -0.598272
3, 1585296687.861831, 19.4119, -0.219697, -1.37299
0, 1585296687.961926, 4.17068, 0.972165, -0.243727
1, 1585296687.961926, 5.26041, -3.04609, -0.403435
2, 1585296687.961926, 9.29186, -1.90245, -0.637172
3, 1585296687.961926, 19.4021, -0.401954, -1.47203
0, 1585296688.062024, 4.17192, 0.980812, -0.238033
1, 1585296688.062024, 5.26968, -3.035, -0.403914
2, 1585296688.062024, 9.29888, -1.88297, -0.635124
3, 1585296688.062024, 19.4062, -0.361039, -1.46581
0, 1585296688.162104, 4.16378, 0.969967, -0.231226
1, 1585296688.162104, 5.25952, -3.04636, -0.398009
2, 1585296688.162104, 9.28989, -1.89653, -0.619659
3, 1585296688.162104, 19.3999, -0.379896, -1.42747
0, 1585296688.262191, 4.16591, 0.971361, -0.22076
1, 1585296688.262191, 5.26094, -3.04491, -0.393462
2, 1585296688.262191, 9.29191, -1.89564, -0.60692
3, 1585296688.262191, 19.4035, -0.379945, -1.39676
0, 1585296688.362267, 4.16455, 0.994726, -0.214256
1, 1585296688.362267, 5.27364, -3.01764, -0.388013
2, 1585296688.362267, 9.30092, -1.85437, -0.595142
3, 1585296688.362267, 19.4083, -0.303371, -1.36998
0, 1585296688.462339, 4.16377, 1.03432, -0.217821
1, 1585296688.462339, 5.30225, -2.96974, -0.393179
2, 1585296688.462339, 9.32087, -1.77687, -0.600209
3, 1585296688.462339, 19.4165, -0.151475, -1.37531
0, 1585296688.562437, 4.15654, 1.1, -0.233566
1, 1585296688.562437, 5.35347, -2.88692, -0.410298
2, 1585296688.562437, 9.35375, -1.63512, -0.624467
3, 1585296688.562437, 19.4231, 0.138421, -1.4173
0, 1585296688.662616, 4.10053, 1.18608, -0.227152
1, 1585296688.662616, 5.40563, -2.76635, -0.412512
2, 1585296688.662616, 9.36997, -1.40542, -0.629322
3, 1585296688.662616, 19.3861, 0.643787, -1.43127
0, 1585296688.762628, 4.02897, 1.32507, -0.235655
1, 1585296688.762628, 5.49008, -2.57186, -0.431782
2, 1585296688.762628, 9.39638, -1.05358, -0.657129
3, 1585296688.762628, 19.3205, 1.39472, -1.48316
0, 1585296688.862715, 3.92599, 1.54327, -0.251303
1, 1585296688.862715, 5.57386, -2.27792, -0.457267
2, 1585296688.862715, 9.39996, -0.571226, -0.708775
3, 1585296688.862715, 19.1873, 2.35735, -1.60128
0, 1585296688.962873, 3.87238, 1.77086, -0.273431
1, 1585296688.962873, 5.72835, -1.95202, -0.507681
2, 1585296688.962873, 9.4534, -0.0348212, -0.759651
3, 1585296688.962873, 19.0609, 3.43595, -1.6622
0, 1585296689.062874, 3.76658, 1.98227, -0.240694
1, 1585296689.062874, 5.79668, -1.64777, -0.487376
2, 1585296689.062874, 9.42815, 0.44403, -0.715188
3, 1585296689.062874, 18.8646, 4.36816, -1.56313
0, 1585296689.162947, 3.68166, 2.11148, -0.20689
1, 1585296689.162947, 5.83905, -1.44254, -0.478766
2, 1585296689.162947, 9.39542, 0.777623, -0.674197
3, 1585296689.162947, 18.6908, 5.03864, -1.45162
0, 1585296689.263055, 3.59035, 2.26033, -0.173133
1, 1585296689.263055, 5.88705, -1.20563, -0.440673
2, 1585296689.263055, 9.35545, 1.15243, -0.598332
3, 1585296689.263055, 18.4833, 5.77615, -1.28286
0, 1585296689.363133, 3.48509, 2.36822, -0.12298
1, 1585296689.363133, 5.89761, -1.01607, -0.415703
2, 1585296689.363133, 9.28536, 1.45837, -0.539826
3, 1585296689.363133, 18.2548, 6.39192, -1.151
0, 1585296689.463206, 3.39527, 2.52544, -0.166077
1, 1585296689.463206, 5.9431, -0.757709, -0.464109
2, 1585296689.463206, 9.22597, 1.85323, -0.6084
3, 1585296689.463206, 17.9828, 7.14898, -1.27013
0, 1585296689.563319, 3.25785, 2.69113, -0.191276
1, 1585296689.563319, 5.94855, -0.474322, -0.506623
2, 1585296689.563319, 9.10916, 2.28166, -0.680373
3, 1585296689.563319, 17.6128, 7.9656, -1.41893
0, 1585296689.663410, 3.07403, 2.82095, -0.191835
1, 1585296689.663410, 5.95161, -0.17136, -0.545328
2, 1585296689.663410, 8.93515, 2.77473, -0.730234
3, 1585296689.663410, 17.0666, 8.97473, -1.50779
0, 1585296689.763474, 2.94131, 3.06861, -0.20489
1, 1585296689.763474, 5.97645, 0.238667, -0.577316
2, 1585296689.763474, 8.79421, 3.34358, -0.763947
3, 1585296689.763474, 16.5726, 9.97992, -1.55162
0, 1585296689.863556, 2.80805, 3.15829, -0.195018
1, 1585296689.863556, 5.93576, 0.433984, -0.588616
2, 1585296689.863556, 8.64603, 3.63313, -0.775657
3, 1585296689.863556, 16.1921, 10.5316, -1.57095
0, 1585296689.963651, 2.68901, 3.27152, -0.207623
1, 1585296689.963651, 5.9043, 0.65036, -0.595974
2, 1585296689.963651, 8.50839, 3.93619, -0.788817
3, 1585296689.963651, 15.8246, 11.0766, -1.59653
0, 1585296690.063713, 2.53209, 3.36849, -0.236468
1, 1585296690.063713, 5.858, 0.8886, -0.621012
2, 1585296690.063713, 8.3151, 4.28423, -0.838882
3, 1585296690.063713, 15.3092, 11.7337, -1.70603
0, 1585296690.163852, 2.36099, 3.44095, -0.208223
1, 1585296690.163852, 5.79083, 1.10723, -0.594583
2, 1585296690.163852, 8.10031, 4.60579, -0.798158
3, 1585296690.163852, 14.7697, 12.3511, -1.63125
0, 1585296690.263964, 2.17463, 3.57111, -0.233204
1, 1585296690.263964, 5.71336, 1.40805, -0.630622
2, 1585296690.263964, 7.84853, 5.01544, -0.837761
3, 1585296690.263964, 14.1291, 13.078, -1.68295
0, 1585296690.363995, 1.99908, 3.66361, -0.231344
1, 1585296690.363995, 5.62996, 1.66543, -0.659554
2, 1585296690.363995, 7.59634, 5.36709, -0.874352
3, 1585296690.363995, 13.4952, 13.7101, -1.74773
0, 1585296690.464080, 1.74981, 3.73188, -0.191289
1, 1585296690.464080, 5.50227, 1.98134, -0.65388
2, 1585296690.464080, 7.21976, 5.80635, -0.840074
3, 1585296690.464080, 12.5527, 14.5277, -1.65489
0, 1585296690.564173, 1.52251, 3.92202, -0.147155
1, 1585296690.564173, 5.3652, 2.37932, -0.608924
2, 1585296690.564173, 6.8778, 6.29222, -0.736851
3, 1585296690.564173, 11.7436, 15.2942, -1.41021
0, 1585296690.664250, 1.36782, 3.94843, -0.0910172
1, 1585296690.664250, 5.26764, 2.55157, -0.537775
2, 1585296690.664250, 6.63618, 6.51825, -0.624946
3, 1585296690.664250, 11.1721, 15.6979, -1.19483
0, 1585296690.764346, 1.23763, 3.98536, -0.0408016
1, 1585296690.764346, 5.18145, 2.71551, -0.480258
2, 1585296690.764346, 6.42593, 6.72361, -0.518498
3, 1585296690.764346, 10.676, 16.0456, -0.967461
0, 1585296690.864413, 1.08167, 4.00477, 0.00490942
1, 1585296690.864413, 5.07159, 2.88142, -0.416978
2, 1585296690.864413, 6.17114, 6.93186, -0.412322
3, 1585296690.864413, 10.0858, 16.4042, -0.751768
0, 1585296690.964536, 0.921255, 4.03846, 0.0125595
1, 1585296690.964536, 4.95004, 3.06619, -0.415115
2, 1585296690.964536, 5.89767, 7.15481, -0.397713
3, 1585296690.964536, 9.45583, 16.7677, -0.708055
0, 1585296691.064584, 0.761863, 4.07673, 0.0184145
1, 1585296691.064584, 4.8206, 3.26501, -0.458186
2, 1585296691.064584, 5.60715, 7.38762, -0.43522
3, 1585296691.064584, 8.7815, 17.134, -0.74735
0, 1585296691.164699, 0.581221, 4.08529, 0.013595
1, 1585296691.164699, 4.66519, 3.44894, -0.511369
2, 1585296691.164699, 5.27363, 7.60162, -0.497682
3, 1585296691.164699, 8.02121, 17.4755, -0.847393
0, 1585296691.264781, 0.359758, 4.14786, -0.00905084
1, 1585296691.264781, 4.4677, 3.72086, -0.558422
2, 1585296691.264781, 4.86194, 7.89933, -0.558126
3, 1585296691.264781, 7.09609, 17.9004, -0.947913
0, 1585296691.364830, 0.211621, 4.20179, 0.0163025
1, 1585296691.364830, 4.33158, 3.90714, -0.530034
2, 1585296691.364830, 4.59324, 8.09598, -0.514173
3, 1585296691.364830, 6.50981, 18.1642, -0.865263
0, 1585296691.464941, 0.124195, 4.20145, 0.0331113
1, 1585296691.464941, 4.25224, 3.98145, -0.48672
2, 1585296691.464941, 4.43919, 8.17423, -0.459386
3, 1585296691.464941, 6.17851, 18.2757, -0.774398
0, 1585296691.565037, 0.0318134, 4.20119, 0.044043
1, 1585296691.565037, 4.1693, 4.08176, -0.431648
2, 1585296691.565037, 4.25539, 8.2777, -0.389628
3, 1585296691.565037, 5.75537, 18.4189, -0.655252
0, 1585296691.665112, -0.0412812, 4.20048, 0.091219
1, 1585296691.665112, 4.09974, 4.14706, -0.365312
2, 1585296691.665112, 4.12346, 8.34316, -0.279889
3, 1585296691.665112, 5.4743, 18.5076, -0.434234
0, 1585296691.765195, -0.202003, 4.19756, 0.0999869
1, 1585296691.765195, 3.93805, 4.28007, -0.360972
2, 1585296691.765195, 3.82479, 8.47458, -0.269651
3, 1585296691.765195, 4.84273, 18.678, -0.41107
0, 1585296691.865414, -0.353546, 4.16016, 0.116527
1, 1585296691.865414, 3.78113, 4.39308, -0.341277
2, 1585296691.865414, 3.51701, 8.58048, -0.236094
3, 1585296691.865414, 4.16733, 18.8143, -0.342893
0, 1585296691.965360, -0.553779, 4.14392, 0.11209
1, 1585296691.965360, 3.56154, 4.58082, -0.370213
2, 1585296691.965360, 3.09122, 8.75008, -0.264655
3, 1585296691.965360, 3.23384, 19.0035, -0.378189
0, 1585296692.065469, -0.720181, 4.1653, 0.105182
1, 1585296692.065469, 3.37358, 4.75428, -0.398372
2, 1585296692.065469, 2.74992, 8.90326, -0.28839
3, 1585296692.065469, 2.51257, 19.1549, -0.397817
0, 1585296692.165643, -0.840126, 4.15181, 0.130307
1, 1585296692.165643, 3.23534, 4.861, -0.366695
2, 1585296692.165643, 2.4921, 8.9897, -0.238113
3, 1585296692.165643, 1.95909, 19.2306, -0.30036
0, 1585296692.265654, -0.933429, 4.13533, 0.152666
1, 1585296692.265654, 3.1249, 4.94541, -0.330151
2, 1585296692.265654, 2.2821, 9.05418, -0.179067
3, 1585296692.265654, 1.5026, 19.2795, -0.182276
0, 1585296692.365725, -1.01333, 4.1028, 0.171729
1, 1585296692.365725, 3.02713, 4.99761, -0.311374
2, 1585296692.365725, 2.10038, 9.08768, -0.14529
3, 1585296692.365725, 1.11138, 19.2948, -0.112182
0, 1585296692.465803, -1.10922, 4.07268, 0.181035
1, 1585296692.465803, 2.90956, 5.066, -0.290187
2, 1585296692.465803, 1.88438, 9.13202, -0.11246
3, 1585296692.465803, 0.650133, 19.3123, -0.0473809
0, 1585296692.565901, -1.15927, 4.03327, 0.19855
1, 1585296692.565901, 2.84907, 5.07049, -0.266993
2, 1585296692.565901, 1.78038, 9.12492, -0.0810444
3, 1585296692.565901, 0.437467, 19.2912, 0.00576733
0, 1585296692.665966, -1.16054, 4.04892, 0.204601
1, 1585296692.665966, 2.85191, 5.07704, -0.245513
2, 1585296692.665966, 1.79302, 9.13371, -0.0525578
3, 1585296692.665966, 0.475855, 19.3032, 0.0560811
0, 1585296692.766078, -1.1881, 4.07098, 0.195758
1, 1585296692.766078, 2.82019, 5.11455, -0.255872
2, 1585296692.766078, 1.74549, 9.16714, -0.064597
3, 1585296692.766078, 0.388613, 19.3314, 0.0394886
0, 1585296692.866168, -1.18383, 4.06377, 0.197387
1, 1585296692.866168, 2.82259, 5.11548, -0.251917
2, 1585296692.866168, 1.73938, 9.16591, -0.0627949
3, 1585296692.866168, 0.361413, 19.3274, 0.0367926
0, 1585296692.966257, -1.19092, 4.07868, 0.197176
1, 1585296692.966257, 2.81341, 5.13074, -0.269568
2, 1585296692.966257, 1.73052, 9.1811, -0.077117
3, 1585296692.966257, 0.351723, 19.3425, 0.0251047
0, 1585296693.066335, -1.14663, 4.08139, 0.185685
1, 1585296693.066335, 2.86463, 5.10333, -0.288413
2, 1585296693.066335, 1.81143, 9.16185, -0.103263
3, 1585296693.066335, 0.506584, 19.3332, -0.0210612
0, 1585296693.166403, -1.10157, 4.09589, 0.176831
1, 1585296693.166403, 2.91746, 5.07977, -0.311772
2, 1585296693.166403, 1.90179, 9.14827, -0.136106
3, 1585296693.166403, 0.689875, 19.3313, -0.0814517
0, 1585296693.266488, -1.02429, 4.11008, 0.160111
1, 1585296693.266488, 3.00777, 5.03463, -0.336958
2, 1585296693.266488, 2.0506, 9.11784, -0.174569
3, 1585296693.266488, 0.984474, 19.3172, -0.154782
0, 1585296693.366596, -0.889691, 4.14813, 0.154339
1, 1585296693.366596, 3.16789, 4.94655, -0.353515
2, 1585296693.366596, 2.33773, 9.05773, -0.198158
3, 1585296693.366596, 1.58735, 19.2852, -0.1988
0, 1585296693.466706, -0.745723, 4.19449, 0.121464
1, 1585296693.466706, 3.33672, 4.84213, -0.401583
2, 1585296693.466706, 2.65526, 8.98168, -0.279633
3, 1585296693.466706, 2.27301, 19.2292, -0.366091
0, 1585296693.566740, -0.551695, 4.24984, 0.0965168
1, 1585296693.566740, 3.55631, 4.7153, -0.420176
2, 1585296693.566740, 3.05713, 8.88126, -0.316975
3, 1585296693.566740, 3.12564, 19.1352, -0.446948
0, 1585296693.666842, -0.307137, 4.26287, 0.0811797
1, 1585296693.666842, 3.82219, 4.48772, -0.426254
2, 1585296693.666842, 3.56409, 8.67604, -0.345715
3, 1585296693.666842, 4.22482, 18.9081, -0.527793
0, 1585296693.766982, -0.0718959, 4.20201, 0.0687637
1, 1585296693.766982, 4.06489, 4.21156, -0.427488
2, 1585296693.766982, 4.02476, 8.40767, -0.348976
3, 1585296693.766982, 5.21725, 18.5914, -0.532485
0, 1585296693.866994, 0.0368711, 4.20459, 0.0658712
1, 1585296693.866994, 4.17271, 4.1162, -0.430469
2, 1585296693.866994, 4.23073, 8.31228, -0.362075
3, 1585296693.866994, 5.66103, 18.4649, -0.570161
0, 1585296693.967078, 0.164595, 4.21251, 0.0463539
1, 1585296693.967078, 4.29358, 4.00371, -0.470603
2, 1585296693.967078, 4.47223, 8.19661, -0.41828
3, 1585296693.967078, 6.19195, 18.3032, -0.671779
0, 1585296694.067183, 0.299127, 4.20693, 0.00561052
1, 1585296694.067183, 4.41633, 3.86973, -0.536912
2, 1585296694.067183, 4.71966, 8.05578, -0.532845
3, 1585296694.067183, 6.7366, 18.1034, -0.911356
0, 1585296694.167257, 0.477474, 4.19227, -0.00471783
1, 1585296694.167257, 4.57578, 3.69512, -0.566947
2, 1585296694.167257, 5.04128, 7.86626, -0.568815
3, 1585296694.167257, 7.44457, 17.8277, -0.96785
0, 1585296694.267350, 0.685294, 4.15299, 0.0242044
1, 1585296694.267350, 4.75955, 3.4732, -0.521415
2, 1585296694.267350, 5.41316, 7.61899, -0.503858
3, 1585296694.267350, 8.26622, 17.463, -0.850615
0, 1585296694.367464, 0.913413, 4.11408, 0.0270087
1, 1585296694.367464, 4.95324, 3.23188, -0.483738
2, 1585296694.367464, 5.81303, 7.33981, -0.455838
3, 1585296694.367464, 9.15738, 17.0292, -0.766646
0, 1585296694.467548, 1.16087, 4.08513, -0.00358223
1, 1585296694.467548, 5.13794, 2.94929, -0.505749
2, 1585296694.467548, 6.25228, 6.99569, -0.504422
3, 1585296694.467548, 10.1946, 16.4553, -0.877009
0, 1585296694.567636, 1.36964, 3.93478, -0.0244285
1, 1585296694.567636, 5.28784, 2.59522, -0.485604
2, 1585296694.567636, 6.60615, 6.5798, -0.501413
3, 1585296694.567636, 11.0266, 15.8245, -0.902768
0, 1585296694.667697, 1.48613, 3.89897, -0.033008
1, 1585296694.667697, 5.36591, 2.44799, -0.481726
2, 1585296694.667697, 6.79647, 6.39363, -0.5038
3, 1585296694.667697, 11.4776, 15.5085, -0.916457
0, 1585296694.767763, 1.6118, 3.86251, -0.0462751
1, 1585296694.767763, 5.44812, 2.29519, -0.477018
2, 1585296694.767763, 6.99478, 6.19667, -0.515242
3, 1585296694.767763, 11.9445, 15.167, -0.961445
0, 1585296694.867866, 1.75778, 3.81817, -0.0863892
1, 1585296694.867866, 5.53959, 2.1203, -0.50418
2, 1585296694.867866, 7.21529, 5.96763, -0.57645
3, 1585296694.867866, 12.4607, 14.7639, -1.10115
0, 1585296694.967964, 1.89866, 3.75486, -0.134785
1, 1585296694.967964, 5.6162, 1.92173, -0.557788
2, 1585296694.967964, 7.42455, 5.70723, -0.680147
3, 1585296694.967964, 12.9701, 14.3091, -1.3279
0, 1585296695.068161, 2.08146, 3.67448, -0.146829
1, 1585296695.068161, 5.71572, 1.68143, -0.570228
2, 1585296695.068161, 7.68584, 5.38493, -0.703487
3, 1585296695.068161, 13.5971, 13.7376, -1.37778
0, 1585296695.168140, 2.28521, 3.5547, -0.152887
1, 1585296695.168140, 5.81225, 1.37686, -0.572891
2, 1585296695.168140, 7.97104, 4.97379, -0.702589
3, 1585296695.168140, 14.3063, 13.0104, -1.36719
0, 1585296695.268208, 2.49627, 3.39585, -0.167277
1, 1585296695.268208, 5.87921, 0.996447, -0.564707
2, 1585296695.268208, 8.2616, 4.44862, -0.712515
3, 1585296695.268208, 15.0942, 12.0637, -1.41394
0, 1585296695.368414, 2.71879, 3.26258, -0.194521
1, 1585296695.368414, 5.94344, 0.649623, -0.55988
2, 1585296695.368414, 8.54039, 3.94209, -0.734923
3, 1585296695.368414, 15.8438, 11.1011, -1.4923
0, 1585296695.468378, 2.78752, 3.10718, -0.180866
1, 1585296695.468378, 5.93814, 0.405259, -0.544949
2, 1585296695.468378, 8.62634, 3.62389, -0.715463
3, 1585296695.468378, 16.1279, 10.5763, -1.46147
0, 1585296695.568481, 2.88584, 3.03219, -0.164385
1, 1585296695.568481, 5.96947, 0.253438, -0.523683
2, 1585296695.568481, 8.73744, 3.40452, -0.678956
3, 1585296695.568481, 16.412, 10.1695, -1.38653
0, 1585296695.668557, 2.97391, 2.99344, -0.182044
1, 1585296695.668557, 5.98444, 0.134821, -0.534725
2, 1585296695.668557, 8.83259, 3.21289, -0.703924
3, 1585296695.668557, 16.6783, 9.77516, -1.44317
0, 1585296695.768639, 3.07308, 2.9235, -0.209268
1, 1585296695.768639, 6.0035, -0.0148566, -0.580859
2, 1585296695.768639, 8.9312, 2.98596, -0.777847
3, 1585296695.768639, 16.9428, 9.3357, -1.59035
0, 1585296695.868749, 3.17981, 2.81945, -0.227617
1, 1585296695.868749, 6.01436, -0.212606, -0.589958
2, 1585296695.868749, 9.03681, 2.69207, -0.796845
3, 1585296695.868749, 17.2479, 8.77881, -1.63043
0, 1585296695.968831, 3.3023, 2.66758, -0.201895
1, 1585296695.968831, 6.0154, -0.473347, -0.566637
2, 1585296695.968831, 9.15064, 2.31003, -0.762012
3, 1585296695.968831, 17.5973, 8.06928, -1.56846
0, 1585296696.068952, 3.43978, 2.53297, -0.235328
1, 1585296696.068952, 5.99679, -0.737948, -0.584913
2, 1585296696.068952, 9.26336, 1.88875, -0.797103
3, 1585296696.068952, 17.9791, 7.22647, -1.63954
0, 1585296696.168996, 3.57345, 2.31645, -0.278185
1, 1585296696.168996, 5.95181, -1.09296, -0.558831
2, 1585296696.168996, 9.35485, 1.3503, -0.813632
3, 1585296696.168996, 18.3455, 6.19594, -1.73764
0, 1585296696.269082, 3.66469, 2.14085, -0.323808
1, 1585296696.269082, 5.91757, -1.35433, -0.583815
2, 1585296696.269082, 9.40475, 0.962507, -0.878653
3, 1585296696.269082, 18.5585, 5.47294, -1.89313
0, 1585296696.369139, 3.69363, 2.0706, -0.34129
1, 1585296696.369139, 5.85014, -1.48545, -0.593065
2, 1585296696.369139, 9.39698, 0.734842, -0.917753
3, 1585296696.369139, 18.6638, 4.99113, -2.00192
0, 1585296696.469263, 3.78436, 1.91134, -0.384865
1, 1585296696.469263, 5.81637, -1.71919, -0.607368
2, 1585296696.469263, 9.43579, 0.374297, -0.97104
3, 1585296696.469263, 18.8381, 4.29779, -2.14037
0, 1585296696.569316, 3.8777, 1.82509, -0.433738
1, 1585296696.569316, 5.79124, -1.87054, -0.633991
2, 1585296696.569316, 9.47317, 0.102563, -1.04062
3, 1585296696.569316, 18.9881, 3.71203, -2.3069
0, 1585296696.669427, 3.93755, 1.70359, -0.454192
1, 1585296696.669427, 5.73231, -2.05249, -0.627554
2, 1585296696.669427, 9.47414, -0.200779, -1.05763
3, 1585296696.669427, 19.0961, 3.09402, -2.37219
0, 1585296696.769537, 4.01009, 1.56548, -0.448666
1, 1585296696.769537, 5.67698, -2.24898, -0.623886
2, 1585296696.769537, 9.48012, -0.524468, -1.04499
3, 1585296696.769537, 19.2104, 2.44437, -2.33841
0, 1585296696.869606, 4.06028, 1.4313, -0.439864
1, 1585296696.869606, 5.58457, -2.44307, -0.598502
2, 1585296696.869606, 9.44974, -0.862576, -1.01994
3, 1585296696.869606, 19.2854, 1.73799, -2.30894
0, 1585296696.969773, 4.12668, 1.28753, -0.424551
1, 1585296696.969773, 5.51211, -2.63938, -0.563532
2, 1585296696.969773, 9.43365, -1.19955, -0.967909
3, 1585296696.969773, 19.3631, 1.04333, -2.20939
0, 1585296697.069747, 4.15379, 1.17384, -0.414881
1, 1585296697.069747, 5.44979, -2.78393, -0.540669
2, 1585296697.069747, 9.4042, -1.43475, -0.93748
3, 1585296697.069747, 19.3855, 0.578432, -2.15648
0, 1585296697.169875, 4.16481, 1.07335, -0.392643
1, 1585296697.169875, 5.39453, -2.90553, -0.517779
2, 1585296697.169875, 9.37339, -1.62269, -0.889377
3, 1585296697.169875, 19.3942, 0.223611, -2.04714
0, 1585296697.269927, 4.18648, 1.0316, -0.364469
1, 1585296697.269927, 5.36245, -2.96356, -0.487581
2, 1585296697.269927, 9.36072, -1.73478, -0.832613
3, 1585296697.269927, 19.4128, -0.024194, -1.92542
0, 1585296697.370029, 4.20205, 1.00464, -0.348386
1, 1585296697.370029, 5.35441, -2.99735, -0.472821
2, 1585296697.370029, 9.36114, -1.79217, -0.802661
3, 1585296697.370029, 19.427, -0.140613, -1.85911
0, 1585296697.470134, 4.20176, 1.00367, -0.345725
1, 1585296697.470134, 5.34789, -3.00009, -0.470739
2, 1585296697.470134, 9.35682, -1.80112, -0.796416
3, 1585296697.470134, 19.4262, -0.165079, -1.84297
0, 1585296697.570185, 4.20317, 1.00243, -0.34804
1, 1585296697.570185, 5.34142, -3.00373, -0.46834
2, 1585296697.570185, 9.35252, -1.81303, -0.797652
3, 1585296697.570185, 19.4246, -0.198048, -1.85151
0, 1585296697.670299, 4.20169, 0.997562, -0.346865
1, 1585296697.670299, 5.33671, -3.00954, -0.466115
2, 1585296697.670299, 9.34927, -1.8222, -0.789608
3, 1585296697.670299, 19.4242, -0.215631, -1.82904
0, 1585296697.770379, 4.19974, 0.985057, -0.340891
1, 1585296697.770379, 5.33457, -3.02201, -0.463118
2, 1585296697.770379, 9.34715, -1.8346, -0.786277
3, 1585296697.770379, 19.422, -0.227702, -1.82585
0, 1585296697.870471, 4.1943, 0.975787, -0.332705
1, 1585296697.870471, 5.3281, -3.03149, -0.45769
2, 1585296697.870471, 9.34155, -1.84496, -0.773077
3, 1585296697.870471, 19.4185, -0.23999, -1.7947
0, 1585296697.970515, 4.18682, 0.975129, -0.319034
1, 1585296697.970515, 5.32998, -3.02942, -0.445916
2, 1585296697.970515, 9.34096, -1.8334, -0.756766
3, 1585296697.970515, 19.4151, -0.204423, -1.768
0, 1585296698.070608, 4.19165, 1.00971, -0.305635
1, 1585296698.070608, 5.34939, -2.99031, -0.442914
2, 1585296698.070608, 9.35709, -1.77905, -0.736637
3, 1585296698.070608, 19.4286, -0.110965, -1.70969
0, 1585296698.170737, 4.19126, 1.03502, -0.294219
1, 1585296698.170737, 5.3727, -2.95779, -0.439091
2, 1585296698.170737, 9.37377, -1.72233, -0.722296
3, 1585296698.170737, 19.4371, 0.00716098, -1.67228
0, 1585296698.270812, 4.17585, 1.06807, -0.283382
1, 1585296698.270812, 5.3995, -2.91141, -0.443992
2, 1585296698.270812, 9.38825, -1.63279, -0.708779
3, 1585296698.270812, 19.4358, 0.206503, -1.61913
0, 1585296698.370896, 4.14774, 1.14359, -0.268938
1, 1585296698.370896, 5.4338, -2.81571, -0.440385
2, 1585296698.370896, 9.40253, -1.47398, -0.693426
3, 1585296698.370896, 19.4217, 0.525264, -1.57875
0, 1585296698.470985, 4.11272, 1.20407, -0.262167
1, 1585296698.470985, 5.47503, -2.72962, -0.434122
2, 1585296698.470985, 9.4172, -1.31147, -0.685504
3, 1585296698.470985, 19.3962, 0.881044, -1.56697
0, 1585296698.571087, 4.087, 1.29332, -0.260643
1, 1585296698.571087, 5.54445, -2.60549, -0.446324
2, 1585296698.571087, 9.4506, -1.091, -0.698159
3, 1585296698.571087, 19.3721, 1.34652, -1.58506
0, 1585296698.671168, 4.01683, 1.4681, -0.261081
1, 1585296698.671168, 5.64622, -2.36169, -0.453699
2, 1585296698.671168, 9.4808, -0.674457, -0.70737
3, 1585296698.671168, 19.283, 2.20359, -1.60091
0, 1585296698.771244, 3.91068, 1.64918, -0.250357
1, 1585296698.771244, 5.73168, -2.09189, -0.468735
2, 1585296698.771244, 9.47582, -0.211118, -0.712126
3, 1585296698.771244, 19.1193, 3.16514, -1.58888
0, 1585296698.871284, 3.87642, 1.8826, -0.218239
1, 1585296698.871284, 5.83494, -1.78714, -0.456078
2, 1585296698.871284, 9.50871, 0.231806, -0.661934
3, 1585296698.871284, 19.0264, 3.96707, -1.4539
0, 1585296698.971383, 3.82756, 1.97624, -0.152933
1, 1585296698.971383, 5.87815, -1.64253, -0.395617
2, 1585296698.971383, 9.50354, 0.467106, -0.54075
3, 1585296698.971383, 18.9356, 4.43993, -1.1871
0, 1585296699.071460, 3.7675, 2.06911, -0.106412
1, 1585296699.071460, 5.92237, -1.48827, -0.353294
2, 1585296699.071460, 9.48736, 0.724449, -0.452462
3, 1585296699.071460, 18.8078, 4.96784, -0.988726
0, 1585296699.171552, 3.69292, 2.14186, -0.0725668
1, 1585296699.171552, 5.9249, -1.36576, -0.345036
2, 1585296699.171552, 9.44169, 0.92405, -0.409023
3, 1585296699.171552, 18.6704, 5.3721, -0.868052
0, 1585296699.271639, 3.64719, 2.24206, -0.0984556
1, 1585296699.271639, 5.97959, -1.19906, -0.377744
2, 1585296699.271639, 9.42754, 1.19258, -0.460234
3, 1585296699.271639, 18.5199, 5.9082, -0.966266
0, 1585296699.371775, 3.55101, 2.39129, -0.128641
1, 1585296699.371775, 6.00034, -0.965756, -0.429365
2, 1585296699.371775, 9.36141, 1.54546, -0.539163
3, 1585296699.371775, 18.2782, 6.57748, -1.11813
0, 1585296699.471862, 3.43811, 2.53905, -0.169321
1, 1585296699.471862, 6.03439, -0.704703, -0.480378
2, 1585296699.471862, 9.27695, 1.95583, -0.630264
3, 1585296699.471862, 17.9506, 7.3845, -1.30964
0, 1585296699.571942, 3.29452, 2.66769, -0.201666
1, 1585296699.571942, 6.02846, -0.457912, -0.54153
2, 1585296699.571942, 9.14838, 2.34356, -0.723113
3, 1585296699.571942, 17.5659, 8.15093, -1.48834
0, 1585296699.672030, 3.27673, 2.78951, -0.208894
1, 1585296699.672030, 6.08034, -0.270708, -0.575188
2, 1585296699.672030, 9.1334, 2.60295, -0.765016
3, 1585296699.672030, 17.4094, 8.60649, -1.55851
0, 1585296699.772120, 3.2107, 2.82781, -0.193285
1, 1585296699.772120, 6.05908, -0.191779, -0.551279
2, 1585296699.772120, 9.07096, 2.72551, -0.733245
3, 1585296699.772120, 17.2619, 8.84746, -1.50509
0, 1585296699.872281, 3.13562, 2.88093, -0.170645
1, 1585296699.872281, 6.0485, -0.0782141, -0.514091
2, 1585296699.872281, 8.99989, 2.90146, -0.675197
3, 1585296699.872281, 17.0658, 9.19373, -1.39193
0, 1585296699.972294, 3.0579, 2.96294, -0.176411
1, 1585296699.972294, 6.04016, 0.0742961, -0.524557
2, 1585296699.972294, 8.91973, 3.12351, -0.684144
3, 1585296699.972294, 16.8332, 9.60666, -1.39867
0, 1585296700.072379, 2.95722, 3.05912, -0.198894
1, 1585296700.072379, 6.02319, 0.262273, -0.568798
2, 1585296700.072379, 8.80819, 3.3973, -0.74338
3, 1585296700.072379, 16.5174, 10.1174, -1.50107
0, 1585296700.172498, 2.83048, 3.16502, -0.202007
1, 1585296700.172498, 5.99432, 0.48087, -0.582592
2, 1585296700.172498, 8.66355, 3.71455, -0.765942
3, 1585296700.172498, 16.1221, 10.709, -1.54822
0, 1585296700.272524, 2.69393, 3.29937, -0.206956
1, 1585296700.272524, 5.96346, 0.745084, -0.587933
2, 1585296700.272524, 8.49953, 4.08394, -0.776313
3, 1585296700.272524, 15.6684, 11.3737, -1.5709
0, 1585296700.372583, 2.56413, 3.37082, -0.205387
1, 1585296700.372583, 5.9311, 0.94897, -0.602236
2, 1585296700.372583, 8.33266, 4.38606, -0.786734
3, 1585296700.372583, 15.2056, 11.956, -1.57689
0, 1585296700.472675, 2.503, 3.47075, -0.152203
1, 1585296700.472675, 5.91591, 1.11552, -0.557476
2, 1585296700.472675, 8.25518, 4.59775, -0.687901
3, 1585296700.472675, 14.9928, 12.3005, -1.34965
0, 1585296700.572806, 2.4162, 3.51974, -0.0951255
1, 1585296700.572806, 5.88014, 1.2349, -0.469234
2, 1585296700.572806, 8.15097, 4.76355, -0.553378
3, 1585296700.572806, 14.7414, 12.6019, -1.09319
0, 1585296700.672892, 2.27419, 3.5934, -0.0373873
1, 1585296700.672892, 5.81674, 1.43338, -0.416857
2, 1585296700.672892, 7.96566, 5.03846, -0.441984
3, 1585296700.672892, 14.2865, 13.104, -0.840381
0, 1585296700.772936, 2.13232, 3.64372, -0.0408578
1, 1585296700.772936, 5.7496, 1.61273, -0.427867
2, 1585296700.772936, 7.76752, 5.29273, -0.453192
3, 1585296700.772936, 13.7938, 13.5806, -0.854434
0, 1585296700.873059, 1.97687, 3.74352, -0.0561642
1, 1585296700.873059, 5.67072, 1.8607, -0.468341
2, 1585296700.873059, 7.53802, 5.6193, -0.503159
3, 1585296700.873059, 13.2216, 14.1443, -0.935295
0, 1585296700.973141, 1.77861, 3.81916, -0.060618
1, 1585296700.973141, 5.55358, 2.11237, -0.503091
2, 1585296700.973141, 7.24197, 5.95458, -0.546765
3, 1585296700.973141, 12.5154, 14.7376, -1.00985
0, 1585296701.073232, 1.57257, 3.9092, -0.0774901
1, 1585296701.073232, 5.42379, 2.39266, -0.554595
2, 1585296701.073232, 6.91768, 6.31435, -0.615726
3, 1585296701.073232, 11.7413, 15.3493, -1.13195
0, 1585296701.173303, 1.38818, 3.9787, -0.0842554
1, 1585296701.173303, 5.30622, 2.65451, -0.589042
2, 1585296701.173303, 6.60478, 6.64512, -0.651679
3, 1585296701.173303, 10.9743, 15.9076, -1.18019
0, 1585296701.273431, 1.29849, 4.04272, -0.0670529
1, 1585296701.273431, 5.24483, 2.81085, -0.584972
2, 1585296701.273431, 6.45069, 6.83056, -0.639261
3, 1585296701.273431, 10.6037, 16.193, -1.15162
0, 1585296701.373482, 1.18888, 4.06796, -0.0381791
1, 1585296701.373482, 5.16002, 2.91438, -0.546813
2, 1585296701.373482, 6.2888, 6.95665, -0.577603
3, 1585296701.373482, 10.2635, 16.3992, -1.03009
0, 1585296701.473670, 1.06665, 4.08437, 0.0151814
1, 1585296701.473670, 5.06722, 3.03015, -0.478168
2, 1585296701.473670, 6.09954, 7.09823, -0.465817
3, 1585296701.473670, 9.85085, 16.6363, -0.808915
0, 1585296701.573666, 0.975133, 4.10669, 0.0276913
1, 1585296701.573666, 4.99997, 3.14486, -0.457047
2, 1585296701.573666, 5.93999, 7.23516, -0.42781
3, 1585296701.573666, 9.47568, 16.8567, -0.727268
0, 1585296701.673759, 0.841506, 4.14342, 0.0230877
1, 1585296701.673759, 4.89225, 3.29928, -0.465049
2, 1585296701.673759, 5.71285, 7.4152, -0.435383
3, 1585296701.673759, 8.96675, 17.1357, -0.734861
0, 1585296701.773849, 0.673396, 4.17061, 0.0224222
1, 1585296701.773849, 4.75242, 3.48527, -0.478776
2, 1585296701.773849, 5.41223, 7.63, -0.447403
3, 1585296701.773849, 8.28427, 17.4701, -0.746814
0, 1585296701.873934, 0.472202, 4.20839, 0.00469014
1, 1585296701.873934, 4.5762, 3.71054, -0.513649
2, 1585296701.873934, 5.04368, 7.88144, -0.500298
3, 1585296701.873934, 7.45594, 17.8426, -0.848763
0, 1585296701.974012, 0.305579, 4.23407, -0.00255847
1, 1585296701.974012, 4.42491, 3.90494, -0.533753
2, 1585296701.974012, 4.72105, 8.09149, -0.520816
3, 1585296701.974012, 6.72185, 18.1432, -0.874288
0, 1585296702.074097, 0.230404, 4.27607, 0.00694443
1, 1585296702.074097, 4.35457, 4.02327, -0.528517
2, 1585296702.074097, 4.57385, 8.21453, -0.510363
3, 1585296702.074097, 6.38955, 18.3017, -0.852508
0, 1585296702.174137, 0.120461, 4.25843, 0.0388968
1, 1585296702.174137, 4.24963, 4.0857, -0.489803
2, 1585296702.174137, 4.39007, 8.28021, -0.451502
3, 1585296702.174137, 6.01648, 18.4012, -0.742672
0, 1585296702.274311, 0.00149478, 4.25224, 0.0772451
1, 1585296702.274311, 4.13889, 4.19063, -0.410126
2, 1585296702.274311, 4.17021, 8.3869, -0.336304
3, 1585296702.274311, 5.53673, 18.5486, -0.528421
0, 1585296702.374353, -0.131774, 4.2344, 0.0762509
1, 1585296702.374353, 4.00542, 4.29779, -0.412574
2, 1585296702.374353, 3.91062, 8.49301, -0.33361
3, 1585296702.374353, 4.97097, 18.6915, -0.513707
0, 1585296702.474482, -0.28745, 4.24193, 0.077277
1, 1585296702.474482, 3.83963, 4.45226, -0.454056
2, 1585296702.474482, 3.59782, 8.64135, -0.363727
3, 1585296702.474482, 4.29607, 18.8712, -0.529497
0, 1585296702.574563, -0.482813, 4.20917, 0.07389
1, 1585296702.574563, 3.62081, 4.60372, -0.529391
2, 1585296702.574563, 3.18983, 8.77796, -0.457664
3, 1585296702.574563, 3.41806, 19.0278, -0.690935
0, 1585296702.674592, -0.61696, 4.19809, 0.0664705
1, 1585296702.674592, 3.4635, 4.72034, -0.594173
2, 1585296702.674592, 2.90263, 8.87909, -0.52123
3, 1585296702.674592, 2.80548, 19.1306, -0.769333
0, 1585296702.774719, -0.691076, 4.19511, 0.0597127
1, 1585296702.774719, 3.37705, 4.79604, -0.610057
2, 1585296702.774719, 2.73446, 8.9431, -0.5461
3, 1585296702.774719, 2.43482, 19.1901, -0.81883
0, 1585296702.874799, -0.740841, 4.19695, 0.0776659
1, 1585296702.874799, 3.31907, 4.85409, -0.589141
2, 1585296702.874799, 2.62196, 8.99204, -0.5083
3, 1585296702.874799, 2.18754, 19.2352, -0.739151
0, 1585296702.974880, -0.796276, 4.18479, 0.0920869
1, 1585296702.974880, 3.25995, 4.88391, -0.554129
2, 1585296702.974880, 2.52138, 9.01451, -0.466114
3, 1585296702.974880, 1.98624, 19.2534, -0.67318
0, 1585296703.075079, -0.81666, 4.16629, 0.10132
1, 1585296703.075079, 3.23528, 4.89246, -0.541961
2, 1585296703.075079, 2.47071, 9.01811, -0.444313
3, 1585296703.075079, 1.87122, 19.2539, -0.627094
0, 1585296703.175044, -0.818933, 4.17626, 0.0980183
1, 1585296703.175044, 3.23325, 4.90253, -0.543625
2, 1585296703.175044, 2.46847, 9.02816, -0.44669
3, 1585296703.175044, 1.86864, 19.2639, -0.630694
0, 1585296703.275125, -0.847129, 4.17572, 0.100241
1, 1585296703.275125, 3.20047, 4.92428, -0.544736
2, 1585296703.275125, 2.41275, 9.04562, -0.449242
3, 1585296703.275125, 1.75567, 19.2778, -0.637778
0, 1585296703.375231, -0.827434, 4.16579, 0.107191
1, 1585296703.375231, 3.2274, 4.89201, -0.517567
2, 1585296703.375231, 2.46315, 9.01768, -0.418081
3, 1585296703.375231, 1.86631, 19.2538, -0.590661
0, 1585296703.475307, -0.788451, 4.17953, 0.108077
1, 1585296703.475307, 3.27374, 4.87084, -0.508434
2, 1585296703.475307, 2.54511, 9.00294, -0.408465
3, 1585296703.475307, 2.0374, 19.244, -0.577314
0, 1585296703.575373, -0.764254, 4.21228, 0.103441
1, 1585296703.575373, 3.3022, 4.88128, -0.509527
2, 1585296703.575373, 2.59627, 9.01731, -0.409625
3, 1585296703.575373, 2.14513, 19.261, -0.577539
0, 1585296703.675504, -0.68982, 4.22192, 0.0920167
1, 1585296703.675504, 3.38718, 4.82203, -0.52223
2, 1585296703.675504, 2.74998, 8.96942, -0.431158
3, 1585296703.675504, 2.4689, 19.2188, -0.620893
0, 1585296703.775605, -0.579048, 4.22433, 0.0752092
1, 1585296703.775605, 3.50915, 4.74377, -0.538096
2, 1585296703.775605, 2.95191, 8.90294, -0.461093
3, 1585296703.775605, 2.86846, 19.1552, -0.684675
0, 1585296703.875654, -0.453435, 4.22815, 0.0744776
1, 1585296703.875654, 3.64893, 4.63884, -0.526604
2, 1585296703.875654, 3.20174, 8.81134, -0.453452
3, 1585296703.875654, 3.39037, 19.062, -0.682582
0, 1585296703.975777, -0.317375, 4.24642, 0.0687123
1, 1585296703.975777, 3.79895, 4.52347, -0.513075
2, 1585296703.975777, 3.4869, 8.70833, -0.444682
3, 1585296703.975777, 4.00876, 18.9474, -0.679365
0, 1585296704.075848, -0.146489, 4.25385, 0.0606313
1, 1585296704.075848, 3.98083, 4.36301, -0.498515
2, 1585296704.075848, 3.8378, 8.55721, -0.440637
3, 1585296704.075848, 4.77435, 18.7662, -0.693791
0, 1585296704.175906, 0.0502095, 4.25177, 0.0624746
1, 1585296704.175906, 4.18073, 4.17612, -0.478337
2, 1585296704.175906, 4.22609, 8.37242, -0.413881
3, 1585296704.175906, 5.62169, 18.5294, -0.645374
0, 1585296704.275952, 0.178804, 4.28957, 0.0411082
1, 1585296704.275952, 4.30396, 4.08369, -0.506655
2, 1585296704.275952, 4.47989, 8.27674, -0.456685
3, 1585296704.275952, 6.19015, 18.3845, -0.725482
0, 1585296704.376089, 0.294009, 4.28028, 0.0193268
1, 1585296704.376089, 4.41151, 3.97193, -0.537846
2, 1585296704.376089, 4.68958, 8.15961, -0.504468
3, 1585296704.376089, 6.64469, 18.2217, -0.816441
0, 1585296704.476175, 0.402342, 4.2696, -0.0128849
1, 1585296704.476175, 4.50854, 3.85964, -0.587699
2, 1585296704.476175, 4.88578, 8.03969, -0.587271
3, 1585296704.476175, 7.07681, 18.05, -0.984647
0, 1585296704.576291, 0.525982, 4.22047, -0.0545642
1, 1585296704.576291, 4.61611, 3.70999, -0.662568
2, 1585296704.576291, 5.0903, 7.87996, -0.702464
3, 1585296704.576291, 7.50948, 17.8327, -1.20794
0, 1585296704.676403, 0.691254, 4.22073, 0.014811
1, 1585296704.676403, 4.77714, 3.59459, -0.507539
2, 1585296704.676403, 5.37219, 7.74922, -0.517414
3, 1585296704.676403, 8.08786, 17.6298, -0.923455
0, 1585296704.776439, 0.822588, 4.15879, -0.0327232
1, 1585296704.776439, 4.87374, 3.3798, -0.616409
2, 1585296704.776439, 5.62336, 7.50926, -0.642264
3, 1585296704.776439, 8.6997, 17.281, -1.10614
0, 1585296704.876471, 1.07305, 4.12974, 0.0246113
1, 1585296704.876471, 5.09706, 3.14849, -0.426918
2, 1585296704.876471, 6.05299, 7.23522, -0.423616
3, 1585296704.876471, 9.62839, 16.8403, -0.775612
0, 1585296704.976602, 1.27337, 4.04421, -0.016108
1, 1585296704.976602, 5.22731, 2.84179, -0.545206
2, 1585296704.976602, 6.40793, 6.86931, -0.563694
3, 1585296704.976602, 10.5021, 16.2618, -0.992726
0, 1585296705.076663, 1.42975, 4.01665, -0.0203131
1, 1585296705.076663, 5.34524, 2.67844, -0.507689
2, 1585296705.076663, 6.66307, 6.66318, -0.523217
3, 1585296705.076663, 11.0802, 15.9091, -0.932068
0, 1585296705.176728, 1.51281, 3.96819, -0.0280324
1, 1585296705.176728, 5.40163, 2.54936, -0.500641
2, 1585296705.176728, 6.80135, 6.50609, -0.51283
3, 1585296705.176728, 11.4095, 15.6588, -0.908976
0, 1585296705.276869, 1.6166, 3.96511, -0.0793041
1, 1585296705.276869, 5.47318, 2.45842, -0.544052
2, 1585296705.276869, 6.95748, 6.38385, -0.598316
3, 1585296705.276869, 11.7603, 15.4311, -1.09404
0, 1585296705.376990, 1.68226, 3.91369, -0.111015
1, 1585296705.376990, 5.50036, 2.31895, -0.599114
2, 1585296705.376990, 7.07149, 6.20989, -0.683967
3, 1585296705.376990, 12.0711, 15.145, -1.26113
0, 1585296705.477034, 1.86835, 3.79092, -0.088619
1, 1585296705.477034, 5.63324, 2.06881, -0.556907
2, 1585296705.477034, 7.33478, 5.90474, -0.631358
3, 1585296705.477034, 12.6351, 14.6668, -1.17712
0, 1585296705.577154, 2.03173, 3.71033, -0.0883604
1, 1585296705.577154, 5.72037, 1.82391, -0.529584
2, 1585296705.577154, 7.58811, 5.58165, -0.60738
3, 1585296705.577154, 13.2687, 14.1021, -1.1528
0, 1585296705.677232, 2.24101, 3.60191, -0.0930901
1, 1585296705.677232, 5.82163, 1.51247, -0.508836
2, 1585296705.677232, 7.89511, 5.16067, -0.589232
3, 1585296705.677232, 14.0419, 13.3513, -1.13299
0, 1585296705.777334, 2.42318, 3.5045, -0.0971475
1, 1585296705.777334, 5.89534, 1.23816, -0.506043
2, 1585296705.777334, 8.1487, 4.77804, -0.588223
3, 1585296705.777334, 14.6979, 12.6505, -1.13416
0, 1585296705.877379, 2.54767, 3.43282, -0.135661
1, 1585296705.877379, 5.94299, 1.05077, -0.531881
2, 1585296705.877379, 8.31098, 4.51413, -0.645289
3, 1585296705.877379, 15.1136, 12.1632, -1.26296
0, 1585296705.977470, 2.69305, 3.32806, -0.143413
1, 1585296705.977470, 5.9916, 0.814199, -0.542677
2, 1585296705.977470, 8.49358, 4.18181, -0.662701
3, 1585296705.977470, 15.5903, 11.5573, -1.29736
0, 1585296706.077553, 2.86829, 3.22734, -0.20172
1, 1585296706.077553, 6.0531, 0.567337, -0.576873
2, 1585296706.077553, 8.69834, 3.82114, -0.751799
3, 1585296706.077553, 16.1059, 10.872, -1.51196
0, 1585296706.177627, 2.97044, 3.12495, -0.264215
1, 1585296706.177627, 6.07175, 0.36745, -0.634913
2, 1585296706.177627, 8.81082, 3.53901, -0.866825
3, 1585296706.177627, 16.4178, 10.3577, -1.76366
0, 1585296706.277737, 3.05628, 3.03236, -0.27243
1, 1585296706.277737, 6.07563, 0.185644, -0.645358
2, 1585296706.277737, 8.90482, 3.27621, -0.888668
3, 1585296706.277737, 16.7039, 9.87039, -1.81381
0, 1585296706.377843, 3.1612, 2.89679, -0.293895
1, 1585296706.377843, 6.08018, -0.0540606, -0.656395
2, 1585296706.377843, 9.01303, 2.93609, -0.925747
3, 1585296706.377843, 17.0312, 9.25307, -1.9107
0, 1585296706.477933, 3.2787, 2.77494, -0.311888
1, 1585296706.477933, 6.07569, -0.294724, -0.648589
2, 1585296706.477933, 9.12805, 2.57165, -0.935186
3, 1585296706.477933, 17.3977, 8.55001, -1.95381
0, 1585296706.578054, 3.38558, 2.6244, -0.289335
1, 1585296706.578054, 6.03903, -0.570535, -0.622477
2, 1585296706.578054, 9.22108, 2.15241, -0.896667
3, 1585296706.578054, 17.7604, 7.74441, -1.88413
0, 1585296706.678106, 3.45058, 2.53895, -0.287618
1, 1585296706.678106, 6.01881, -0.725161, -0.618036
2, 1585296706.678106, 9.27211, 1.91255, -0.88938
3, 1585296706.678106, 17.9574, 7.27638, -1.86909
0, 1585296706.778129, 3.5088, 2.4706, -0.291024
1, 1585296706.778129, 6.02261, -0.83506, -0.626821
2, 1585296706.778129, 9.3187, 1.74895, -0.898492
3, 1585296706.778129, 18.0904, 6.96989, -1.88068
0, 1585296706.878206, 3.57762, 2.38946, -0.348224
1, 1585296706.878206, 5.99818, -0.986544, -0.668935
2, 1585296706.878206, 9.36154, 1.50391, -0.986005
3, 1585296706.878206, 18.2654, 6.47419, -2.0734
0, 1585296706.978347, 3.66952, 2.30313, -0.378934
1, 1585296706.978347, 5.98917, -1.14598, -0.665747
2, 1585296706.978347, 9.42405, 1.24075, -1.01255
3, 1585296706.978347, 18.4691, 5.93457, -2.16127
0, 1585296707.078421, 3.72343, 2.21833, -0.384445
1, 1585296707.078421, 5.93422, -1.3041, -0.638003
2, 1585296707.078421, 9.4438, 0.970704, -0.989043
3, 1585296707.078421, 18.6363, 5.36891, -2.13757
0, 1585296707.178523, 3.8105, 1.95813, -0.335349
1, 1585296707.178523, 5.8946, -1.64199, -0.569986
2, 1585296707.178523, 9.48674, 0.504383, -0.893575
3, 1585296707.178523, 18.841, 4.56707, -1.96968
0, 1585296707.278585, 3.89166, 1.81773, -0.300076
1, 1585296707.278585, 5.82778, -1.86521, -0.51621
2, 1585296707.278585, 9.5088, 0.13122, -0.798114
3, 1585296707.278585, 19.034, 3.80493, -1.76744
0, 1585296707.378711, 3.96979, 1.68772, -0.310672
1, 1585296707.378711, 5.76113, -2.06821, -0.519221
2, 1585296707.378711, 9.51688, -0.217069, -0.806946
3, 1585296707.378711, 19.1773, 3.08127, -1.78798
0, 1585296707.478770, 4.01554, 1.59235, -0.33903
1, 1585296707.478770, 5.72154, -2.20413, -0.527772
2, 1585296707.478770, 9.51691, -0.439708, -0.83933
3, 1585296707.478770, 19.2457, 2.63439, -1.87183
0, 1585296707.578887, 4.01471, 1.5362, -0.380719
1, 1585296707.578887, 5.66901, -2.28358, -0.559555
2, 1585296707.578887, 9.4842, -0.571373, -0.916987
3, 1585296707.578887, 19.2426, 2.36751, -2.05743
0, 1585296707.678964, 4.05454, 1.41503, -0.452276
1, 1585296707.678964, 5.63006, -2.43939, -0.595552
2, 1585296707.678964, 9.4747, -0.809443, -1.0164
3, 1585296707.678964, 19.2772, 1.91638, -2.29912
0, 1585296707.779061, 4.08435, 1.40086, -0.473434
1, 1585296707.779061, 5.6158, -2.47174, -0.603775
2, 1585296707.779061, 9.47685, -0.887338, -1.04768
3, 1585296707.779061, 19.3043, 1.72143, -2.38208
0, 1585296707.879119, 4.11673, 1.37796, -0.482687
1, 1585296707.879119, 5.60253, -2.51244, -0.611244
2, 1585296707.879119, 9.48223, -0.973736, -1.05328
3, 1585296707.879119, 19.3405, 1.51878, -2.3826
0, 1585296707.979239, 4.12289, 1.27322, -0.41658
1, 1585296707.979239, 5.52575, -2.64826, -0.53181
2, 1585296707.979239, 9.44288, -1.19337, -0.924798
3, 1585296707.979239, 19.3681, 1.08672, -2.1312
0, 1585296708.079341, 4.14216, 1.20835, -0.394192
1, 1585296708.079341, 5.49564, -2.73027, -0.515717
2, 1585296708.079341, 9.43248, -1.32403, -0.88839
3, 1585296708.079341, 19.3907, 0.833513, -2.04761
0, 1585296708.179448, 4.16048, 1.19971, -0.405479
1, 1585296708.179448, 5.49083, -2.74691, -0.522684
2, 1585296708.179448, 9.4356, -1.3642, -0.899548
3, 1585296708.179448, 19.4056, 0.733558, -2.06755
0, 1585296708.279478, 4.15312, 1.16781, -0.387154
1, 1585296708.279478, 5.47087, -2.78286, -0.510097
2, 1585296708.279478, 9.42108, -1.41221, -0.873688
3, 1585296708.279478, 19.4008, 0.655606, -2.01137
0, 1585296708.379614, 4.16213, 1.14207, -0.378428
1, 1585296708.379614, 5.45543, -2.81664, -0.502463
2, 1585296708.379614, 9.41467, -1.47034, -0.858794
3, 1585296708.379614, 19.4089, 0.536139, -1.97925
0, 1585296708.479661, 4.16672, 1.1292, -0.37392
1, 1585296708.479661, 5.44657, -2.83389, -0.497447
2, 1585296708.479661, 9.41078, -1.5011, -0.849383
3, 1585296708.479661, 19.4129, 0.471336, -1.95904
0, 1585296708.579731, 4.17146, 1.11177, -0.361016
1, 1585296708.579731, 5.44956, -2.85175, -0.488823
2, 1585296708.579731, 9.41528, -1.52038, -0.828782
3, 1585296708.579731, 19.4211, 0.448883, -1.91079
0, 1585296708.679845, 4.16222, 1.11241, -0.348227
1, 1585296708.679845, 5.45325, -2.84685, -0.477989
2, 1585296708.679845, 9.41523, -1.5024, -0.810068
3, 1585296708.679845, 19.4164, 0.50011, -1.87362
0, 1585296708.779937, 4.15395, 1.13914, -0.327776
1, 1585296708.779937, 5.46485, -2.81347, -0.461326
2, 1585296708.779937, 9.42146, -1.44893, -0.774967
3, 1585296708.779937, 19.4168, 0.604815, -1.79507
0, 1585296708.879987, 4.14862, 1.18412, -0.306135
1, 1585296708.879987, 5.48493, -2.75972, -0.446712
2, 1585296708.879987, 9.43431, -1.36936, -0.737302
3, 1585296708.879987, 19.4212, 0.750409, -1.70381
0, 1585296708.980064, 4.1399, 1.21951, -0.288588
1, 1585296708.980064, 5.52249, -2.70769, -0.446399
2, 1585296708.980064, 9.45671, -1.27001, -0.711167
3, 1585296708.980064, 19.4225, 0.970927, -1.62059
0, 1585296709.080133, 4.0935, 1.28587, -0.274754
1, 1585296709.080133, 5.55282, -2.61303, -0.443184
2, 1585296709.080133, 9.4585, -1.09786, -0.698143
3, 1585296709.080133, 19.3797, 1.34038, -1.58716
0, 1585296709.180206, 4.0663, 1.36626, -0.26874
1, 1585296709.180206, 5.61727, -2.49646, -0.450988
2, 1585296709.180206, 9.48599, -0.888563, -0.701684
3, 1585296709.180206, 19.3465, 1.78648, -1.58474
0, 1585296709.280357, 4.03583, 1.55419, -0.299089
1, 1585296709.280357, 5.72381, -2.2502, -0.490682
2, 1585296709.280357, 9.53115, -0.504179, -0.756538
3, 1585296709.280357, 19.2853, 2.52397, -1.67926
0, 1585296709.380407, 3.91787, 1.73675, -0.294244
1, 1585296709.380407, 5.79534, -1.97618, -0.514853
2, 1585296709.380407, 9.50829, -0.03819, -0.785656
3, 1585296709.380407, 19.0927, 3.48499, -1.72952
0, 1585296709.480603, 3.82153, 1.91292, -0.258566
1, 1585296709.480603, 5.85142, -1.71732, -0.504112
2, 1585296709.480603, 9.48169, 0.374603, -0.749428
3, 1585296709.480603, 18.9144, 4.29845, -1.63941
0, 1585296709.580619, 3.81151, 2.01091, -0.192495
1, 1585296709.580619, 5.89794, -1.58724, -0.436337
2, 1585296709.580619, 9.50101, 0.55897, -0.600179
3, 1585296709.580619, 18.8894, 4.62648, -1.29223
0, 1585296709.680664, 3.76483, 2.0767, -0.122231
1, 1585296709.680664, 5.92507, -1.4786, -0.351408
2, 1585296709.680664, 9.48639, 0.739185, -0.467794
3, 1585296709.680664, 18.7994, 4.99427, -1.04022
0, 1585296709.780749, 3.72032, 2.16147, -0.0919542
1, 1585296709.780749, 5.95009, -1.34843, -0.352864
2, 1585296709.780749, 9.46804, 0.939186, -0.430182
3, 1585296709.780749, 18.6986, 5.38032, -0.917892
0, 1585296709.880793, 3.64272, 2.27255, -0.153434
1, 1585296709.880793, 5.96998, -1.17327, -0.417141
2, 1585296709.880793, 9.41917, 1.21431, -0.550269
3, 1585296709.880793, 18.5112, 5.91646, -1.17415
0, 1585296709.980868, 3.54485, 2.41247, -0.210582
1, 1585296709.980868, 6.00207, -0.940498, -0.491678
2, 1585296709.980868, 9.35278, 1.57996, -0.679151
3, 1585296709.980868, 18.2442, 6.63244, -1.44019
0, 1585296710.080955, 3.41486, 2.59574, -0.255082
1, 1585296710.080955, 6.03082, -0.632801, -0.559443
2, 1585296710.080955, 9.25126, 2.04906, -0.786398
3, 1585296710.080955, 17.8746, 7.53139, -1.65041
0, 1585296710.181081, 3.29902, 2.70356, -0.262984
1, 1585296710.181081, 6.0371, -0.421277, -0.575518
2, 1585296710.181081, 9.15007, 2.38336, -0.817415
3, 1585296710.181081, 17.5506, 8.19551, -1.72019
0, 1585296710.281161, 3.24605, 2.75008, -0.235436
1, 1585296710.281161, 6.049, -0.315578, -0.558788
2, 1585296710.281161, 9.10399, 2.55418, -0.774754
3, 1585296710.281161, 17.385, 8.544, -1.61811
0, 1585296710.381264, 3.15904, 2.78543, -0.196785
1, 1585296710.381264, 6.0301, -0.217901, -0.507191
2, 1585296710.381264, 9.02384, 2.71789, -0.690914
3, 1585296710.381264, 17.1796, 8.88791, -1.45208
0, 1585296710.481342, 3.07585, 2.96673, -0.149161
1, 1585296710.481342, 6.02321, 0.0380207, -0.45749
2, 1585296710.481342, 8.94433, 3.04854, -0.59508
3, 1585296710.481342, 16.9499, 9.42468, -1.2438
0, 1585296710.581437, 2.99523, 3.06053, -0.186167
1, 1585296710.581437, 6.02397, 0.21822, -0.51381
2, 1585296710.581437, 8.85508, 3.31216, -0.679663
3, 1585296710.581437, 16.6663, 9.91724, -1.40294
0, 1585296710.681547, 2.86049, 3.16086, -0.215922
1, 1585296710.681547, 5.99195, 0.434891, -0.56578
2, 1585296710.681547, 8.70218, 3.63366, -0.75978
3, 1585296710.681547, 16.2508, 10.529, -1.55823
0, 1585296710.781622, 2.70807, 3.29632, -0.217461
1, 1585296710.781622, 5.96665, 0.725243, -0.578786
2, 1585296710.781622, 8.51896, 4.0514, -0.772545
3, 1585296710.781622, 15.7244, 11.3043, -1.57401
0, 1585296710.881698, 2.56159, 3.38115, -0.20904
1, 1585296710.881698, 5.92609, 0.9544, -0.596815
2, 1585296710.881698, 8.33175, 4.38823, -0.788494
3, 1585296710.881698, 15.214, 11.9481, -1.5932
0, 1585296710.981812, 2.462, 3.45358, -0.208847
1, 1585296710.981812, 5.88595, 1.11343, -0.608393
2, 1585296710.981812, 8.20368, 4.60734, -0.797594
3, 1585296710.981812, 14.8911, 12.3404, -1.59999
0, 1585296711.081902, 2.31434, 3.48897, -0.191679
1, 1585296711.081902, 5.82096, 1.27645, -0.601198
2, 1585296711.081902, 8.00996, 4.85306, -0.777988
3, 1585296711.081902, 14.4112, 12.8272, -1.55343
0, 1585296711.181956, 2.15336, 3.61034, -0.177881
1, 1585296711.181956, 5.74322, 1.54304, -0.623456
2, 1585296711.181956, 7.78506, 5.20582, -0.796806
3, 1585296711.181956, 13.8542, 13.4353, -1.57518
0, 1585296711.282049, 2.01444, 3.73306, -0.207927
1, 1585296711.282049, 5.66449, 1.78041, -0.680879
2, 1585296711.282049, 7.58805, 5.50597, -0.868535
3, 1585296711.282049, 13.3878, 13.9234, -1.69013
0, 1585296711.382220, 1.90233, 3.78743, -0.268323
1, 1585296711.382220, 5.6023, 1.94773, -0.802205
2, 1585296711.382220, 7.4043, 5.73071, -1.04072
3, 1585296711.382220, 12.921, 14.3216, -2.00452
0, 1585296711.482185, 1.76627, 3.83251, -0.263023
1, 1585296711.482185, 5.52787, 2.12548, -0.806861
2, 1585296711.482185, 7.19421, 5.97013, -1.04576
3, 1585296711.482185, 12.4009, 14.7518, -2.01358
0, 1585296711.582317, 1.66776, 3.84848, -0.221538
1, 1585296711.582317, 5.4791, 2.25854, -0.773955
2, 1585296711.582317, 7.02996, 6.15287, -0.983956
3, 1585296711.582317, 11.9726, 15.0929, -1.88444
0, 1585296711.682412, 1.62722, 3.86799, -0.205314
1, 1585296711.682412, 5.45421, 2.31753, -0.761717
2, 1585296711.682412, 6.96746, 6.2276, -0.952809
3, 1585296711.682412, 11.824, 15.219, -1.80872
0, 1585296711.782477, 1.56012, 3.92939, -0.16021
1, 1585296711.782477, 5.40969, 2.43263, -0.70777
2, 1585296711.782477, 6.87341, 6.3632, -0.860314
3, 1585296711.782477, 11.6182, 15.4227, -1.62007
0, 1585296711.882572, 1.4154, 3.948, -0.103416
1, 1585296711.882572, 5.32113, 2.59307, -0.621883
2, 1585296711.882572, 6.64669, 6.57403, -0.721676
3, 1585296711.882572, 11.0765, 15.8019, -1.34452
0, 1585296711.982627, 1.31432, 3.97331, -0.0719857
1, 1585296711.982627, 5.25757, 2.72351, -0.570181
2, 1585296711.982627, 6.47933, 6.73817, -0.640239
3, 1585296711.982627, 10.6707, 16.0817, -1.18469
0, 1585296712.082720, 1.15197, 4.08954, -0.0951522
1, 1585296712.082720, 5.1342, 2.9763, -0.606871
2, 1585296712.082720, 6.21595, 7.03074, -0.686915
3, 1585296712.082720, 10.0792, 16.5129, -1.25978
0, 1585296712.182827, 0.970766, 4.13463, -0.0923211
1, 1585296712.182827, 5.0001, 3.20302, -0.598232
2, 1585296712.182827, 5.89736, 7.30231, -0.674746
3, 1585296712.182827, 9.32838, 16.9499, -1.23725
0, 1585296712.282899, 0.790964, 4.13901, -0.0750013
1, 1585296712.282899, 4.85884, 3.39063, -0.576686
2, 1585296712.282899, 5.57198, 7.52623, -0.634762
3, 1585296712.282899, 8.56904, 17.3199, -1.15125
0, 1585296712.382998, 0.700891, 4.17392, -0.0823003
1, 1585296712.382998, 4.78151, 3.51498, -0.605486
2, 1585296712.382998, 5.403, 7.66524, -0.670114
3, 1585296712.382998, 8.18065, 17.5222, -1.20918
0, 1585296712.483078, 0.624655, 4.19228, -0.057023
1, 1585296712.483078, 4.71519, 3.59906, -0.581389
2, 1585296712.483078, 5.27231, 7.75871, -0.626719
3, 1585296712.483078, 7.89705, 17.6599, -1.11936
0, 1585296712.583145, 0.534841, 4.20059, -0.0318623
1, 1585296712.583145, 4.6389, 3.69116, -0.538327
2, 1585296712.583145, 5.11311, 7.86123, -0.564589
3, 1585296712.583145, 7.5421, 17.8147, -1.00542
0, 1585296712.683267, 0.390389, 4.18487, 0.033904
1, 1585296712.683267, 4.51188, 3.817, -0.453263
2, 1585296712.683267, 4.84944, 8.00029, -0.417876
3, 1585296712.683267, 6.95381, 18.033, -0.703174
0, 1585296712.783342, 0.221865, 4.20256, 0.0426384
1, 1585296712.783342, 4.35043, 3.98803, -0.475313
2, 1585296712.783342, 4.53267, 8.18097, -0.441061
3, 1585296712.783342, 6.26084, 18.2849, -0.738705
0, 1585296712.883442, -0.00439882, 4.26706, 0.0308393
1, 1585296712.883442, 4.12498, 4.25181, -0.523585
2, 1585296712.883442, 4.10575, 8.44862, -0.484863
3, 1585296712.883442, 5.34355, 18.6243, -0.783021
0, 1585296712.983535, -0.203613, 4.25785, 0.0363655
1, 1585296712.983535, 3.91799, 4.44863, -0.542765
2, 1585296712.983535, 3.68961, 8.63925, -0.502894
3, 1585296712.983535, 4.41633, 18.864, -0.805944
0, 1585296713.083566, -0.330082, 4.22039, 0.0474695
1, 1585296713.083566, 3.78483, 4.53691, -0.524048
2, 1585296713.083566, 3.42997, 8.71863, -0.474526
3, 1585296713.083566, 3.84817, 18.9613, -0.751801
0, 1585296713.183660, -0.395654, 4.22608, 0.0738422
1, 1585296713.183660, 3.7159, 4.6018, -0.48591
2, 1585296713.183660, 3.30446, 8.77793, -0.410387
3, 1585296713.183660, 3.58485, 19.0269, -0.620921
0, 1585296713.283774, -0.458083, 4.22395, 0.086548
1, 1585296713.283774, 3.65191, 4.65427, -0.444623
2, 1585296713.283774, 3.18558, 8.82454, -0.36388
3, 1585296713.283774, 3.33381, 19.0767, -0.552858
0, 1585296713.383856, -0.519002, 4.21549, 0.0893683
1, 1585296713.383856, 3.5891, 4.69503, -0.413511
2, 1585296713.383856, 3.07313, 8.85938, -0.329515
3, 1585296713.383856, 3.1018, 19.1129, -0.501785
0, 1585296713.483969, -0.535637, 4.19817, 0.10696
1, 1585296713.483969, 3.57122, 4.69776, -0.386519
2, 1585296713.483969, 3.03684, 8.85944, -0.286367
3, 1585296713.483969, 3.02084, 19.1136, -0.416504
0, 1585296713.584009, -0.611589, 4.22281, 0.0949443
1, 1585296713.584009, 3.48186, 4.79186, -0.433452
2, 1585296713.584009, 2.87677, 8.94394, -0.337504
3, 1585296713.584009, 2.68319, 19.196, -0.488723
0, 1585296713.684119, -0.673253, 4.22785, 0.0813575
1, 1585296713.684119, 3.40823, 4.84999, -0.478843
2, 1585296713.684119, 2.74839, 8.99388, -0.389925
3, 1585296713.684119, 2.41663, 19.242, -0.568099
0, 1585296713.784225, -0.697574, 4.21745, 0.0857015
1, 1585296713.784225, 3.37975, 4.86798, -0.472528
2, 1585296713.784225, 2.69138, 9.00718, -0.381476
3, 1585296713.784225, 2.28919, 19.2528, -0.553859
0, 1585296713.884284, -0.701947, 4.19134, 0.0958948
1, 1585296713.884284, 3.37575, 4.85297, -0.446298
2, 1585296713.884284, 2.67639, 8.99028, -0.353207
3, 1585296713.884284, 2.24847, 19.2351, -0.515652
0, 1585296713.984361, -0.691596, 4.20266, 0.100605
1, 1585296713.984361, 3.38731, 4.85476, -0.444065
2, 1585296713.984361, 2.69823, 8.99369, -0.346393
3, 1585296713.984361, 2.29547, 19.2396, -0.498496
0, 1585296714.084495, -0.694728, 4.20241, 0.102582
1, 1585296714.084495, 3.38542, 4.85945, -0.4266
2, 1585296714.084495, 2.69149, 8.99754, -0.327545
3, 1585296714.084495, 2.27813, 19.2432, -0.471469
0, 1585296714.184566, -0.675627, 4.21321, 0.104976
1, 1585296714.184566, 3.40359, 4.85649, -0.447811
2, 1585296714.184566, 2.72452, 8.99688, -0.342449
3, 1585296714.184566, 2.34565, 19.244, -0.478419
0, 1585296714.284719, -0.648046, 4.2399, 0.093523
1, 1585296714.284719, 3.43522, 4.85703, -0.459119
2, 1585296714.284719, 2.78172, 9.00171, -0.360944
3, 1585296714.284719, 2.4662, 19.2507, -0.514305
0, 1585296714.384716, -0.566486, 4.23415, 0.0964337
1, 1585296714.384716, 3.52793, 4.77132, -0.457218
2, 1585296714.384716, 2.95586, 8.92798, -0.357144
3, 1585296714.384716, 2.84134, 19.1813, -0.506213
0, 1585296714.484797, -0.439515, 4.20971, 0.114626
1, 1585296714.484797, 3.67203, 4.64356, -0.401413
2, 1585296714.484797, 3.20536, 8.8132, -0.294471
3, 1585296714.484797, 3.3539, 19.0664, -0.415165
0, 1585296714.584995, -0.307522, 4.21877, 0.123964
1, 1585296714.584995, 3.82105, 4.51984, -0.348887
2, 1585296714.584995, 3.48951, 8.70213, -0.232044
3, 1585296714.584995, 3.97348, 18.9454, -0.315244
0, 1585296714.685003, -0.205655, 4.23042, 0.120139
1, 1585296714.685003, 3.93077, 4.4173, -0.342916
2, 1585296714.685003, 3.71444, 8.60719, -0.228299
3, 1585296714.685003, 4.48098, 18.8331, -0.313844
0, 1585296714.785107, -0.120711, 4.23619, 0.105893
1, 1585296714.785107, 4.01762, 4.34581, -0.36486
2, 1585296714.785107, 3.87922, 8.53912, -0.254814
3, 1585296714.785107, 4.83507, 18.749, -0.353853
0, 1585296714.885167, -0.0306441, 4.23876, 0.0846672
1, 1585296714.885167, 4.10562, 4.26178, -0.415489
2, 1585296714.885167, 4.05248, 8.45765, -0.332074
3, 1585296714.885167, 5.21304, 18.6453, -0.504905
0, 1585296714.985260, 0.095558, 4.26039, 0.0400515
1, 1585296714.985260, 4.22623, 4.16025, -0.495537
2, 1585296714.985260, 4.29377, 8.35651, -0.451382
3, 1585296714.985260, 5.74345, 18.5047, -0.7305
0, 1585296715.085355, 0.16331, 4.29294, 0.00905022
1, 1585296715.085355, 4.28948, 4.1225, -0.543233
2, 1585296715.085355, 4.42613, 8.31724, -0.518286
3, 1585296715.085355, 6.04112, 18.4389, -0.84919
0, 1585296715.185397, 0.324272, 4.26293, 0.0186218
1, 1585296715.185397, 4.44378, 3.94311, -0.51684
2, 1585296715.185397, 4.73239, 8.13012, -0.489336
3, 1585296715.185397, 6.71482, 18.1866, -0.808804
0, 1585296715.285534, 0.498338, 4.2109, 0.0231524
1, 1585296715.285534, 4.6041, 3.7079, -0.475918
2, 1585296715.285534, 5.07801, 7.87801, -0.449747
3, 1585296715.285534, 7.50753, 17.8362, -0.76111
0, 1585296715.385583, 0.719276, 4.15862, 0.0186335
1, 1585296715.385583, 4.79723, 3.45685, -0.468366
2, 1585296715.385583, 5.47244, 7.59915, -0.444874
3, 1585296715.385583, 8.38218, 17.4277, -0.758971
0, 1585296715.485665, 0.870691, 4.15092, -0.0049454
1, 1585296715.485665, 4.92028, 3.29452, -0.481171
2, 1585296715.485665, 5.74997, 7.40873, -0.478194
3, 1585296715.485665, 9.02591, 17.1197, -0.838688
0, 1585296715.585750, 0.981385, 4.11215, -0.0059537
1, 1585296715.585750, 5.00551, 3.14169, -0.479195
2, 1585296715.585750, 5.95115, 7.2308, -0.475077
3, 1585296715.585750, 9.50052, 16.8454, -0.831874
0, 1585296715.685827, 1.12235, 4.0806, -0.0528565
1, 1585296715.685827, 5.10505, 2.97721, -0.58205
2, 1585296715.685827, 6.18173, 7.03357, -0.625024
3, 1585296715.685827, 10.0325, 16.5256, -1.11346
0, 1585296715.785924, 1.27839, 4.04846, -0.121062
1, 1585296715.785924, 5.21382, 2.79376, -0.666475
2, 1585296715.785924, 6.43541, 6.80739, -0.782968
3, 1585296715.785924, 10.6208, 16.1453, -1.45468
0, 1585296715.886088, 1.40814, 4.01813, -0.132776
1, 1585296715.886088, 5.30659, 2.64507, -0.658287
2, 1585296715.886088, 6.64835, 6.62009, -0.776725
3, 1585296715.886088, 11.1145, 15.8271, -1.44696
0, 1585296715.986096, 1.59521, 3.95449, -0.101546
1, 1585296715.986096, 5.42874, 2.39867, -0.594366
2, 1585296715.986096, 6.95877, 6.30566, -0.692221
3, 1585296715.986096, 11.863, 15.2912, -1.30238
0, 1585296716.086217, 1.82168, 3.85603, -0.0705188
1, 1585296716.086217, 5.55617, 2.06136, -0.508813
2, 1585296716.086217, 7.33143, 5.86386, -0.576521
3, 1585296716.086217, 12.8025, 14.5219, -1.09657
0, 1585296716.186340, 2.07918, 3.66514, -0.0949998
1, 1585296716.186340, 5.68719, 1.63081, -0.545744
2, 1585296716.186340, 7.70337, 5.31043, -0.648394
3, 1585296716.186340, 13.7176, 13.5944, -1.25704
0, 1585296716.286386, 2.25141, 3.55072, -0.147448
1, 1585296716.286386, 5.75961, 1.35198, -0.613799
2, 1585296716.286386, 7.93981, 4.93554, -0.755032
3, 1585296716.286386, 14.3186, 12.934, -1.46207
0, 1585296716.386458, 2.3883, 3.44723, -0.204519
1, 1585296716.386458, 5.79529, 1.09959, -0.694782
2, 1585296716.386458, 8.12119, 4.58738, -0.896429
3, 1585296716.386458, 14.8187, 12.3054, -1.75732
0, 1585296716.486536, 2.54696, 3.35113, -0.288703
1, 1585296716.486536, 5.84746, 0.850404, -0.749577
2, 1585296716.486536, 8.31881, 4.23066, -1.03489
3, 1585296716.486536, 15.3341, 11.636, -2.08926
0, 1585296716.586606, 2.68021, 3.27064, -0.325007
1, 1585296716.586606, 5.8937, 0.651144, -0.738637
2, 1585296716.586606, 8.48425, 3.93957, -1.03938
3, 1585296716.586606, 15.7625, 11.0832, -2.11634
0, 1585296716.686694, 2.78025, 3.16828, -0.310965
1, 1585296716.686694, 5.91583, 0.448632, -0.672946
2, 1585296716.686694, 8.60962, 3.65386, -0.964674
3, 1585296716.686694, 16.1159, 10.5633, -2.00365
0, 1585296716.786796, 2.9637, 2.97832, -0.251068
1, 1585296716.786796, 5.95107, 0.0939165, -0.590481
2, 1585296716.786796, 8.81792, 3.14931, -0.837246
3, 1585296716.786796, 16.6994, 9.64515, -1.76025
0, 1585296716.886820, 3.20985, 2.81915, -0.26233
1, 1585296716.886820, 5.98191, -0.275137, -0.579236
2, 1585296716.886820, 9.0631, 2.56386, -0.827094
3, 1585296716.886820, 17.3969, 8.46881, -1.74568
0, 1585296716.986975, 3.45572, 2.54261, -0.279766
1, 1585296716.986975, 5.94032, -0.78959, -0.56713
2, 1585296716.986975, 9.26334, 1.76045, -0.831593
3, 1585296716.986975, 18.0929, 6.88902, -1.78111
0, 1585296717.087079, 3.6251, 2.18604, -0.314423
1, 1585296717.087079, 5.87076, -1.31236, -0.5929
2, 1585296717.087079, 9.361, 0.99911, -0.893503
3, 1585296717.087079, 18.5191, 5.49618, -1.92775
0, 1585296717.187118, 3.72076, 2.01852, -0.359112
1, 1585296717.187118, 5.80083, -1.58366, -0.597843
2, 1585296717.187118, 9.39344, 0.559242, -0.938675
3, 1585296717.187118, 18.7467, 4.61263, -2.05782
0, 1585296717.287251, 3.81492, 1.86219, -0.388477
1, 1585296717.287251, 5.72952, -1.83237, -0.59798
2, 1585296717.287251, 9.41431, 0.142745, -0.967193
3, 1585296717.287251, 18.938, 3.75875, -2.14583
0, 1585296717.387348, 3.92072, 1.69553, -0.408897
1, 1585296717.387348, 5.67305, -2.08079, -0.5765
2, 1585296717.387348, 9.44089, -0.27177, -0.958514
3, 1585296717.387348, 19.1148, 2.91412, -2.15491
0, 1585296717.487485, 3.98609, 1.57007, -0.448303
1, 1585296717.487485, 5.62552, -2.25774, -0.587872
2, 1585296717.487485, 9.44307, -0.564421, -1.00511
3, 1585296717.487485, 19.2005, 2.32308, -2.27792
0, 1585296717.587488, 4.02842, 1.42173, -0.391389
1, 1585296717.587488, 5.54029, -2.45759, -0.547871
2, 1585296717.587488, 9.41588, -0.889746, -0.917726
3, 1585296717.587488, 19.2754, 1.67952, -2.08118
0, 1585296717.687564, 4.07579, 1.30143, -0.352825
1, 1585296717.687564, 5.49367, -2.61379, -0.494473
2, 1585296717.687564, 9.40975, -1.1414, -0.82838
3, 1585296717.687564, 19.3396, 1.18536, -1.90011
0, 1585296717.787707, 4.09889, 1.20878, -0.336522
1, 1585296717.787707, 5.44271, -2.73269, -0.472029
2, 1585296717.787707, 9.38651, -1.33494, -0.800387
3, 1585296717.787707, 19.3605, 0.802587, -1.85674
0, 1585296717.887786, 4.09329, 1.10555, -0.315428
1, 1585296717.887786, 5.33911, -2.86803, -0.449565
2, 1585296717.887786, 9.31829, -1.56866, -0.754294
3, 1585296717.887786, 19.3481, 0.320805, -1.75301
0, 1585296717.987826, 4.10305, 1.03178, -0.297708
1, 1585296717.987826, 5.28479, -2.96155, -0.424807
2, 1585296717.987826, 9.28567, -1.72706, -0.714688
3, 1585296717.987826, 19.3486, -0.00106307, -1.67522
0, 1585296718.087949, 4.11158, 0.99806, -0.279712
1, 1585296718.087949, 5.25984, -3.0049, -0.4109
2, 1585296718.087949, 9.27231, -1.80387, -0.680713
3, 1585296718.087949, 19.3537, -0.16149, -1.59393
0, 1585296718.188039, 4.11338, 0.984549, -0.267724
1, 1585296718.188039, 5.25267, -3.02097, -0.398792
2, 1585296718.188039, 9.26887, -1.82915, -0.653278
3, 1585296718.188039, 19.3572, -0.209649, -1.52934
0, 1585296718.288086, 4.1022, 0.989218, -0.250065
1, 1585296718.288086, 5.25854, -3.01118, -0.387948
2, 1585296718.288086, 9.27084, -1.80212, -0.621949
3, 1585296718.288086, 19.356, -0.138585, -1.45054
0, 1585296718.388162, 4.08567, 1.04672, -0.230273
1, 1585296718.388162, 5.29754, -2.93671, -0.382041
2, 1585296718.388162, 9.29328, -1.67135, -0.601166
3, 1585296718.388162, 19.3565, 0.134825, -1.39811
0, 1585296718.488267, 4.03769, 1.13748, -0.210435
1, 1585296718.488267, 5.34565, -2.81509, -0.371196
2, 1585296718.488267, 9.30994, -1.45298, -0.581464
3, 1585296718.488267, 19.3276, 0.59792, -1.35979
0, 1585296718.588337, 3.96627, 1.26043, -0.229911
1, 1585296718.588337, 5.41381, -2.64302, -0.39448
2, 1585296718.588337, 9.3262, -1.14045, -0.61931
3, 1585296718.588337, 19.2614, 1.26622, -1.43413
0, 1585296718.688389, 3.87041, 1.50397, -0.263156
1, 1585296718.688389, 5.52901, -2.31353, -0.450533
2, 1585296718.688389, 9.35091, -0.597466, -0.702281
3, 1585296718.688389, 19.1318, 2.35407, -1.58951
0, 1585296718.788518, 3.78394, 1.81784, -0.264742
1, 1585296718.788518, 5.73063, -1.85874, -0.49395
2, 1585296718.788518, 9.4077, 0.148836, -0.746864
3, 1585296718.788518, 18.9276, 3.85284, -1.6501
0, 1585296718.888617, 3.63527, 2.07088, -0.234759
1, 1585296718.888617, 5.82375, -1.46541, -0.488851
2, 1585296718.888617, 9.35899, 0.785336, -0.715514
3, 1585296718.888617, 18.6121, 5.12438, -1.563
0, 1585296718.988695, 3.51039, 2.28939, -0.168907
1, 1585296718.988695, 5.88135, -1.12443, -0.458266
2, 1585296718.988695, 9.29704, 1.30943, -0.614978
3, 1585296718.988695, 18.3199, 6.13419, -1.30408
0, 1585296719.088794, 3.36059, 2.49739, -0.106657
1, 1585296719.088794, 5.93226, -0.768716, -0.386812
2, 1585296719.088794, 9.19993, 1.86327, -0.487165
3, 1585296719.088794, 17.9298, 7.21608, -1.03677
0, 1585296719.188862, 3.18657, 2.67557, -0.0526693
1, 1585296719.188862, 5.94297, -0.434516, -0.350998
2, 1585296719.188862, 9.05524, 2.38098, -0.394157
3, 1585296719.188862, 17.4681, 8.23034, -0.810821
0, 1585296719.288931, 3.02585, 2.85601, -0.0946659
1, 1585296719.288931, 5.96377, -0.0793727, -0.42852
2, 1585296719.288931, 8.89687, 2.92156, -0.50879
3, 1585296719.288931, 16.9296, 9.27544, -1.02659
0, 1585296719.389142, 2.76496, 3.05525, -0.164995
1, 1585296719.389142, 5.90695, 0.343787, -0.532773
2, 1585296719.389142, 8.60755, 3.55337, -0.675494
3, 1585296719.389142, 16.1372, 10.4821, -1.35531
0, 1585296719.489155, 2.51238, 3.37028, -0.184159
1, 1585296719.489155, 5.86246, 0.929302, -0.606064
2, 1585296719.489155, 8.28675, 4.35164, -0.765827
3, 1585296719.489155, 15.2091, 11.8816, -1.50388
0, 1585296719.589216, 2.30151, 3.49611, -0.166609
1, 1585296719.589216, 5.77233, 1.233, -0.603781
2, 1585296719.589216, 8.01558, 4.77673, -0.761649
3, 1585296719.589216, 14.5364, 12.657, -1.49988
0, 1585296719.689314, 2.10256, 3.61058, -0.148042
1, 1585296719.689314, 5.68311, 1.52621, -0.588922
2, 1585296719.689314, 7.74587, 5.17863, -0.730208
3, 1585296719.689314, 13.8639, 13.379, -1.42942
0, 1585296719.789400, 1.88003, 3.69883, -0.103726
1, 1585296719.789400, 5.57684, 1.82385, -0.524891
2, 1585296719.789400, 7.43084, 5.58804, -0.61753
3, 1585296719.789400, 13.0813, 14.1266, -1.19266
0, 1585296719.889450, 1.65516, 3.79936, -0.0978849
1, 1585296719.889450, 5.44894, 2.13254, -0.531812
2, 1585296719.889450, 7.09239, 5.99355, -0.614402
3, 1585296719.889450, 12.2624, 14.8326, -1.16917
0, 1585296719.989557, 1.42981, 3.91521, -0.119671
1, 1585296719.989557, 5.30084, 2.44954, -0.595396
2, 1585296719.989557, 6.73701, 6.39161, -0.707639
3, 1585296719.989557, 11.426, 15.4893, -1.34734
0, 1585296720.089622, 1.12918, 4.00526, -0.115789
1, 1585296720.089622, 5.09636, 2.83865, -0.625575
2, 1585296720.089622, 6.22843, 6.87857, -0.737409
3, 1585296720.089622, 10.2086, 16.3073, -1.38674
0, 1585296720.189719, 0.781442, 4.09203, -0.0760337
1, 1585296720.189719, 4.8269, 3.27432, -0.646092
2, 1585296720.189719, 5.60961, 7.39713, -0.716207
3, 1585296720.189719, 8.76465, 17.1382, -1.28316
0, 1585296720.289799, 0.575936, 4.16134, -0.0637009
1, 1585296720.289799, 4.65098, 3.54497, -0.674828
2, 1585296720.289799, 5.23078, 7.70139, -0.730922
3, 1585296720.289799, 7.90104, 17.5876, -1.27664
0, 1585296720.389926, 0.311282, 4.18312, -0.0281038
1, 1585296720.389926, 4.41536, 3.79465, -0.632285
2, 1585296720.389926, 4.76673, 7.97685, -0.661553
3, 1585296720.389926, 6.89268, 17.9976, -1.14007
0, 1585296720.489980, 0.0599549, 4.20242, 0.037018
1, 1585296720.489980, 4.18634, 4.03789, -0.515462
2, 1585296720.489980, 4.31777, 8.23276, -0.484609
3, 1585296720.489980, 5.92017, 18.3568, -0.801249
0, 1585296720.590070, -0.142931, 4.1783, 0.0879887
1, 1585296720.590070, 3.99015, 4.21841, -0.436785
2, 1585296720.590070, 3.92103, 8.4139, -0.346286
3, 1585296720.590070, 5.04052, 18.6063, -0.5096
0, 1585296720.690188, -0.309231, 4.18245, 0.0660386
1, 1585296720.690188, 3.81576, 4.38527, -0.484092
2, 1585296720.690188, 3.5795, 8.57502, -0.411276
3, 1585296720.690188, 4.28959, 18.8032, -0.625387
0, 1585296720.790243, -0.491886, 4.15995, 0.0754922
1, 1585296720.790243, 3.61647, 4.54091, -0.503859
2, 1585296720.790243, 3.19942, 8.71653, -0.430952
3, 1585296720.790243, 3.46419, 18.9657, -0.653925
0, 1585296720.890338, -0.634489, 4.14694, 0.084437
1, 1585296720.890338, 3.45652, 4.68172, -0.496104
2, 1585296720.890338, 2.88559, 8.83877, -0.405933
3, 1585296720.890338, 2.77146, 19.0915, -0.58739
0, 1585296720.990451, -0.682135, 4.14082, 0.110704
1, 1585296720.990451, 3.40277, 4.72728, -0.462874
2, 1585296720.990451, 2.78224, 8.87671, -0.351981
3, 1585296720.990451, 2.54606, 19.1282, -0.480995
0, 1585296721.090509, -0.725699, 4.14583, 0.137932
1, 1585296721.090509, 3.35115, 4.79233, -0.428391
2, 1585296721.090509, 2.67391, 8.93195, -0.28688
3, 1585296721.090509, 2.29774, 19.1799, -0.33933
0, 1585296721.190597, -0.759383, 4.12962, 0.150745
1, 1585296721.190597, 3.31381, 4.80808, -0.404368
2, 1585296721.190597, 2.60525, 8.94213, -0.253881
3, 1585296721.190597, 2.15243, 19.1871, -0.28106
0, 1585296721.290699, -0.758019, 4.12495, 0.159161
1, 1585296721.290699, 3.31845, 4.79875, -0.377237
2, 1585296721.290699, 2.61504, 8.9335, -0.221672
3, 1585296721.290699, 2.17667, 19.1791, -0.230703
0, 1585296721.390732, -0.733486, 4.12835, 0.15847
1, 1585296721.390732, 3.34767, 4.78281, -0.366165
2, 1585296721.390732, 2.66414, 8.92076, -0.207116
3, 1585296721.390732, 2.27609, 19.1684, -0.204028
0, 1585296721.490871, -0.757223, 4.14763, 0.141201
1, 1585296721.490871, 3.31981, 4.82594, -0.385163
2, 1585296721.490871, 2.61001, 8.96005, -0.242262
3, 1585296721.490871, 2.15695, 19.205, -0.278908
0, 1585296721.590946, -0.746369, 4.1529, 0.144918
1, 1585296721.590946, 3.32943, 4.82829, -0.394629
2, 1585296721.590946, 2.62302, 8.96291, -0.249673
3, 1585296721.590946, 2.17712, 19.2081, -0.285431
0, 1585296721.691022, -0.682163, 4.1794, 0.134056
1, 1585296721.691022, 3.39871, 4.80457, -0.427197
2, 1585296721.691022, 2.74264, 8.9477, -0.288729
3, 1585296721.691022, 2.4194, 19.1974, -0.34699
0, 1585296721.791123, -0.594353, 4.21603, 0.107271
1, 1585296721.791123, 3.49513, 4.76326, -0.472415
2, 1585296721.791123, 2.91456, 8.91846, -0.361071
3, 1585296721.791123, 2.77646, 19.1717, -0.490884
0, 1585296721.891226, -0.479244, 4.20987, 0.0925942
1, 1585296721.891226, 3.62219, 4.65979, -0.486327
2, 1585296721.891226, 3.13913, 8.82769, -0.384606
3, 1585296721.891226, 3.24145, 19.081, -0.537534
0, 1585296721.991247, -0.322951, 4.2003, 0.069625
1, 1585296721.991247, 3.78971, 4.50717, -0.523033
2, 1585296721.991247, 3.44867, 8.68961, -0.445764
3, 1585296721.991247, 3.89845, 18.9325, -0.662289
0, 1585296722.091361, -0.136303, 4.23712, 0.0498382
1, 1585296722.091361, 3.98473, 4.36532, -0.550146
2, 1585296722.091361, 3.82238, 8.55885, -0.494403
3, 1585296722.091361, 4.70794, 18.7719, -0.765428
0, 1585296722.191411, 0.0384558, 4.25278, 0.0190041
1, 1585296722.191411, 4.16344, 4.20151, -0.565169
2, 1585296722.191411, 4.17905, 8.39845, -0.541026
3, 1585296722.191411, 5.4984, 18.5624, -0.883791
0, 1585296722.291606, 0.246652, 4.23738, 0.005103
1, 1585296722.291606, 4.36628, 3.99296, -0.567829
2, 1585296722.291606, 4.57626, 8.18473, -0.558462
3, 1585296722.291606, 6.36596, 18.2754, -0.933574
0, 1585296722.391615, 0.477329, 4.21028, 0.000217108
1, 1585296722.391615, 4.58182, 3.7444, -0.543344
2, 1585296722.391615, 5.01635, 7.91888, -0.536694
3, 1585296722.391615, 7.3475, 17.8984, -0.909264
0, 1585296722.491708, 0.686242, 4.19698, -0.0118777
1, 1585296722.491708, 4.76451, 3.53245, -0.546213
2, 1585296722.491708, 5.40012, 7.68108, -0.54579
3, 1585296722.491708, 8.21123, 17.5358, -0.930589
0, 1585296722.591824, 0.899027, 4.15934, -0.0199377
1, 1585296722.591824, 4.93938, 3.28838, -0.545628
2, 1585296722.591824, 5.78362, 7.39962, -0.554781
3, 1585296722.591824, 9.08925, 17.0988, -0.960112
