0, 1.95165, 3.7686, -0.226584, 4.2, 30.1, 0
0, 1.93719, 3.77718, -0.244019, 4.3, 30.1, 2
0, 1.92187, 3.789, -0.244387, 4.2, 30.1, 0
0, 1.90247, 3.79998, -0.235378, 4.6, 30.4, -1
0, 1.87546, 3.80933, -0.20869, 4.2, 31.2, -9
0, 1.8446, 3.78861, -0.0762848, 3.5, 32.8, -10
0, 2.28974, 3.57496, -0.129213, 3.7, 23.9, -8
0, 2.34446, 3.56313, -0.12999, 3.5, 23, -10
0, 2.39429, 3.54151, -0.119361, 3.4, 22.6, -9
0, 2.54161, 3.37396, -0.103714, 3.5, 22.1, -8
0, 2.61132, 3.30124, -0.112223, 3.9, 19.7, -6
0, 2.67894, 3.23256, -0.119611, 4.4, 18.2, -4
0, 2.7396, 3.17763, -0.123146, 4.1, 16.8, -4
0, 2.79752, 3.12504, -0.127204, 4.3, 15.6, -3
0, 2.84593, 3.0806, -0.133064, 4.4, 14.4, -3
0, 2.8945, 3.03565, -0.138681, 4.4, 13.8, 0
0, 2.94391, 2.9887, -0.143484, 4.2, 12.6, -3
0, 2.99303, 2.9438, -0.147393, 4.2, 11.4, -3
0, 3.0414, 2.90586, -0.148184, 4.1, 10.4, -4
0, 3.0929, 2.86898, -0.14002, 4.1, 8.5, -3
0, 3.15509, 2.83605, -0.10033, 4.3, 7.3, -3
0, 3.21243, 2.80714, -0.0725917, 4.1, 6.7, -2
0, 3.25248, 2.79259, -0.0875868, 4.2, 5.9, -5
0, 3.29111, 2.76372, -0.0990282, 4.1, 5.2, -4
0, 3.3249, 2.68279, -0.0976996, 4.1, 4.5, -8
0, 3.35864, 2.60007, -0.101706, 4, 3.7, -5
0, 3.39247, 2.51016, -0.12516, 4.2, 2.7, -4
0, 3.42844, 2.42322, -0.148582, 4, 1.6, -2
0, 3.47228, 2.34707, -0.171924, 4.2, 1.7, -2
0, 3.51385, 2.2742, -0.192491, 4, -1.4, 5
0, 3.54697, 2.21358, -0.202776, 4.1, -2.4, 6
0, 3.58256, 2.15239, -0.216181, 4, -3.5, 11
0, 3.62766, 2.0886, -0.241326, 4.2, -5.3, 11
0, 3.67628, 2.02702, -0.256453, 4.1, -6.5, 14
0, 3.73854, 1.97333, -0.233743, 4.2, -7.4, 12
0, 3.78446, 1.92123, -0.233956, 4.1, -8.3, 11
0, 3.76855, 1.87508, -0.321053, 4.2, -8.9, 12
0, 3.77187, 1.83366, -0.386777, 4.1, -9.5, 15
0, 3.84982, 1.8108, -0.369267, 4.2, -10.8, 13
0, 3.91716, 1.77524, -0.353956, 4.2, -11.5, 14
0, 3.94383, 1.69016, -0.347071, 4.2, -11.9, 11
0, 3.96394, 1.60411, -0.33814, 4.2, -11.9, 11
0, 3.95842, 1.51455, -0.321271, 4.2, -12.6, 9
0, 3.95673, 1.42906, -0.307558, 4.2, -14, 9
0, 3.97039, 1.36069, -0.306638, 4.1, -15.1, 8
0, 3.98456, 1.29722, -0.305007, 4.2, -16.1, 9
0, 4.00068, 1.25369, -0.300551, 4.1, -17.1, 8
0, 4.01583, 1.21268, -0.296017, 4.2, -18.4, 10
0, 4.02698, 1.18189, -0.291172, 4.1, -19, 10
0, 4.03777, 1.15092, -0.287028, 4.2, -19.6, 11
0, 4.04718, 1.11897, -0.285702, 4.1, -20.1, 9
0, 4.05823, 1.08767, -0.283712, 4.2, -20.7, 8
0, 4.07603, 1.05895, -0.278996, 4.2, -21.3, 7
0, 4.09226, 1.03107, -0.276695, 4.2, -21.8, 9
0, 4.10211, 1.00661, -0.284339, 4.1, -22, 8
0, 4.11058, 0.98554, -0.290404, 4.2, -22.1, 10
0, 4.11332, 0.978656, -0.289886, 4.1, -22.2, 8
0, 4.11529, 0.971534, -0.288938, 4.2, -22.3, 9
0, 4.11399, 0.963431, -0.286176, 4.1, -22.4, 7
0, 4.11286, 0.95678, -0.283123, 4.2, -22.4, 9
0, 4.1125, 0.956338, -0.278847, 4.1, -22.4, 8
0, 4.11248, 0.957761, -0.274683, 4.2, -22.4, 8
0, 4.114, 0.967264, -0.270957, 4.1, -22.4, 7
0, 4.11492, 0.977199, -0.268014, 4.2, -22.3, 8
0, 4.1132, 0.989048, -0.268472, 4.2, -22.2, 7
0, 4.11131, 1.00311, -0.269761, 4.2, -21.9, 9
0, 4.10866, 1.0269, -0.274677, 4.1, -21.8, 7
0, 4.10389, 1.05403, -0.278712, 4.2, -21.4, 10
0, 4.08974, 1.09596, -0.278815, 4.1, -20.6, 9
0, 4.07424, 1.14006, -0.279363, 4.2, -19.7, 10
0, 4.05272, 1.19386, -0.281921, 4.1, -18.8, 8
0, 4.02932, 1.25104, -0.285944, 4.2, -17.3, 10
0, 3.99749, 1.32334, -0.296586, 4.1, -15.9, 9
0, 3.95977, 1.41517, -0.306748, 4.2, -14.4, 11
0, 3.89505, 1.59668, -0.314665, 4.1, -12.7, 11
0, 3.83578, 1.76126, -0.31933, 4.2, -11.9, 13
0, 3.80129, 1.84891, -0.308843, 4.1, -10.8, 11
0, 3.76602, 1.93259, -0.297566, 4, -7.9, 14
0, 3.72688, 1.99835, -0.282517, 4.1, -6.8, 12
0, 3.68752, 2.06413, -0.267415, 4, -5.6, 12
0, 3.64731, 2.12973, -0.252133, 4.1, -3.9, 8
0, 3.60645, 2.19353, -0.235817, 4, -2.8, 7
0, 3.563, 2.24801, -0.214763, 4.1, -1.8, 1
0, 3.51389, 2.30415, -0.203234, 4, -0.7, 2
0, 3.43789, 2.36794, -0.237537, 4.1, 0.7, 3
0, 3.37302, 2.43498, -0.258336, 3.9, 2.1, 6
0, 3.36216, 2.51797, -0.213492, 4, 3.6, 6
0, 3.33914, 2.59786, -0.181916, 4, 4.8, 10
0, 3.25595, 2.66212, -0.216118, 3.9, 6.6, 7
0, 3.16914, 2.72662, -0.245002, 4, 8.5, 7
0, 3.0636, 2.79272, -0.247334, 4.1, 9.9, 6
0, 2.96409, 2.86437, -0.249268, 4, 11.6, 9
0, 2.89494, 2.96403, -0.249199, 4.1, 13.1, 8
0, 2.82658, 3.05914, -0.249914, 4.1, 14.2, 9
0, 2.76096, 3.13273, -0.254647, 4.1, 14.9, 6
0, 2.6955, 3.20322, -0.260145, 4.1, 16.2, 9
0, 2.63048, 3.2581, -0.269615, 4.1, 17.4, 8
0, 2.56433, 3.31091, -0.276706, 4.1, 19.2, 8
0, 2.49136, 3.35365, -0.271546, 4.1, 20.6, 7
0, 2.41724, 3.39762, -0.268072, 4.1, 21.7, 8
0, 2.33596, 3.44875, -0.273513, 4, 22.7, 5
0, 2.25475, 3.49868, -0.278391, 4, 24.2, 8
0, 2.17335, 3.54251, -0.280263, 4.1, 26.6, 6
0, 2.08868, 3.58806, -0.280132, 4.1, 28.7, 5
0, 1.98633, 3.64287, -0.269287, 4.1, 29.7, 2
0, 1.87819, 3.69568, -0.256443, 4.1, 30.7, 1
0, 1.74, 3.73699, -0.232897, 4.1, 33.3, -3
0, 1.6086, 3.78004, -0.209029, 3.9, 34.9, -6
0, 1.51557, 3.8324, -0.183541, 4.1, 36.6, -10
0, 1.42524, 3.88133, -0.15859, 3.9, 36.2, -10
0, 1.76064, 3.70275, -0.150177, 4.1, 33.6, -8
0, 1.82777, 3.67351, -0.170772, 3.9, 31.2, -3
0, 1.90559, 3.63367, -0.177977, 4.1, 30.3, -3
0, 1.98415, 3.59323, -0.185146, 4.2, 29.7, 0
0, 2.07053, 3.54642, -0.191896, 4.1, 28.2, -2
0, 2.15738, 3.49779, -0.198541, 4.1, 26.1, 2
0, 2.25005, 3.42922, -0.204124, 4.1, 23.2, 1
0, 2.3433, 3.36094, -0.209983, 4.2, 22, 2
0, 2.44143, 3.29711, -0.218817, 4.1, 20.5, 2
0, 2.53989, 3.23664, -0.227305, 4.1, 18.7, 5
0, 2.64227, 3.21575, -0.231732, 4, 17.1, 5
0, 2.74014, 3.19088, -0.235231, 4.2, 16.2, 7
0, 2.78503, 3.12027, -0.227957, 4.1, 15.1, 4
0, 2.83009, 3.05038, -0.221631, 4, 14.5, 6
0, 2.87814, 2.98748, -0.22634, 4.1, 13.9, 6
0, 2.92545, 2.92676, -0.231582, 4.1, 13, 8
0, 2.96399, 2.89219, -0.243334, 4.1, 11.9, 7
0, 3.00274, 2.8568, -0.254756, 4.1, 11.1, 10
0, 3.0447, 2.81087, -0.262231, 4.1, 8.9, 8
0, 3.08738, 2.76437, -0.268848, 4, 7.9, 10
0, 3.14056, 2.70923, -0.26464, 4.1, 6.4, 8
0, 3.19386, 2.65324, -0.261144, 4, 5.1, 10
0, 3.24963, 2.58541, -0.266781, 4.1, 3.9, 8
0, 3.30548, 2.51645, -0.273267, 4, 2.4, 10
0, 3.36314, 2.43121, -0.291362, 4.1, 0.5, 7
0, 3.42351, 2.34948, -0.310145, 4, -1.1, 11
0, 3.52188, 2.31378, -0.338683, 4.2, -2.1, 12
0, 3.61447, 2.27421, -0.365875, 4, -2.9, 15
0, 3.62563, 2.1792, -0.374132, 4.1, -3.7, 14
0, 3.63783, 2.08491, -0.38299, 4, -4.9, 15
0, 3.66539, 1.99789, -0.400737, 4.1, -6.3, 14
0, 3.69378, 1.91243, -0.418852, 4, -7.3, 13
0, 3.73388, 1.8502, -0.442172, 4.2, -8.3, 10
0, 3.77327, 1.78833, -0.464692, 4, -9.1, 9
0, 3.80207, 1.73197, -0.475325, 4.1, -10.4, 8
0, 3.83108, 1.67538, -0.485412, 4.2, -11.7, 10
0, 3.86256, 1.61703, -0.486848, 4.2, -11.9, 7
1, 5.77388, 1.44461, -0.552657, 5.8, -20.8, 7
1, 5.76402, 1.47011, -0.548574, 5.8, -20.4, 6
1, 5.7539, 1.49345, -0.543779, 5.8, -20.1, 8
1, 5.74333, 1.51293, -0.537715, 5.8, -19.8, 6
1, 5.73071, 1.53506, -0.529557, 5.8, -19.4, 7
1, 5.71448, 1.56185, -0.517662, 5.8, -19.2, 5
1, 5.69925, 1.59725, -0.505594, 5.8, -18.8, 6
1, 5.68591, 1.64803, -0.49328, 5.8, -18.4, 5
1, 5.67486, 1.69552, -0.49004, 5.8, -17.9, 8
1, 5.66798, 1.73698, -0.503413, 5.8, -17.4, 6
1, 5.66613, 1.77854, -0.511764, 5.8, -16.9, 7
1, 5.67359, 1.82016, -0.510818, 5.8, -16.4, 3
1, 5.6672, 1.85838, -0.537532, 5.8, -16.3, 3
1, 5.63523, 1.89016, -0.615251, 5.8, -16, 0
1, 5.61135, 1.91747, -0.677329, 5.6, -15.9, -4
1, 5.60262, 1.93636, -0.710046, 6.2, -15.5, -4
1, 5.59424, 1.95814, -0.731386, 6.2, -15.1, -3
1, 5.58656, 1.98525, -0.731209, 6.2, -14.6, -1
1, 5.5774, 2.0165, -0.719228, 6.3, -14.2, 0
1, 5.56551, 2.05539, -0.684996, 6.1, -13.6, 3
1, 5.54746, 2.09624, -0.65182, 5.8, -12.5, 7
1, 5.51763, 2.14097, -0.620535, 5.8, -11.8, 5
1, 5.48455, 2.21379, -0.590332, 5.8, -11.6, 9
1, 5.44524, 2.34029, -0.562215, 5.8, -11.6, 7
1, 5.3982, 2.46152, -0.544107, 5.8, -11.1, 9
1, 5.33642, 2.57243, -0.545238, 5.1, -8.2, 8
1, 5.27936, 2.67408, -0.549037, 5.9, -7.4, 9
1, 5.23172, 2.75735, -0.557984, 6.6, -6.4, 9
1, 5.19013, 2.83269, -0.565042, 5.8, -5.6, 11
1, 5.16044, 2.89239, -0.568404, 6.1, -4.5, 8
1, 5.13173, 2.94634, -0.572709, 5.8, -3.9, 9
1, 5.10502, 2.98884, -0.578855, 6, -3.1, 8
1, 5.08185, 3.02377, -0.577153, 5.8, -2.6, 10
1, 5.06566, 3.04376, -0.559992, 5.9, -2.4, 9
1, 5.0524, 3.06209, -0.542633, 5.8, -2.3, 11
1, 5.04494, 3.07714, -0.524834, 5.8, -2, 9
1, 5.03615, 3.0937, -0.50834, 5.7, -1.9, 10
1, 5.0247, 3.11325, -0.494472, 5.9, -1.7, 9
1, 5.01691, 3.12608, -0.481599, 5.8, -1.8, 10
1, 5.0165, 3.12534, -0.470755, 5.8, -1.9, 9
1, 5.01338, 3.12883, -0.464036, 5.7, -1.8, 10
1, 5.00478, 3.14086, -0.465647, 5.8, -1.6, 9
1, 4.9958, 3.15449, -0.46995, 5.7, -1.5, 10
1, 4.98609, 3.17136, -0.479801, 5.8, -1.3, 8
1, 4.97391, 3.193, -0.48279, 5.7, -1.1, 9
1, 4.95662, 3.22444, -0.471686, 5.8, -0.8, 7
1, 4.93513, 3.26168, -0.461207, 5.7, -0.4, 8
1, 4.90494, 3.3109, -0.452024, 5.8, 0.4, 7
1, 4.87095, 3.36119, -0.445897, 5.7, 1.1, 8
1, 4.82895, 3.4138, -0.446156, 5.7, 2, 7
1, 4.78611, 3.46818, -0.445209, 5.7, 2.9, 8
1, 4.74143, 3.52636, -0.441717, 5.8, 3.9, 7
1, 4.69035, 3.57943, -0.436114, 5.7, 4.6, 9
1, 4.62538, 3.622, -0.426002, 5.8, 5.4, 8
1, 4.5595, 3.6857, -0.416317, 5.7, 6.1, 8
1, 4.49175, 3.79437, -0.407556, 5.9, 7.2, 7
1, 4.42705, 3.89181, -0.401734, 5.7, 8.2, 8
1, 4.36903, 3.96484, -0.402248, 5.8, 9.2, 7
1, 4.3133, 4.02901, -0.401357, 5.7, 9.9, 8
1, 4.26211, 4.07443, -0.397415, 5.8, 10.1, 7
1, 4.21542, 4.1173, -0.394329, 5.7, 11.2, 9
1, 4.17823, 4.15489, -0.3931, 5.8, 12.1, 7
1, 4.14152, 4.19097, -0.392542, 5.7, 12.7, 10
1, 4.10583, 4.22382, -0.393454, 5.8, 13.4, 9
1, 4.07142, 4.25385, -0.392989, 5.7, 14, 10
1, 4.03999, 4.27755, -0.389501, 5.8, 14.3, 8
1, 4.00923, 4.30104, -0.387072, 5.7, 14.5, 10
1, 3.98012, 4.32394, -0.387015, 5.8, 14.7, 8
1, 3.95256, 4.34463, -0.387994, 5.7, 14.9, 9
1, 3.92818, 4.36056, -0.3913, 5.8, 15.1, 7
1, 3.9028, 4.38016, -0.394482, 5.7, 15.6, 8
1, 3.87514, 4.40805, -0.397385, 5.8, 16, 6
1, 3.85059, 4.43472, -0.400015, 5.7, 16.2, 8
1, 3.83292, 4.45881, -0.402039, 5.8, 16.6, 6
1, 3.81771, 4.47785, -0.402847, 5.7, 16.7, 7
1, 3.80818, 4.48519, -0.400846, 5.8, 16.9, 6
1, 3.79753, 4.49388, -0.397897, 5.7, 16.9, 7
1, 3.78432, 4.50571, -0.392761, 5.8, 17.1, 5
1, 3.77103, 4.51742, -0.386822, 5.7, 17.1, 7
1, 3.7576, 4.52887, -0.379016, 5.8, 17.2, 5
1, 3.74379, 4.53937, -0.371997, 5.7, 17.4, 6
1, 3.72912, 4.54761, -0.366853, 5.8, 17.7, 5
1, 3.71689, 4.55501, -0.362429, 5.7, 17.9, 6
1, 3.7104, 4.56046, -0.359697, 5.8, 17.9, 5
1, 3.70375, 4.56541, -0.35743, 5.7, 18.1, 6
1, 3.69673, 4.56916, -0.356272, 5.8, 18.2, 5
1, 3.6899, 4.57351, -0.356304, 5.8, 18.2, 7
1, 3.6835, 4.57925, -0.359171, 5.8, 18.4, 5
1, 3.67696, 4.58478, -0.362183, 5.7, 18.6, 7
1, 3.67015, 4.58977, -0.365526, 5.8, 18.6, 5
1, 3.66708, 4.59279, -0.369796, 5.7, 18.6, 7
1, 3.67314, 4.59106, -0.376328, 5.8, 18.6, 5
1, 3.67945, 4.58868, -0.383724, 5.7, 18.6, 7
1, 3.68639, 4.5847, -0.393283, 5.8, 18.6, 5
1, 3.69488, 4.57956, -0.403365, 5.7, 18.4, 7
1, 3.70716, 4.57156, -0.414745, 5.8, 18.2, 6
1, 3.72037, 4.56312, -0.426044, 5.7, 17.9, 7
1, 3.7359, 4.55357, -0.437167, 5.8, 17.7, 6
1, 3.75236, 4.54273, -0.448106, 5.7, 17.5, 7
1, 3.77115, 4.52863, -0.458592, 5.8, 17.2, 6
1, 3.79249, 4.51429, -0.469052, 5.8, 17, 8
1, 3.8203, 4.49932, -0.479458, 5.8, 16.8, 7
1, 3.8506, 4.48137, -0.48871, 5.8, 16.4, 8
1, 3.88717, 4.4559, -0.495026, 5.8, 15.8, 8
1, 3.92718, 4.42333, -0.498084, 5.8, 15.2, 10
1, 3.97592, 4.37261, -0.492782, 5.8, 14.9, 8
1, 4.02339, 4.32171, -0.48569, 5.8, 14.6, 10
1, 4.06765, 4.2702, -0.473961, 5.8, 14.3, 9
1, 4.10968, 4.22348, -0.463344, 5.7, 14, 10
1, 4.14606, 4.18902, -0.455576, 5.8, 13.2, 8
1, 4.18248, 4.15445, -0.447616, 5.8, 12.6, 9
1, 4.21881, 4.11985, -0.439207, 5.8, 12.1, 7
1, 4.25384, 4.08558, -0.430793, 5.7, 11.2, 8
1, 4.28522, 4.05241, -0.42242, 5.8, 10.4, 7
1, 4.31616, 4.02036, -0.415325, 5.7, 9.7, 9
1, 4.34584, 3.9914, -0.411663, 5.8, 9.1, 7
1, 4.37529, 3.9632, -0.409236, 5.7, 8.6, 9
1, 4.404, 3.93711, -0.410133, 5.8, 8, 8
1, 4.43546, 3.90878, -0.41084, 5.7, 7.4, 10
1, 4.47447, 3.87432, -0.411038, 5.9, 6.7, 8
1, 4.5159, 3.8315, -0.410015, 5.7, 6.1, 10
1, 4.56394, 3.76586, -0.405663, 5.8, 5.4, 8
1, 4.60986, 3.70105, -0.400292, 5.7, 5, 9
1, 4.64995, 3.63851, -0.39213, 5.9, 4.5, 7
1, 4.68768, 3.58252, -0.384417, 5.7, 4.1, 7
1, 4.71902, 3.54441, -0.377911, 5.8, 3.5, 5
1, 4.74912, 3.50721, -0.3717, 5.7, 3.1, 6
1, 4.77574, 3.4726, -0.36632, 5.9, 2.4, 5
1, 4.80187, 3.43892, -0.362014, 5.7, 1.9, 6
1, 4.82665, 3.40779, -0.360716, 5.8, 1.3, 4
1, 4.8514, 3.37714, -0.358934, 5.7, 0.9, 6
1, 4.87607, 3.34784, -0.355784, 5.7, 0.4, 4
1, 4.89873, 3.32023, -0.350974, 5.8, -0, 6
1, 4.91572, 3.29733, -0.341399, 5.9, -0.3, 4
1, 4.93182, 3.27532, -0.330803, 5.7, -0.6, 5
1, 4.94532, 3.25593, -0.317323, 5.8, -0.7, 2
1, 4.95739, 3.23694, -0.305046, 5.7, -0.9, 4
1, 4.96525, 3.21923, -0.296338, 5.7, -1.1, 3
1, 4.97653, 3.19441, -0.290945, 5.7, -1.3, 5
1, 4.99765, 3.14912, -0.295272, 5.8, -1.6, 4
1, 5.02162, 3.10389, -0.299501, 5.7, -1.9, 7
1, 5.05381, 3.05905, -0.303424, 5.8, -2.4, 5
1, 5.0845, 3.014, -0.305084, 5.8, -2.9, 7
1, 5.11072, 2.96832, -0.300033, 5.9, -3.6, 5
1, 5.1366, 2.92387, -0.299085, 5.7, -4.3, 6
1, 5.16159, 2.88287, -0.310486, 6, -4.9, 6
1, 5.18662, 2.84355, -0.324778, 5.8, -5.4, 8
1, 5.21212, 2.80881, -0.347985, 6.3, -6, 8
1, 5.24115, 2.77714, -0.359492, 5.7, -6.5, 9
1, 5.28087, 2.75482, -0.335449, 5.8, -5.9, 8
1, 5.31127, 2.72736, -0.336003, 6, -7.3, 10
1, 5.31307, 2.68382, -0.412617, 5.1, -7.8, 8
1, 5.32602, 2.64512, -0.466085, 5.8, -8.1, 9
1, 5.37333, 2.62146, -0.448057, 5.8, -8.7, 8
1, 5.41083, 2.58186, -0.439443, 5.1, -9, 10
1, 5.41806, 2.49221, -0.46014, 4.8, -9.7, 9
1, 5.43076, 2.40138, -0.473008, 5.8, -11.1, 11
1, 5.4607, 2.30633, -0.461387, 5.8, -11.6, 8
1, 5.49051, 2.21331, -0.45258, 5.8, -11.6, 8
1, 5.51985, 2.12683, -0.452645, 5.8, -11.8, 6
1, 5.54894, 2.04073, -0.452943, 5.8, -13, 8
1, 5.57701, 1.95664, -0.453983, 5.8, -14.5, 6
1, 5.6041, 1.87539, -0.455382, 5.8, -15.5, 9
1, 5.62795, 1.80356, -0.457931, 5.8, -16, 6
1, 5.65179, 1.73175, -0.462379, 5.8, -16.9, 6
1, 5.67542, 1.66059, -0.472972, 5.8, -18.1, 6
1, 5.69812, 1.59097, -0.482019, 5.8, -19, 8
1, 5.71789, 1.52614, -0.486005, 5.8, -19.9, 6
1, 5.73902, 1.46309, -0.490645, 5.8, -20.8, 6
1, 5.76472, 1.40554, -0.497461, 5.8, -21.4, 4
1, 5.78727, 1.34295, -0.499565, 5.8, -21.8, 6
1, 5.79921, 1.26372, -0.485927, 5.8, -22.4, 4
1, 5.81113, 1.17576, -0.472882, 5.8, -23.5, 6
1, 5.82293, 1.05888, -0.46185, 5.8, -24.3, 4
1, 5.83853, 0.939611, -0.454519, 5.8, -24.9, 4
1, 5.86706, 0.812168, -0.459842, 5.8, -25.9, 1
1, 5.89193, 0.687791, -0.46482, 5.9, -27.6, 3
1, 5.90418, 0.573561, -0.468625, 5.8, -28.7, 2
1, 5.91425, 0.463147, -0.472257, 5.8, -28.8, 2
1, 5.91675, 0.366026, -0.475293, 5.8, -29.4, 0
1, 5.92007, 0.269825, -0.478081, 5.8, -30.8, 1
1, 5.92624, 0.17636, -0.480024, 5.8, -32.4, -1
1, 5.9329, 0.0861995, -0.479966, 5.6, -34.1, 1
1, 5.94128, 0.00710961, -0.472882, 5.8, -35.4, -2
1, 5.95269, -0.0710913, -0.450491, 5.9, -36.1, 1
1, 5.97471, -0.14571, -0.374261, 5.8, -36.9, 0
1, 5.99023, -0.215974, -0.32448, 6, -37.8, 2
1, 5.98248, -0.270725, -0.369274, 5.8, -38.4, -1
1, 5.97367, -0.33964, -0.402744, 5.9, -38.7, -2
1, 5.96095, -0.460399, -0.395494, 6, -39.1, -6
1, 5.94659, -0.583615, -0.394047, 5.9, -38.9, -6
1, 5.92613, -0.716817, -0.413702, 5.3, -39, -6
1, 5.90545, -0.847996, -0.434403, 6, -41.3, -5
1, 5.82105, -0.855916, -0.567172, 6.3, -43.4, -8
1, 5.89586, -0.334645, -0.567144, 5.9, -38.2, -4
1, 5.92231, -0.139443, -0.589775, 5.3, -36.3, -7
1, 5.94093, 0.0488852, -0.610498, 6.1, -34.1, -5
1, 5.92008, 0.202637, -0.621611, 5.7, -32, -6
1, 5.89862, 0.350568, -0.631663, 6.3, -30.4, -6
1, 5.87365, 0.47148, -0.636483, 6.4, -29.8, -6
1, 5.84994, 0.591165, -0.641727, 6.3, -29.3, -7
1, 5.78624, 0.921858, -0.652418, 6.9, -29.1, -3
1, 5.75817, 1.02921, -0.651737, 5.8, -24.9, -2
1, 5.72627, 1.15342, -0.661223, 5.7, -23.8, -4
1, 5.69345, 1.27609, -0.670942, 5.7, -22.5, -3
1, 5.65542, 1.39131, -0.681987, 5.8, -21.1, -5
1, 5.61498, 1.5112, -0.691732, 5.6, -19.4, -1
1, 5.56162, 1.65626, -0.694542, 5.7, -17.5, -2
1, 5.50759, 1.8127, -0.694405, 5.6, -15.8, 0
1, 5.45061, 2.02901, -0.67827, 5.3, -13.4, 1
1, 5.39247, 2.2314, -0.659663, 5.6, -11.9, 5
1, 5.32828, 2.35561, -0.627514, 5.7, -11.9, 5
1, 5.26555, 2.47433, -0.596677, 5.6, -10.8, 7
1, 5.20982, 2.56456, -0.572608, 5, -7.9, 7
1, 5.15553, 2.65322, -0.546514, 5.6, -7.6, 10
1, 5.10897, 2.73344, -0.509012, 5.9, -5.8, 9
1, 5.06096, 2.81466, -0.476527, 5.9, -4.8, 11
1, 5.00557, 2.89995, -0.473257, 5.7, -3.3, 10
1, 4.94978, 2.98466, -0.471996, 5.6, -2.2, 11
1, 4.89217, 3.06529, -0.482347, 5.6, -1.1, 8
1, 4.83297, 3.14648, -0.494042, 5.6, -0.2, 6
1, 4.76493, 3.23047, -0.513499, 5.5, 1.3, 5
1, 4.69203, 3.31661, -0.533347, 5.6, 2.9, 6
1, 4.59085, 3.41495, -0.555397, 5.6, 4.5, 5
1, 4.49359, 3.5187, -0.574565, 5.6, 5.5, 5
1, 4.42041, 3.65425, -0.576344, 5.6, 6.7, 5
1, 4.35011, 3.78022, -0.575515, 5.6, 7.7, 6
1, 4.29685, 3.84894, -0.558867, 5.6, 8.8, 5
1, 4.24445, 3.91565, -0.540918, 5.6, 9.5, 7
1, 4.1969, 3.97045, -0.514827, 5.6, 9.4, 7
1, 4.15174, 4.02199, -0.488224, 5.6, 10.8, 10
1, 4.12128, 4.05343, -0.458439, 5.7, 11.7, 9
1, 4.08673, 4.08846, -0.431165, 5.6, 12.3, 11
1, 4.02689, 4.14572, -0.419938, 5.7, 13.2, 9
1, 3.96545, 4.20304, -0.408927, 5.6, 14.2, 9
1, 3.89453, 4.26002, -0.399421, 5.7, 14.7, 7
1, 3.82185, 4.31862, -0.391821, 5.6, 15.7, 7
1, 3.73817, 4.38746, -0.396827, 5.7, 17, 7
1, 3.651, 4.45357, -0.40274, 5.6, 18.4, 7
1, 3.54216, 4.50126, -0.414484, 5.6, 20.1, 6
1, 3.43566, 4.55654, -0.42412, 5.6, 21, 8
1, 3.34601, 4.6622, -0.419489, 5.7, 21.8, 7
1, 3.25889, 4.76172, -0.413517, 5.6, 22.4, 9
1, 3.18896, 4.81957, -0.398387, 5.7, 22.7, 6
1, 3.12092, 4.87478, -0.383896, 5.6, 23.5, 5
1, 3.06643, 4.91141, -0.373897, 5.7, 24.6, 5
1, 3.01277, 4.947, -0.363953, 5.6, 25.7, 6
1, 2.96547, 4.97502, -0.354509, 5.7, 26.9, 4
1, 2.91983, 5.00124, -0.344761, 5.6, 27.9, 5
1, 2.88622, 5.01468, -0.332926, 5.7, 28.6, 3
1, 2.85555, 5.02653, -0.321309, 5.6, 28.7, 4
1, 2.84603, 5.02694, -0.311302, 5.7, 28.9, 2
1, 2.83646, 5.02797, -0.302424, 5.6, 28.8, 3
1, 2.82657, 5.03352, -0.301564, 5.7, 29.1, 2
1, 2.81693, 5.03885, -0.300673, 5.6, 29.1, 4
1, 2.80928, 5.04255, -0.299551, 5.8, 29.1, 2
1, 2.80221, 5.04602, -0.298434, 5.7, 29.1, 4
1, 2.79969, 5.04765, -0.297385, 5.7, 29.2, 3
1, 2.79871, 5.04866, -0.297564, 5.6, 29.2, 4
1, 2.80947, 5.04504, -0.307073, 5.7, 29.1, 3
1, 2.82216, 5.04028, -0.31759, 5.6, 29.1, 4
1, 2.84963, 5.02687, -0.335792, 5.7, 28.9, 3
1, 2.87796, 5.01268, -0.353342, 5.6, 28.7, 5
1, 2.91355, 4.99213, -0.366137, 5.7, 28.6, 4
1, 2.95172, 4.96977, -0.378345, 5.6, 27.9, 6
1, 3.01053, 4.93295, -0.385861, 5.7, 26.7, 5
1, 3.07064, 4.89535, -0.39443, 5.6, 25.1, 7
1, 3.14216, 4.851, -0.411541, 5.7, 23.7, 7
1, 3.21585, 4.80545, -0.427968, 5.6, 22.7, 9
1, 3.30738, 4.75003, -0.438709, 5.7, 22.2, 6
1, 3.40516, 4.69036, -0.449436, 5.6, 21.2, 8
1, 3.55355, 4.59641, -0.459921, 5.7, 19.7, 6
1, 3.69846, 4.49764, -0.469122, 5.6, 17.4, 8
1, 3.81675, 4.35599, -0.467612, 5.7, 16, 9
1, 3.93083, 4.22163, -0.466553, 5.6, 14.7, 11
1, 4.00863, 4.1501, -0.469389, 5.7, 14.1, 9
1, 4.08512, 4.07972, -0.473434, 5.6, 13.2, 9
1, 4.15097, 4.01861, -0.487976, 5.7, 12.2, 6
1, 4.21594, 3.95753, -0.504137, 5.6, 11, 6
1, 4.27397, 3.89606, -0.534724, 5.7, 9.2, 6
1, 4.33285, 3.83304, -0.564249, 5.6, 8.2, 7
1, 4.39972, 3.75575, -0.58438, 5.6, 6.7, 6
1, 4.46776, 3.67765, -0.601132, 5.6, 5.5, 7
1, 4.54603, 3.59272, -0.587228, 5.7, 4.3, 5
1, 4.62476, 3.5057, -0.573444, 5.6, 3.1, 7
1, 4.70644, 3.40084, -0.560998, 5.7, 1.1, 5
1, 4.78886, 3.29402, -0.549608, 5.6, -0.6, 7
1, 4.87633, 3.17109, -0.548338, 5.6, -2.1, 9
1, 4.96479, 3.04361, -0.546674, 5.7, -3.9, 11
1, 5.0613, 2.87402, -0.541218, 5.8, -5.9, 9
1, 5.15387, 2.70993, -0.535652, 5.8, -7.1, 10
1, 5.21077, 2.59434, -0.528797, 4.9, -8, 7
1, 5.26681, 2.48057, -0.522555, 5.1, -8.8, 8
1, 5.31552, 2.38267, -0.522276, 4.9, -9.9, 9
1, 5.36376, 2.2852, -0.522969, 5.7, -11.5, 10
1, 5.40648, 2.19384, -0.533391, 5.7, -11.6, 5
1, 5.44894, 2.1025, -0.545181, 5.7, -11.9, 6
1, 5.48744, 2.01438, -0.570522, 5.7, -12.9, 3
1, 5.52651, 1.92424, -0.593927, 5.7, -14.6, 3
1, 5.57057, 1.81496, -0.596256, 5.7, -15.9, 2
1, 5.61469, 1.70445, -0.598785, 5.7, -17.1, 2
1, 5.65932, 1.58065, -0.603549, 5.8, -18.8, 2
1, 5.7034, 1.45395, -0.607589, 5.8, -20.5, 1
1, 5.74208, 1.29487, -0.603914, 5.8, -22.1, 0
1, 5.7804, 1.13551, -0.600362, 5.9, -24, 3
1, 5.81401, 0.975704, -0.598246, 5.8, -25.4, -2
1, 5.84647, 0.818312, -0.596107, 5.9, -27.8, -2
1, 5.86536, 0.689335, -0.593697, 5.3, -28.9, -3
1, 5.88339, 0.561475, -0.59073, 5.9, -28.9, 0
1, 5.89126, 0.447461, -0.581348, 5.7, -29.4, -2
1, 5.89941, 0.334472, -0.572839, 6.1, -30.1, -3
1, 5.91093, 0.2309, -0.57443, 6.3, -30.9, -5
1, 5.92188, 0.129947, -0.577367, 6.3, -32.1, -6
1, 5.92593, 0.0601872, -0.596673, 6.5, -33.4, -8
1, 5.92967, -0.0108943, -0.614689, 6.3, -34.3, -9
1, 5.92966, -0.0991608, -0.616952, 6.5, -35.1, -7
1, 5.92995, -0.188146, -0.618884, 6.3, -36.1, -7
1, 5.93414, -0.288814, -0.616619, 6.1, -37.9, -6
1, 5.93762, -0.390867, -0.614586, 6.2, -39.3, -10
1, 5.93201, -0.512523, -0.615516, 6, -39.6, -10
2, 7.9485, 5.02562, -0.626249, 9.1, -1.3, 18
2, 7.92239, 5.06101, -0.617684, 9.2, -1, 18
2, 7.89344, 5.09569, -0.607444, 9.1, -0.7, 18
2, 7.85944, 5.12907, -0.594225, 9.2, -0.4, 17
2, 7.82197, 5.16575, -0.577726, 9.1, -0.1, 17
2, 7.77838, 5.20825, -0.555385, 9.2, 0.4, 16
2, 7.73758, 5.25816, -0.532598, 9.1, 0.7, 17
2, 7.70207, 5.32124, -0.509126, 9.2, 1.2, 18
2, 7.66964, 5.38044, -0.501567, 9.1, 1.6, 19
2, 7.64286, 5.43255, -0.52314, 9.1, 1.9, 18
2, 7.62103, 5.48471, -0.53715, 9.1, 2.3, 18
2, 7.60842, 5.53681, -0.537153, 9.2, 2.7, 17
2, 7.58005, 5.58604, -0.581692, 9.1, 3.2, 18
2, 7.52265, 5.62973, -0.708351, 9.2, 3.6, 16
2, 7.47691, 5.6671, -0.810504, 9.1, 3.9, 14
2, 7.45307, 5.69253, -0.866635, 9.2, 4.2, 12
2, 7.42936, 5.72124, -0.903063, 9.1, 4.4, 14
2, 7.40601, 5.75597, -0.902234, 9.2, 4.6, 15
2, 7.37686, 5.79706, -0.88281, 9.1, 4.9, 17
2, 7.33691, 5.84994, -0.82834, 9.2, 5.4, 17
2, 7.28007, 5.90926, -0.771114, 9.1, 6.1, 20
2, 7.19091, 5.98103, -0.708447, 9.1, 6.9, 19
2, 7.09453, 6.08147, -0.651502, 9.1, 7.6, 20
2, 6.9844, 6.23669, -0.605535, 9.2, 8.8, 19
2, 6.86941, 6.38458, -0.574371, 9, 9.7, 18
2, 6.74532, 6.51814, -0.571668, 9.2, 10.1, 18
2, 6.62686, 6.64141, -0.573432, 9.1, 11.3, 20
2, 6.5199, 6.74416, -0.583842, 9.2, 12.7, 19
2, 6.42355, 6.83705, -0.591754, 9.1, 13.8, 19
2, 6.34817, 6.91045, -0.59478, 9.2, 14.2, 18
2, 6.27788, 6.97663, -0.599086, 9.1, 14.7, 18
2, 6.21776, 7.02843, -0.605895, 9.2, 15.4, 17
2, 6.16592, 7.07126, -0.600503, 9.1, 15.8, 18
2, 6.13046, 7.0964, -0.571079, 9.2, 16.1, 18
2, 6.0996, 7.11936, -0.542851, 9.1, 16.2, 18
2, 6.07787, 7.13805, -0.516948, 9.2, 16.4, 18
2, 6.05556, 7.15803, -0.493886, 9.1, 16.6, 18
2, 6.03215, 7.18054, -0.476513, 9.2, 16.8, 18
2, 6.01725, 7.19513, -0.460286, 9.1, 16.8, 18
2, 6.01958, 7.19369, -0.446396, 9.2, 16.8, 17
2, 6.01577, 7.19735, -0.439145, 9.1, 16.7, 18
2, 5.99954, 7.21127, -0.4453, 9.2, 16.8, 17
2, 5.98175, 7.22706, -0.453825, 9.1, 17, 18
2, 5.96082, 7.24664, -0.467219, 9.2, 17.1, 18
2, 5.93365, 7.2718, -0.470681, 9.1, 17.4, 18
2, 5.89359, 7.3085, -0.453749, 9.2, 17.7, 17
2, 5.8445, 7.3519, -0.43714, 9.1, 18.4, 17
2, 5.77671, 7.40919, -0.421197, 9.2, 19.2, 16
2, 5.70218, 7.46786, -0.410204, 9.2, 19.8, 16
2, 5.61342, 7.52956, -0.409552, 9.2, 20.6, 16
2, 5.52199, 7.59293, -0.405235, 9.1, 21.2, 17
2, 5.42477, 7.65992, -0.393174, 9.2, 21.9, 17
2, 5.31285, 7.72239, -0.379627, 9.1, 22.3, 16
2, 5.16906, 7.77567, -0.362843, 9.2, 22.9, 15
2, 5.02622, 7.84895, -0.346882, 9.1, 23.8, 15
2, 4.8856, 7.96483, -0.332697, 9.2, 25.1, 14
2, 4.75438, 8.06833, -0.322651, 9.1, 26.4, 14
2, 4.64369, 8.145, -0.321537, 9.2, 27.6, 13
2, 4.53888, 8.21228, -0.319461, 9.1, 28.4, 14
2, 4.44609, 8.25966, -0.315289, 9.2, 29.1, 13
2, 4.35887, 8.30419, -0.311413, 9.1, 29.6, 13
2, 4.28326, 8.34281, -0.308157, 9.2, 29.7, 12
2, 4.20916, 8.37971, -0.306083, 9.1, 29.9, 13
2, 4.13822, 8.41292, -0.306594, 9.2, 30.1, 12
2, 4.06986, 8.44312, -0.305301, 9.1, 30.7, 11
2, 4.00745, 8.46662, -0.300047, 9.2, 31.4, 10
2, 3.94686, 8.48978, -0.295429, 9.1, 32.1, 10
2, 3.89064, 8.51209, -0.292253, 9.2, 32.6, 10
2, 3.83606, 8.53212, -0.291745, 9.1, 33, 10
2, 3.78458, 8.54722, -0.297209, 9.2, 33.1, 10
2, 3.73314, 8.56591, -0.301288, 9.1, 33.4, 10
2, 3.68169, 8.5927, -0.302249, 9.2, 33.7, 10
2, 3.63596, 8.61835, -0.303514, 9.1, 34.2, 10
2, 3.60289, 8.64161, -0.305478, 9.2, 34.6, 10
2, 3.57534, 8.65996, -0.305879, 9.1, 34.7, 10
2, 3.56062, 8.66697, -0.302679, 9.2, 35.2, 9
2, 3.54257, 8.67518, -0.298305, 9.1, 35.4, 9
2, 3.5168, 8.68616, -0.291217, 9.2, 35.6, 9
2, 3.49103, 8.69701, -0.282642, 9.1, 36.1, 9
2, 3.46532, 8.7075, -0.2706, 9.2, 36.3, 8
2, 3.4393, 8.71704, -0.259814, 9.1, 36.4, 8
2, 3.4126, 8.7243, -0.252019, 9.2, 36.9, 7
2, 3.38982, 8.73084, -0.245355, 9.1, 36.7, 7
2, 3.37628, 8.73569, -0.241356, 9.2, 36.7, 7
2, 3.36257, 8.74004, -0.237878, 9.2, 36.7, 7
2, 3.34852, 8.74318, -0.235647, 9.2, 36.9, 7
2, 3.33499, 8.74695, -0.235125, 9.2, 36.9, 8
2, 3.32271, 8.7522, -0.238684, 9.2, 36.7, 7
2, 3.31051, 8.75727, -0.242533, 9.2, 36.7, 8
2, 3.29857, 8.76183, -0.247064, 9.2, 36.7, 7
2, 3.2923, 8.76462, -0.25286, 9.2, 36.7, 8
2, 3.2998, 8.76308, -0.26174, 9.2, 36.7, 8
2, 3.30858, 8.76098, -0.271468, 9.2, 36.9, 8
2, 3.32055, 8.7575, -0.283331, 9.2, 36.9, 8
2, 3.3354, 8.75299, -0.296423, 9.1, 36.7, 9
2, 3.35738, 8.74593, -0.312554, 9.2, 36.9, 10
2, 3.38146, 8.73849, -0.328253, 9.2, 36.7, 11
2, 3.41082, 8.73011, -0.34291, 9.2, 36.7, 11
2, 3.44242, 8.7205, -0.357195, 9.2, 36.5, 12
2, 3.47968, 8.70777, -0.370557, 9.3, 36.1, 12
2, 3.52235, 8.69493, -0.384397, 9.2, 35.7, 12
2, 3.57877, 8.68175, -0.399459, 9.2, 35, 12
2, 3.63991, 8.66556, -0.412987, 9.2, 34.3, 12
2, 3.71293, 8.64176, -0.422614, 9.2, 33.6, 12
2, 3.78937, 8.61066, -0.428148, 9.1, 33.1, 12
2, 3.87436, 8.56091, -0.423181, 9.2, 32.8, 11
2, 3.95817, 8.5108, -0.415991, 9.2, 32.4, 12
2, 4.03917, 8.45962, -0.40304, 9.2, 31.5, 14
2, 4.1176, 8.41304, -0.391358, 9.2, 30.6, 13
2, 4.18967, 8.37828, -0.382927, 9.2, 30.1, 13
2, 4.26136, 8.34325, -0.373632, 9.2, 29.8, 13
2, 4.33162, 8.30775, -0.362146, 9.2, 29.8, 13
2, 4.39995, 8.27247, -0.351062, 9.2, 29.6, 13
2, 4.46272, 8.23801, -0.341119, 9.2, 29.2, 13
2, 4.52511, 8.20453, -0.3326, 9.1, 28.7, 13
2, 4.58628, 8.17381, -0.32791, 9.2, 28.2, 13
2, 4.6486, 8.14361, -0.324917, 9.1, 27.9, 13
2, 4.71374, 8.11492, -0.326485, 9.2, 27.2, 13
2, 4.78449, 8.08354, -0.328197, 9.1, 26.4, 14
2, 4.87058, 8.04478, -0.330303, 9.2, 25.6, 14
2, 4.9587, 7.99742, -0.330482, 9.1, 24.8, 15
2, 5.0524, 7.92654, -0.32541, 9.2, 23.9, 14
2, 5.1423, 7.85645, -0.318866, 9.1, 23.2, 15
2, 5.2217, 7.78855, -0.308292, 9.2, 22.6, 15
2, 5.29636, 7.7274, -0.298688, 9.1, 22.4, 15
2, 5.35822, 7.68462, -0.291723, 9.2, 22.2, 14
2, 5.41881, 7.64264, -0.28487, 9.1, 22, 14
2, 5.47583, 7.60292, -0.278331, 9.2, 21.6, 13
2, 5.53199, 7.56408, -0.273646, 9.1, 21, 13
2, 5.58584, 7.52769, -0.274151, 9.2, 20.5, 13
2, 5.63916, 7.49176, -0.273927, 9.1, 20.1, 14
2, 5.69096, 7.45715, -0.271646, 9.2, 19.8, 13
2, 5.73889, 7.4245, -0.266373, 9.2, 19.4, 14
2, 5.77593, 7.39732, -0.252524, 9.2, 18.8, 13
2, 5.81159, 7.37108, -0.236952, 9.1, 18.6, 12
2, 5.84318, 7.34758, -0.216508, 9.2, 18.4, 11
2, 5.87349, 7.32443, -0.198818, 9.1, 17.9, 11
2, 5.89987, 7.30248, -0.189214, 9.2, 17.7, 10
2, 5.9315, 7.27296, -0.183952, 9.2, 17.6, 11
2, 5.97809, 7.22166, -0.1914, 9.2, 17.2, 12
2, 6.02926, 7.16986, -0.197975, 9.1, 16.7, 13
2, 6.09353, 7.11687, -0.201965, 9.2, 16.2, 13
2, 6.15703, 7.06332, -0.203151, 9.1, 16, 13
2, 6.21824, 7.00807, -0.19602, 9.2, 15.4, 13
2, 6.2786, 6.95409, -0.194403, 9.1, 14.7, 13
2, 6.33673, 6.90356, -0.209375, 9.2, 14.3, 14
2, 6.39436, 6.85479, -0.229561, 9.1, 14.1, 15
2, 6.45124, 6.81067, -0.265748, 9.2, 13.7, 16
2, 6.51151, 6.76946, -0.286014, 9.1, 13.4, 18
2, 6.58197, 6.73708, -0.257901, 9.2, 12.8, 18
2, 6.64358, 6.69938, -0.266164, 9.1, 12.2, 19
2, 6.6783, 6.64497, -0.386962, 9.2, 11.6, 19
2, 6.72633, 6.59436, -0.471062, 9.1, 11.2, 19
2, 6.81528, 6.55554, -0.441803, 9.2, 10.6, 19
2, 6.89411, 6.50068, -0.427398, 9.1, 9.9, 19
2, 6.942, 6.39528, -0.459228, 9.2, 9.2, 19
2, 6.99761, 6.2875, -0.480394, 9.1, 8.6, 19
2, 7.0778, 6.17162, -0.468224, 9.2, 7.6, 18
2, 7.15862, 6.05702, -0.459874, 9.1, 6.7, 20
2, 7.24131, 5.9467, -0.463561, 9.2, 5.7, 19
2, 7.32463, 5.8359, -0.46708, 9.1, 4.9, 19
2, 7.40925, 5.72455, -0.47003, 9.2, 4.1, 17
2, 7.49046, 5.61684, -0.473433, 9.1, 3.2, 19
2, 7.56044, 5.52118, -0.478292, 9.2, 2.3, 18
2, 7.63025, 5.4253, -0.486352, 9.1, 1.5, 18
2, 7.69894, 5.32938, -0.504772, 9.2, 0.5, 16
2, 7.76595, 5.2351, -0.522528, 9.1, -0.4, 16
2, 7.82764, 5.14582, -0.538168, 9.2, -1.1, 18
2, 7.89241, 5.05696, -0.552978, 9.1, -1.7, 19
2, 7.96764, 4.9689, -0.565153, 9.2, -2.3, 19
2, 8.04218, 4.87378, -0.568217, 9.1, -2.8, 20
2, 8.11422, 4.75527, -0.540844, 9.2, -3.6, 20
2, 8.18414, 4.62882, -0.516962, 9.1, -4.5, 21
2, 8.24681, 4.47612, -0.504796, 9.2, -5.6, 21
2, 8.31427, 4.3197, -0.498796, 9.1, -6.6, 21
2, 8.39805, 4.15055, -0.513863, 9.2, -7.7, 21
2, 8.4793, 3.98286, -0.527286, 9.1, -8.6, 20
2, 8.55208, 3.81959, -0.53506, 9.2, -9.9, 21
2, 8.62111, 3.66066, -0.54317, 9.2, -11.4, 21
2, 8.67708, 3.51691, -0.552432, 9.2, -11.9, 18
2, 8.73242, 3.37472, -0.561122, 9.1, -12.3, 19
2, 8.78585, 3.23727, -0.567869, 9.2, -13.3, 19
2, 8.83854, 3.10378, -0.57131, 9.1, -14.4, 19
2, 8.8889, 2.9834, -0.563166, 9.2, -15.4, 18
2, 8.94247, 2.86329, -0.535381, 9.2, -16.3, 19
2, 9.00703, 2.74483, -0.438511, 9.2, -17.3, 18
2, 9.06514, 2.62997, -0.371302, 9.2, -18.4, 18
2, 9.10022, 2.52791, -0.410144, 9.2, -19, 17
2, 9.13365, 2.41171, -0.439507, 9.2, -19.6, 18
2, 9.16134, 2.2434, -0.434798, 9.2, -20.3, 17
2, 9.18787, 2.07123, -0.440214, 9.2, -21.1, 17
2, 9.21039, 1.88359, -0.482521, 9.3, -21.9, 17
2, 9.23369, 1.69562, -0.525927, 9.2, -23.1, 17
2, 9.25991, 1.50621, -0.573418, 9.2, -24.6, 15
2, 9.2836, 1.32259, -0.614813, 9.2, -25.5, 13
2, 9.2979, 1.16052, -0.633611, 9.2, -26.7, 12
2, 9.31318, 0.995506, -0.657129, 9.2, -28, 10
2, 9.33224, 0.818305, -0.69843, 9.3, -28.7, 9
2, 9.35649, 0.648675, -0.713542, 9.2, -29.4, 7
2, 9.40056, 0.50654, -0.629584, 9.3, -30.3, 7
2, 9.42574, 0.36834, -0.60269, 9.2, -31.4, 5
2, 9.3794, 0.244789, -0.792034, 9.3, -32.4, 4
2, 9.35425, 0.126386, -0.932261, 9.2, -33.3, 2
2, 9.41149, 0.028431, -0.881241, 9.3, -33.9, 1
2, 9.45653, -0.0839647, -0.837566, 9.2, -34.6, 1
2, 9.45458, -0.253136, -0.822075, 9.3, -35.4, 3
2, 9.44475, -0.425368, -0.80304, 9.2, -36.6, 5
2, 9.40427, -0.608947, -0.770268, 9.3, -37.6, 6
2, 9.36781, -0.785851, -0.743035, 9.2, -38.4, 5
2, 9.34787, -0.934318, -0.738279, 9.3, -39, 2
2, 9.32947, -1.07468, -0.731912, 9.2, -39.3, 1
2, 9.31731, -1.18179, -0.719159, 9.3, -39.3, 1
2, 9.30546, -1.28284, -0.707396, 9.3, -39.9, 2
2, 9.2949, -1.35931, -0.699645, 9.3, -41, 2
2, 9.28434, -1.43488, -0.69251, 9.2, -41.8, 0
2, 9.26442, -1.57968, -0.681316, 9.2, -44.3, -1
2, 9.30238, -1.48406, -0.674511, 9.2, -42.4, 2
2, 9.31818, -1.35273, -0.682753, 9.3, -40.6, 2
2, 9.33321, -1.21409, -0.693433, 9.2, -39.3, 3
2, 9.34475, -1.04272, -0.715129, 9.3, -39.1, 5
2, 9.35735, -0.82966, -0.738454, 9.2, -38.7, 5
2, 9.37483, -0.425249, -0.769207, 9.3, -37.6, 3
2, 9.38996, -0.0553248, -0.792153, 9.2, -35.6, 5
2, 9.39432, 0.15826, -0.778891, 9.2, -33.9, 5
2, 9.39572, 0.363162, -0.764314, 9.2, -31.9, 7
2, 9.38337, 0.528914, -0.743496, 9.2, -30.6, 8
2, 9.3703, 0.695115, -0.721595, 9.2, -29.5, 10
2, 9.35398, 0.862755, -0.694702, 9.2, -28.8, 12
2, 9.33608, 1.02675, -0.666201, 9.1, -28.3, 12
2, 9.31088, 1.17161, -0.630359, 9.2, -27.3, 14
2, 9.27903, 1.3208, -0.61539, 9.1, -26.1, 14
2, 9.21536, 1.49001, -0.700812, 9.2, -25.2, 14
2, 9.16393, 1.66346, -0.75058, 9.1, -24.1, 14
2, 9.17189, 1.85794, -0.627021, 9.2, -22.6, 15
2, 9.16523, 2.05291, -0.543017, 9.1, -21.3, 15
2, 9.08624, 2.24985, -0.655087, 9.1, -19.7, 13
2, 9.00288, 2.46882, -0.752462, 9.1, -18.1, 13
2, 8.89705, 2.79983, -0.776564, 9.1, -16.3, 13
2, 8.79613, 3.10977, -0.79855, 9.1, -14.7, 13
2, 8.71995, 3.3136, -0.809874, 9.1, -13.1, 14
2, 8.64436, 3.51003, -0.820679, 9.1, -12.3, 16
2, 8.57038, 3.67224, -0.829035, 9.1, -11.9, 15
2, 8.49562, 3.83431, -0.838786, 9.1, -11.4, 13
2, 8.41647, 3.99654, -0.855782, 9.1, -8.3, 15
2, 8.33573, 4.15655, -0.868555, 9, -7.2, 16
2, 8.24559, 4.30726, -0.859583, 9.1, -6, 16
2, 8.15293, 4.4614, -0.854221, 9, -4.4, 14
2, 8.04555, 4.636, -0.86797, 9, -2.6, 13
2, 7.93764, 4.80813, -0.881674, 9, -1.6, 11
2, 7.82607, 4.96816, -0.895229, 9.1, -0.3, 10
2, 7.70926, 5.1338, -0.905789, 9, 1.5, 10
2, 7.56421, 5.32977, -0.900344, 9.1, 3.6, 12
2, 7.40516, 5.54213, -0.888477, 9, 4.9, 15
2, 7.172, 5.84088, -0.841876, 9.1, 6.5, 16
2, 6.95356, 6.11745, -0.794199, 9, 8.1, 17
2, 6.8179, 6.26972, -0.740877, 9, 9.5, 15
2, 6.68575, 6.41533, -0.689181, 9, 9.7, 17
2, 6.57096, 6.52639, -0.645657, 9.1, 11.2, 19
2, 6.45711, 6.63568, -0.599567, 9, 12.5, 20
2, 6.34805, 6.7356, -0.538966, 9.1, 13.7, 20
2, 6.2367, 6.83641, -0.48487, 9, 14.3, 19
2, 6.11445, 6.94021, -0.468889, 9.1, 15.3, 17
2, 5.99136, 7.0432, -0.456668, 9, 16.4, 17
2, 5.86461, 7.1405, -0.466288, 9, 17.5, 17
2, 5.73528, 7.23821, -0.477945, 9, 18.9, 18
2, 5.59177, 7.33761, -0.501418, 9, 20.2, 16
2, 5.43372, 7.44002, -0.525174, 9, 21.6, 17
2, 5.19066, 7.55962, -0.550473, 9, 22.3, 15
2, 4.96096, 7.68263, -0.571444, 9, 23.5, 15
2, 4.81267, 7.82542, -0.566354, 9.1, 25.1, 14
2, 4.6715, 7.95804, -0.558837, 9, 26.6, 15
2, 4.57272, 8.0298, -0.536573, 9.1, 27.7, 15
2, 4.47475, 8.09942, -0.513175, 9, 28.4, 15
2, 4.38116, 8.15628, -0.482621, 9.1, 29.1, 14
2, 4.29206, 8.20967, -0.449415, 9, 29.7, 14
2, 4.23069, 8.24169, -0.399771, 9.1, 29.8, 13
2, 4.16229, 8.27725, -0.354224, 9.1, 29.9, 13
2, 4.05051, 8.33473, -0.334862, 9.1, 30.2, 11
2, 3.93545, 8.39203, -0.315927, 9.1, 31.8, 11
2, 3.80091, 8.44757, -0.299936, 9.1, 32.9, 9
2, 3.66242, 8.50433, -0.286588, 9, 33.9, 9
2, 3.49889, 8.56878, -0.29076, 9.1, 36.3, 7
2, 3.32747, 8.62957, -0.295666, 9.1, 36.9, 8
2, 3.1067, 8.6659, -0.305279, 9.1, 37.2, 8
2, 2.89323, 8.70986, -0.31192, 9.1, 38.3, 6
2, 2.731, 8.80466, -0.298515, 9.1, 38.4, 5
2, 2.57388, 8.89348, -0.283683, 9, 38.2, 6
2, 2.45142, 8.94171, -0.259099, 9.1, 39.5, 5
2, 2.33199, 8.98735, -0.235089, 9.1, 41.1, 3
2, 2.23434, 9.0149, -0.2152, 9.1, 41.9, 0
2, 2.05015, 9.06018, -0.180802, 9, 43.2, -1
2, 1.96554, 9.07742, -0.165674, 9, 42.2, 0
2, 1.90269, 9.08367, -0.150334, 9, 42.6, -1
2, 1.84548, 9.08896, -0.135206, 8.9, 43.4, 0
2, 1.82866, 9.08738, -0.121655, 9, 43.5, -2
2, 1.81187, 9.08646, -0.109761, 9, 43.4, -1
2, 1.79522, 9.09033, -0.109668, 9.1, 43.2, -1
2, 1.77891, 9.09399, -0.109397, 9, 43.6, 0
2, 1.76517, 9.09611, -0.107827, 9, 44, -1
2, 1.75258, 9.09813, -0.106284, 9, 44.1, 0
2, 1.74881, 9.09942, -0.104974, 9, 44, -1
2, 1.74741, 9.10032, -0.105105, 9, 44.3, -1
2, 1.76394, 9.09826, -0.116184, 9.1, 44.4, 0
2, 1.78363, 9.0954, -0.128949, 9, 44.1, 1
2, 1.82747, 9.08646, -0.154584, 9.1, 43.7, 0
2, 1.87309, 9.07692, -0.179355, 9.1, 43.4, 1
2, 1.93344, 9.06259, -0.197862, 9.1, 43, 0
2, 1.99862, 9.0469, -0.215735, 9, 43, 0
2, 2.10238, 9.02032, -0.228539, 9.1, 43.2, 1
2, 2.20923, 8.99319, -0.242671, 9, 43.2, 3
2, 2.34249, 8.96124, -0.26761, 9.2, 42.2, 4
2, 2.47915, 8.92807, -0.292136, 9.1, 39.6, 6
2, 2.64362, 8.88481, -0.313213, 9.1, 38.2, 9
2, 2.82423, 8.8379, -0.334971, 9.1, 38.2, 11
2, 3.13605, 8.76143, -0.362098, 9.1, 36.9, 11
2, 3.43735, 8.6787, -0.386703, 9.1, 36.7, 12
2, 3.65537, 8.54125, -0.390397, 9.1, 34.3, 12
2, 3.86498, 8.41066, -0.394201, 9.1, 32.9, 12
2, 4.00192, 8.33935, -0.398943, 9.1, 31.6, 12
2, 4.13712, 8.26902, -0.405398, 9.1, 30.1, 13
2, 4.2584, 8.20667, -0.426733, 9.1, 29.8, 14
2, 4.37888, 8.1442, -0.450803, 9.1, 29.7, 15
2, 4.4935, 8.08, -0.49923, 9.1, 29, 14
2, 4.61005, 8.01397, -0.545772, 9.1, 28.1, 15
2, 4.7444, 7.93124, -0.57563, 9.1, 26.7, 15
2, 4.88117, 7.84731, -0.600482, 9.1, 24.9, 16
2, 5.03905, 7.75309, -0.57991, 9.1, 23.4, 17
2, 5.19839, 7.65631, -0.559791, 9.1, 22.3, 18
2, 5.36866, 7.53744, -0.544188, 9.1, 21.4, 17
2, 5.54123, 7.41589, -0.530508, 9.1, 19.9, 18
2, 5.7315, 7.27179, -0.535107, 9.1, 17.9, 17
2, 5.92924, 7.12067, -0.53994, 9.1, 16.2, 20
2, 6.19619, 6.9038, -0.546965, 9.1, 14.6, 20
2, 6.44881, 6.69494, -0.553038, 9.1, 13.7, 18
2, 6.56863, 6.55787, -0.549911, 9.1, 12.4, 19
2, 6.68683, 6.42272, -0.547663, 9.1, 11.1, 19
2, 6.79151, 6.30378, -0.554123, 9.1, 9.9, 17
2, 6.89601, 6.18497, -0.562492, 9, 8.7, 20
2, 6.99691, 6.06958, -0.589846, 9.1, 7.4, 19
2, 7.09786, 5.95387, -0.618853, 9, 6.4, 20
2, 7.19596, 5.83876, -0.663737, 9.1, 5.2, 18
2, 7.29566, 5.72093, -0.705833, 9.1, 4.5, 18
2, 7.40994, 5.57716, -0.717377, 9.1, 3.2, 17
2, 7.52501, 5.43149, -0.728525, 9, 1.7, 17
2, 7.64843, 5.26527, -0.735185, 9.1, -0, 16
2, 7.77237, 5.09508, -0.741564, 9.1, -1.4, 18
2, 7.90305, 4.88053, -0.745014, 9.2, -3.2, 18
2, 8.03396, 4.66474, -0.748728, 9.1, -5.2, 18
2, 8.16503, 4.43871, -0.755328, 9.1, -7.2, 18
2, 8.29597, 4.21359, -0.761476, 9.1, -8.4, 18
2, 8.42539, 3.99943, -0.762314, 9.2, -9.3, 17
2, 8.54882, 3.79009, -0.76174, 9.1, -10.8, 17
2, 8.6019, 3.63815, -0.744823, 9.1, -11.6, 18
2, 8.65485, 3.48735, -0.729855, 9.1, -11.9, 18
2, 8.70753, 3.3466, -0.737489, 9.1, -12.3, 16
2, 8.75917, 3.20874, -0.746804, 9.1, -12.8, 16
2, 8.79865, 3.105, -0.776596, 9.2, -13.8, 13
2, 8.83832, 2.99931, -0.804917, 9.1, -14.8, 13
2, 8.88093, 2.8682, -0.815372, 9.2, -15.8, 12
2, 8.92409, 2.73597, -0.824589, 9.1, -16.7, 12
2, 8.97557, 2.58566, -0.81817, 9.2, -17.9, 12
2, 9.02682, 2.43311, -0.812783, 9.1, -19.2, 13
2, 9.07583, 2.24895, -0.820619, 9.2, -20.3, 11
2, 9.12452, 2.06238, -0.828406, 9.1, -21.8, 9
2, 9.16954, 1.84063, -0.835629, 9.2, -23.4, 8
2, 9.21634, 1.6204, -0.844688, 9.1, -24.9, 7
2, 9.28829, 1.41625, -0.87896, 9.2, -25.9, 4
2, 9.35483, 1.21281, -0.912126, 9.1, -27.1, 2
2, 9.3449, 1.01786, -0.929816, 9.2, -28.1, 2
2, 9.33585, 0.823988, -0.94805, 9.2, -28.6, -1
2, 9.33925, 0.639298, -0.974636, 9.1, -28.8, -2
2, 9.34342, 0.456813, -1.00167, 9.2, -29.8, -5
2, 9.35867, 0.307452, -1.03494, 9.3, -30.6, -9
2, 9.37315, 0.158638, -1.06687, 9.2, -31.6, -10
2, 9.37605, 0.0182896, -1.0789, 9.2, -32.4, -10
2, 9.37896, -0.12256, -1.08996, 9.2, -33.7, -10
2, 9.38181, -0.26676, -1.08598, 9.3, -34.6, -10
3, 14.3156, 13.0442, -1.13972, 18.9, 9.4, 16
3, 14.2533, 13.1089, -1.12015, 18.9, 9.7, 16
3, 14.1824, 13.1772, -1.09667, 18.9, 10, 16
3, 14.0961, 13.2519, -1.06627, 19.1, 9.9, 16
3, 14.003, 13.3321, -1.02971, 19, 10.2, 16
3, 13.8982, 13.4218, -0.982219, 19.1, 11, 16
3, 13.8003, 13.5155, -0.933069, 19, 11.2, 17
3, 13.7155, 13.6158, -0.881179, 19.1, 11.6, 18
3, 13.635, 13.7102, -0.862836, 19, 12.1, 19
3, 13.5626, 13.7938, -0.905906, 19, 12.3, 17
3, 13.4954, 13.8774, -0.932993, 19, 13, 16
3, 13.4384, 13.9604, -0.930483, 19.1, 13.4, 16
3, 13.3592, 14.0418, -1.01955, 19, 13.8, 15
3, 13.2391, 14.1198, -1.27747, 19.1, 14.1, 13
3, 13.1401, 14.1861, -1.48569, 19, 14.2, 9
3, 13.0804, 14.2303, -1.60056, 19.1, 14.3, 7
3, 13.0209, 14.2794, -1.67481, 19, 14.5, 8
3, 12.962, 14.3374, -1.67222, 19.1, 14.6, 10
3, 12.8878, 14.4089, -1.63382, 19, 14.9, 11
3, 12.7853, 14.5056, -1.52791, 19.1, 15.6, 11
3, 12.6413, 14.6233, -1.41021, 19, 16, 13
3, 12.4179, 14.781, -1.26968, 19.1, 16.7, 15
3, 12.1777, 14.9696, -1.14591, 19, 17.2, 14
3, 11.9056, 15.2173, -1.0543, 19.1, 18.6, 14
3, 11.6346, 15.4515, -0.990527, 19, 19.4, 12
3, 11.3659, 15.6594, -0.98028, 19.1, 20.6, 15
3, 11.1047, 15.8542, -0.978949, 19, 21.6, 15
3, 10.8592, 16.0223, -0.994893, 19.1, 22.1, 13
3, 10.6349, 16.1745, -1.0068, 19, 22.7, 13
3, 10.4523, 16.2952, -1.01083, 19.1, 23.4, 14
3, 10.2845, 16.4038, -1.01678, 19, 24.4, 13
3, 10.1458, 16.4884, -1.02647, 19.1, 24.8, 13
3, 10.0268, 16.5594, -1.01246, 19, 25.7, 12
3, 9.9468, 16.6038, -0.951756, 19.1, 26, 13
3, 9.87546, 16.6441, -0.895049, 19, 26.3, 13
3, 9.82126, 16.6764, -0.846193, 19.1, 26.6, 14
3, 9.76821, 16.7091, -0.803916, 19, 27, 14
3, 9.71757, 16.7425, -0.774794, 19.1, 27.3, 14
3, 9.68679, 16.7636, -0.747468, 19, 27.3, 14
3, 9.69625, 16.7597, -0.723807, 19.1, 27.1, 14
3, 9.69128, 16.7639, -0.71344, 19, 27.2, 14
3, 9.65719, 16.7843, -0.729911, 19.1, 27.3, 14
3, 9.61856, 16.8077, -0.748834, 19, 27.7, 14
3, 9.57068, 16.8372, -0.772755, 19.1, 27.8, 14
3, 9.50801, 16.8755, -0.778158, 19, 27.9, 14
3, 9.41479, 16.9322, -0.745528, 19.1, 28.2, 14
3, 9.30105, 16.9994, -0.712752, 19, 28.7, 13
3, 9.14479, 17.0883, -0.67967, 19.2, 29.4, 13
3, 8.97457, 17.1801, -0.656808, 19, 29.8, 13
3, 8.77478, 17.2782, -0.6553, 19.1, 29.9, 13
3, 8.56795, 17.3786, -0.64388, 19, 30, 12
3, 8.34592, 17.4837, -0.611528, 19.1, 31.1, 12
3, 8.08929, 17.5882, -0.578878, 19, 32.4, 11
3, 7.75767, 17.6921, -0.545382, 19.1, 33.2, 11
3, 7.4312, 17.8126, -0.513626, 19, 34.1, 11
3, 7.11611, 17.9686, -0.485616, 19.1, 35.8, 11
3, 6.82541, 18.1075, -0.465031, 19, 36.9, 11
3, 6.58784, 18.2093, -0.46047, 19.2, 36.9, 11
3, 6.36479, 18.2992, -0.455758, 19, 36.9, 10
3, 6.17166, 18.364, -0.450692, 19.1, 37.4, 11
3, 5.98666, 18.425, -0.444614, 19, 38.2, 10
3, 5.81817, 18.4781, -0.436281, 19.2, 38.8, 8
3, 5.65354, 18.5285, -0.43053, 19, 38.8, 8
3, 5.49705, 18.5734, -0.430428, 19.2, 38.4, 7
3, 5.34625, 18.6145, -0.4274, 19.1, 38.9, 6
3, 5.20853, 18.6471, -0.417958, 19.2, 40.2, 6
3, 5.07532, 18.6787, -0.408434, 19.1, 41.1, 5
3, 4.95283, 18.7082, -0.398775, 19.2, 41.5, 6
3, 4.83219, 18.735, -0.39562, 19, 42.2, 5
3, 4.7145, 18.7562, -0.40701, 19.3, 43.1, 5
3, 4.48945, 18.8121, -0.411411, 19.1, 44.5, 5
3, 4.39172, 18.8419, -0.410352, 19.1, 44.9, 4
3, 4.56166, 18.8565, -0.608595, 19.2, 44.9, 7
3, 4.72706, 18.8177, -0.619869, 19, 44, 7
3, 4.90091, 18.7592, -0.613616, 19.1, 43, 7
3, 5.07381, 18.7, -0.604089, 19, 41.6, 6
3, 5.24467, 18.6385, -0.586077, 19.2, 40.2, 8
3, 5.41211, 18.5812, -0.569725, 19, 38.9, 7
3, 5.57129, 18.5349, -0.557618, 19.2, 38.9, 9
3, 5.72903, 18.4881, -0.542986, 19, 38.8, 9
3, 5.88203, 18.4403, -0.521864, 19.2, 38.7, 10
3, 6.03147, 18.3925, -0.502264, 19, 38.3, 10
3, 6.1705, 18.3454, -0.486829, 19.1, 37.9, 10
3, 6.30922, 18.299, -0.473358, 19, 37, 9
3, 6.44659, 18.2544, -0.465175, 19.1, 36.9, 10
3, 6.5883, 18.2093, -0.460036, 19, 36.7, 10
3, 6.74114, 18.1632, -0.463079, 19.2, 37, 10
3, 6.90637, 18.1123, -0.466994, 19, 36.7, 10
3, 7.10555, 18.0486, -0.473278, 19.1, 36.4, 10
3, 7.30578, 17.9758, -0.475735, 19, 35.4, 10
3, 7.50906, 17.8782, -0.467763, 19.1, 34.1, 10
3, 7.70446, 17.7819, -0.457036, 19, 33.5, 9
3, 7.87818, 17.6891, -0.438766, 19.1, 33.2, 10
3, 8.0414, 17.6041, -0.422871, 19.1, 32.4, 10
3, 8.17625, 17.5407, -0.413472, 19.2, 31.7, 10
3, 8.30976, 17.4777, -0.403699, 19, 31.1, 11
3, 8.43938, 17.4163, -0.392893, 19.2, 30.6, 11
3, 8.56725, 17.3557, -0.385822, 19, 30, 11
3, 8.69042, 17.2974, -0.389219, 19.1, 30, 11
3, 8.81181, 17.2397, -0.39126, 19, 29.8, 11
3, 8.92822, 17.1837, -0.389477, 19.1, 29.6, 12
3, 9.03635, 17.131, -0.381475, 19, 29.4, 11
3, 9.12123, 17.0875, -0.355661, 19.2, 29.2, 11
3, 9.20358, 17.0452, -0.326378, 19, 29, 10
3, 9.27842, 17.0065, -0.287277, 19.2, 28.7, 10
3, 9.35227, 16.9679, -0.254701, 19, 28.4, 9
3, 9.42271, 16.93, -0.241205, 19.2, 28.3, 9
3, 9.50258, 16.8827, -0.235031, 19, 28.1, 9
3, 9.60906, 16.8087, -0.250264, 19.2, 27.7, 10
3, 9.72414, 16.7325, -0.26282, 19, 27.2, 10
3, 9.86366, 16.6499, -0.267499, 19.1, 26.7, 11
3, 10.0041, 16.5657, -0.267878, 19, 25.7, 11
3, 10.1475, 16.4766, -0.25551, 19.1, 24.8, 11
3, 10.2886, 16.389, -0.252424, 19, 24.4, 11
3, 10.4239, 16.305, -0.277264, 19.1, 23.6, 12
3, 10.5572, 16.223, -0.313399, 19, 23, 13
3, 10.6864, 16.1459, -0.384097, 19.1, 22.5, 14
3, 10.8192, 16.0713, -0.425881, 19, 22.5, 15
3, 10.9632, 16.0046, -0.379801, 19.1, 22.2, 16
3, 11.0979, 15.9316, -0.40358, 19, 21.9, 15
3, 11.2052, 15.8387, -0.643539, 19.1, 21.4, 15
3, 11.3322, 15.7469, -0.809424, 19, 21.2, 15
3, 11.5194, 15.6588, -0.746498, 19.1, 20.7, 14
3, 11.6947, 15.5544, -0.71475, 19, 20.2, 15
3, 11.8346, 15.3981, -0.78004, 19.1, 19.6, 15
3, 11.9879, 15.2359, -0.825604, 19, 19.1, 14
3, 12.1843, 15.0539, -0.809538, 19.1, 18.6, 16
3, 12.3827, 14.8711, -0.800096, 19, 17.1, 16
3, 12.5877, 14.6862, -0.811518, 19.1, 16.4, 16
3, 12.7951, 14.4986, -0.822005, 19, 15.8, 18
3, 13.0085, 14.3036, -0.829407, 19.1, 14.6, 18
3, 13.2128, 14.115, -0.837617, 19, 14.1, 18
3, 13.3873, 13.9473, -0.848408, 19.1, 13.6, 18
3, 13.561, 13.7787, -0.865584, 19, 12.7, 18
3, 13.7311, 13.6084, -0.903406, 19.1, 11.5, 16
3, 13.8977, 13.4401, -0.942048, 19, 10.6, 15
3, 14.0537, 13.2777, -0.98356, 19, 9.5, 16
3, 14.2164, 13.1119, -1.0214, 18.9, 8.8, 16
3, 14.402, 12.9345, -1.0474, 18.9, 7.9, 16
3, 14.5925, 12.7445, -1.05321, 18.9, 7.2, 17
3, 14.799, 12.5131, -0.991567, 18.9, 6.4, 18
3, 14.9985, 12.276, -0.940203, 18.9, 5.7, 18
3, 15.174, 12.0207, -0.923296, 19, 5, 18
3, 15.3561, 11.7579, -0.918755, 18.9, 4.2, 16
3, 15.5609, 11.4699, -0.956469, 18.9, 3.1, 16
3, 15.7654, 11.1793, -0.989624, 18.9, 1.9, 13
3, 15.9697, 10.8783, -1.00711, 18.9, 0.4, 13
3, 16.1666, 10.5833, -1.02596, 18.9, -0.7, 15
3, 16.3378, 10.3096, -1.04944, 18.9, -1.7, 17
3, 16.5051, 10.0394, -1.07156, 18.9, -2.4, 16
3, 16.6596, 9.78039, -1.08906, 19, -3.6, 17
3, 16.8106, 9.52731, -1.09975, 18.8, -4.7, 18
3, 16.9506, 9.29361, -1.08656, 18.9, -5.8, 19
3, 17.0945, 9.05853, -1.04121, 18.9, -6.6, 18
3, 17.2516, 8.81995, -0.882772, 19, -7.4, 18
3, 17.4013, 8.58368, -0.766345, 18.9, -7.9, 17
3, 17.5245, 8.35546, -0.800119, 19, -8.4, 19
3, 17.6449, 8.11288, -0.826448, 18.9, -9, 19
3, 17.7561, 7.81633, -0.826042, 19, -9.9, 19
3, 17.8667, 7.51224, -0.846397, 19, -11.2, 18
3, 17.9757, 7.17806, -0.94247, 19.1, -11.7, 16
3, 18.0871, 6.83762, -1.04011, 19, -12.1, 14
3, 18.2076, 6.4738, -1.14361, 19.1, -13.3, 12
3, 18.3225, 6.11871, -1.23642, 19, -14.7, 10
3, 18.4166, 5.79629, -1.2896, 19.1, -16.2, 9
3, 18.5121, 5.46619, -1.34942, 19, -17.3, 7
3, 18.6137, 5.10501, -1.43445, 19.1, -18.8, 6
3, 18.7169, 4.75932, -1.47367, 19, -20, 4
3, 18.8273, 4.46991, -1.33973, 19.1, -20.9, 4
3, 18.9126, 4.18788, -1.30761, 19, -21.8, 0
3, 18.903, 3.93332, -1.66132, 19.2, -22.4, -1
3, 18.9172, 3.68402, -1.92647, 19, -23.3, -1
3, 19.0241, 3.45617, -1.84676, 19.1, -24, -3
3, 19.1189, 3.21038, -1.77626, 19, -24.6, -3
3, 19.1672, 2.89337, -1.74101, 19.1, -25.2, -1
3, 19.2079, 2.56885, -1.70188, 19, -25.6, -1
3, 19.2186, 2.21615, -1.64781, 19.2, -26.6, -1
3, 19.2309, 1.87419, -1.60303, 19, -27.4, -1
3, 19.249, 1.57849, -1.596, 19.2, -28.4, -1
3, 19.2667, 1.29638, -1.58521, 19, -28.5, -1
3, 19.2828, 1.07027, -1.55947, 19.1, -29.5, -1
3, 19.2973, 0.856605, -1.53542, 19, -30.4, -1
3, 19.3055, 0.693459, -1.51823, 19.2, -30.3, 0
3, 19.3129, 0.53306, -1.50232, 19, -31.1, -2
3, 19.3176, 0.382601, -1.49151, 19.1, -31.8, -2
3, 19.3236, 0.231553, -1.47723, 19, -32.4, -4
3, 19.3354, 0.0777852, -1.44866, 19.1, -33, -3
3, 19.3451, -0.0696953, -1.43055, 19, -33.3, -1
3, 19.346, -0.191476, -1.45553, 19.1, -33.8, -10
3, 19.3469, -0.295681, -1.47685, 19.1, -33.8, -10
3, 19.3471, -0.326505, -1.48288, 19.2, -33.9, -10
3, 19.3544, -0.281994, -1.40053, 19.2, -33.9, -3
3, 19.3563, -0.216289, -1.40726, 19, -33.6, -1
3, 19.3591, -0.105705, -1.42666, 19.1, -33.1, -3
3, 19.3603, 0.019045, -1.44389, 19, -33, -1
3, 19.3543, 0.206352, -1.45142, 19.1, -32.4, 0
3, 19.3468, 0.410323, -1.46037, 19, -31.5, 0
3, 19.3323, 0.689366, -1.47574, 19.1, -30.3, 0
3, 19.3143, 0.982452, -1.49613, 19, -29.1, 1
3, 19.2805, 1.33833, -1.53915, 19.1, -28.8, -1
3, 19.2342, 1.77426, -1.58344, 19, -28.1, -1
3, 19.1304, 2.57764, -1.63341, 19.1, -26.3, 0
3, 19.032, 3.31345, -1.66853, 19, -25, 1
3, 18.9582, 3.74309, -1.63469, 19.1, -24, 3
3, 18.8836, 4.15514, -1.59749, 19, -21.9, 5
3, 18.8044, 4.48791, -1.54435, 19.1, -21.2, 6
3, 18.7233, 4.82112, -1.48978, 19, -19.7, 7
3, 18.6334, 5.15506, -1.42876, 19.1, -19, 8
3, 18.5426, 5.48178, -1.36388, 19, -17.5, 10
3, 18.4489, 5.77056, -1.28128, 19.1, -16.4, 11
3, 18.3438, 6.06726, -1.24069, 19, -15.4, 13
3, 18.1852, 6.40049, -1.40222, 19, -13.9, 13
3, 18.0395, 6.73873, -1.49485, 18.9, -12.6, 13
3, 17.956, 7.10215, -1.25257, 19, -11.9, 13
3, 17.8505, 7.47054, -1.08863, 18.9, -11.4, 10
3, 17.6361, 7.8626, -1.31298, 18.9, -7.8, 12
3, 17.3935, 8.30556, -1.50555, 18.8, -6.5, 12
3, 17.0076, 9.00707, -1.53959, 18.8, -4.7, 11
3, 16.6532, 9.64915, -1.57054, 18.8, -3.2, 10
3, 16.4576, 9.99174, -1.58588, 18.9, -1.9, 9
3, 16.2651, 10.3226, -1.60144, 18.8, -1.1, 5
3, 16.0849, 10.5996, -1.6184, 18.8, -0.2, 6
3, 15.8993, 10.8797, -1.63899, 18.7, 0.9, 6
3, 15.685, 11.177, -1.67848, 18.9, 2.4, 4
3, 15.469, 11.4712, -1.7077, 18.8, 3.7, 6
3, 15.2412, 11.7537, -1.68407, 18.9, 4.8, 8
3, 15.0064, 12.0414, -1.66824, 18.7, 5.9, 7
3, 14.7312, 12.361, -1.69359, 18.9, 7.6, 6
3, 14.456, 12.6759, -1.71847, 18.7, 9.1, 4
3, 14.1793, 12.967, -1.74099, 18.9, 9.1, 3
3, 13.8907, 13.2671, -1.75661, 18.9, 11.1, 6
3, 13.5383, 13.6154, -1.73543, 19, 13, 6
3, 13.1412, 13.9966, -1.69909, 18.9, 14.5, 6
3, 12.5065, 14.5514, -1.58092, 18.9, 15.9, 8
3, 11.9225, 15.0591, -1.46439, 18.9, 17.2, 10
3, 11.6232, 15.3027, -1.35762, 18.9, 19.2, 10
3, 11.3319, 15.5362, -1.25349, 18.9, 20.3, 11
3, 11.0808, 15.7173, -1.16224, 18.9, 21.4, 12
3, 10.8295, 15.8963, -1.06671, 18.9, 22.2, 13
3, 10.5762, 16.0647, -0.946933, 18.9, 22.6, 14
3, 10.3183, 16.2338, -0.837878, 18.9, 23.4, 13
3, 10.0395, 16.404, -0.792047, 18.9, 24.9, 13
3, 9.75857, 16.5729, -0.754753, 18.9, 26.6, 13
3, 9.46798, 16.7321, -0.767132, 18.9, 28.1, 13
3, 9.17225, 16.8916, -0.783547, 18.9, 29.4, 12
3, 8.84848, 17.0514, -0.823406, 18.9, 29.9, 10
3, 8.48701, 17.2192, -0.863039, 18.9, 30.5, 10
3, 7.90474, 17.4334, -0.901122, 18.9, 32.6, 8
3, 7.35827, 17.6435, -0.930868, 18.9, 33.9, 8
3, 7.0296, 17.8272, -0.910464, 18.9, 36.1, 8
3, 6.71834, 17.9981, -0.887511, 18.9, 36.9, 9
3, 6.5108, 18.0915, -0.848984, 19, 36.9, 9
3, 6.30412, 18.1824, -0.809155, 18.9, 37, 10
3, 6.10133, 18.2585, -0.761029, 19, 37.6, 10
3, 5.90794, 18.3302, -0.705638, 18.9, 38.7, 8
3, 5.77252, 18.3746, -0.605271, 19, 38.6, 9
3, 5.62286, 18.4232, -0.513007, 18.9, 38.7, 6
3, 5.38543, 18.4977, -0.47257, 19, 38.6, 5
3, 5.14058, 18.572, -0.433174, 18.9, 40.4, 6
3, 4.85134, 18.6439, -0.400898, 19, 42.6, 5
3, 4.55255, 18.7168, -0.373405, 19, 44.3, 1
3, 4.97953, 18.6001, -0.574174, 18.9, 42.9, 6
3, 5.26025, 18.5111, -0.583004, 19, 40.1, 6
3, 5.53805, 18.4229, -0.595043, 18.9, 38.6, 7
3, 5.7929, 18.3401, -0.634943, 19, 38.9, 9
3, 6.04699, 18.2568, -0.680445, 18.9, 38.5, 9
3, 6.297, 18.1673, -0.775781, 19, 37.9, 10
3, 6.55144, 18.0751, -0.867182, 18.9, 37, 10
3, 6.84692, 17.9579, -0.923724, 19, 37, 9
3, 7.14786, 17.8384, -0.970879, 18.9, 35.9, 10
3, 7.49649, 17.698, -0.932864, 19, 33.1, 10
3, 7.84894, 17.5536, -0.895963, 18.9, 32.6, 12
3, 8.23076, 17.374, -0.869977, 19, 30.3, 12
3, 8.6184, 17.1894, -0.848033, 18.9, 29.7, 13
3, 9.05226, 16.9621, -0.864372, 19, 28.6, 14
3, 9.50862, 16.7197, -0.882172, 18.9, 26.4, 15
3, 10.1759, 16.3348, -0.913876, 19, 24.2, 15
3, 10.8044, 15.9673, -0.942779, 18.9, 22.7, 15
3, 11.0711, 15.7583, -0.944991, 19, 22, 13
3, 11.3344, 15.5517, -0.948878, 18.9, 21.4, 14
3, 11.5688, 15.364, -0.969532, 19, 20.4, 14
3, 11.8035, 15.1754, -0.994421, 18.9, 19.7, 13
3, 12.0381, 14.9826, -1.06133, 19, 18.6, 14
3, 12.2733, 14.7885, -1.13082, 18.9, 17.1, 13
3, 12.5068, 14.5884, -1.22422, 19, 16.2, 12
3, 12.7444, 14.3835, -1.31254, 18.9, 15.1, 12
3, 13.0184, 14.1339, -1.34491, 19, 14.3, 12
3, 13.2948, 13.8805, -1.37551, 18.9, 13.6, 12
3, 13.5964, 13.5872, -1.38615, 19, 11.9, 10
3, 13.9007, 13.2869, -1.39739, 18.7, 9.3, 12
3, 14.2378, 12.909, -1.41522, 18.9, 7.2, 13
3, 14.5763, 12.5273, -1.43361, 18.7, 5.4, 12
3, 14.9237, 12.1099, -1.45792, 18.9, 3.9, 10
3, 15.273, 11.6895, -1.48083, 18.8, 2.4, 10
3, 15.6445, 11.2345, -1.4874, 18.9, 1.2, 10
3, 15.9987, 10.795, -1.4906, 18.8, 0.2, 10
3, 16.1501, 10.5377, -1.45475, 18.9, -0.6, 10
3, 16.3004, 10.2818, -1.42344, 18.8, -1.3, 12
3, 16.4413, 10.0379, -1.44475, 18.9, -1.9, 13
3, 16.5802, 9.79754, -1.46881, 18.8, -2.6, 13
3, 16.6941, 9.60025, -1.5264, 18.9, -3.5, 10
3, 16.8093, 9.3993, -1.58177, 18.9, -4.5, 9
3, 16.942, 9.15056, -1.61046, 18.9, -5.6, 9
3, 17.0757, 8.89973, -1.63587, 18.8, -6.6, 9
3, 17.2266, 8.615, -1.61999, 19, -7.7, 9
3, 17.3781, 8.32571, -1.60693, 18.9, -8.6, 6
3, 17.5402, 7.9727, -1.63003, 19, -10.5, 6
3, 17.7026, 7.61499, -1.65367, 19, -12.1, 5
3, 17.8714, 7.1887, -1.68487, 19, -12.3, 3
3, 18.0428, 6.76027, -1.71991, 19, -13.3, 1
3, 18.2525, 6.29397, -1.80806, 19.1, -15.1, 0
3, 18.4526, 5.83519, -1.89397, 18.9, -16.4, -4
3, 18.5169, 5.47965, -1.94855, 19, -17.3, -4
3, 18.5815, 5.1255, -2.00413, 19, -18.1, -9
3, 18.6513, 4.77989, -2.07579, 19.1, -19.6, -9
3, 18.7212, 4.43732, -2.14767, 19, -20.3, -10
3, 18.7911, 4.14121, -2.22214, 19.1, -21.4, -10
3, 18.9655, 3.27476, -2.377, 18.9, -22.4, -10
