0.17318, 0.199038, -0.239257, 33.3701, 0.87587, 0.0732173
0.17318, 0.199038, -0.265341, 33.3701, 0.426978, 0.33884
0.17318, 0.199038, -0.241028, 33.3701, 0.854492, 0.22482
0.17318, 0.199038, -0.233094, 33.3701, 0.990373, 0.0855536
0.17318, 0.199038, -0.243744, 33.3701, 0.838023, 0.126487
0.17318, 0.199038, -0.238548, 33.3701, 0.870668, -0.0607449
0.17318, 0.199038, -0.245803, 33.3701, 0.809065, -0.0231597
0.17318, 0.199038, -0.240339, 33.3701, 0.926509, 0.237594
0.17318, 0.199038, -0.245767, 33.3701, 0.819297, 0.176353
0.17318, 0.199038, -0.250635, 33.3701, 0.765506, 0.0506284
0.17318, 0.199038, -0.238031, 33.3701, 0.916936, -0.0311912
0.17318, 0.199038, -0.227732, 33.3701, 1.12981, 0.0665608
0.17318, 0.199038, -0.239771, 33.3701, 0.909281, 0.142247
0.17318, 0.199038, -0.242404, 33.3701, 0.863051, 0.240912
0.17318, 0.199038, -0.238637, 33.3701, 0.92299, 0.14147
0.17318, 0.199038, -0.238837, 33.3701, 0.956628, 0.0327602
0.17318, 0.199038, -0.243036, 33.3701, 0.815671, 0.179528
0.17318, 0.199038, -0.241447, 33.3701, 0.852218, 0.0739762
0.17318, 0.199038, -0.236156, 33.3701, 0.948646, 0.0873717
0.17318, 0.199038, -0.242014, 33.3701, 0.871376, 0.0921278
0.17318, 0.199038, -0.235034, 33.3701, 0.952131, 0.135827
0.17318, 0.199038, -0.23656, 33.3701, 0.974475, 0.14985
0.17318, 0.199038, -0.240725, 33.3701, 0.879062, 0.157648
0.17318, 0.199038, -0.240269, 33.3701, 0.870581, 0.0641606
0.17318, 0.199038, -0.22325, 33.3701, 1.20899, 0.0453615
0.17318, 0.199038, -0.249069, 33.3701, 0.730515, 0.159748
0.17318, 0.199038, -0.254216, 33.3701, 0.737483, 0.112673
0.17318, 0.199038, -0.241694, 33.3701, 0.887827, 0.184705
0.17318, 0.199038, -0.23401, 33.3701, 0.999872, 0.134493
0.17318, 0.199038, -0.239892, 33.3701, 0.863422, 0.0273285
0.17318, 0.199038, -0.233299, 33.3701, 0.979775, 0.156925
0.17318, 0.199038, -0.244091, 33.3701, 0.820407, 0.0536307
0.17318, 0.199038, -0.248717, 33.3701, 0.731138, 0.0910536
0.17318, 0.199038, -0.25353, 33.3701, 0.704901, 0.190292
0.17318, 0.199038, -0.244051, 33.3701, 0.862002, 0.259988
0.17318, 0.199038, -0.244969, 33.3701, 0.809289, 0.104373
0.17318, 0.199038, -0.228908, 33.3701, 1.0402, 0.0867972
0.17318, 0.199038, -0.252938, 33.3701, 0.680531, 0.0735858
0.17318, 0.199038, -0.241931, 33.3701, 0.880323, 0.198936
0.17318, 0.199038, -0.247135, 33.3701, 0.801217, 0.18893
0.17318, 0.199038, -0.233425, 33.3701, 1.00829, 0.121999
0.17318, 0.199038, -0.224217, 33.3701, 1.16675, -0.0176441
0.17318, 0.199038, -0.244565, 33.3701, 0.789199, 0.0661272
0.17318, 0.199038, -0.255185, 33.3701, 0.657987, 0.224436
0.17318, 0.199038, -0.259012, 33.3701, 0.645132, 0.0572886
0.17318, 0.199038, -0.236686, 33.3701, 0.923291, 0.156201
0.17318, 0.199038, -0.240054, 33.3701, 0.874072, 0.184227
0.17318, 0.199038, -0.241393, 33.3701, 0.829729, 0.0537331
0.17318, 0.199038, -0.24508, 33.3701, 0.782861, 0.2377
0.17318, 0.199038, -0.238139, 33.3701, 0.924212, 0.195519
0.17318, 0.199038, -0.235434, 33.3701, 0.908812, 0.119496
0.17318, 0.199038, -0.248334, 33.3701, 0.778714, 0.185567
0.17318, 0.199038, -0.22326, 33.3701, 1.18647, 0.0420071
0.17318, 0.199038, -0.232753, 33.3701, 1.06887, 0.150924
0.17318, 0.199038, -0.240629, 33.3701, 0.923517, -0.102572
0.17318, 0.199038, -0.235503, 33.3701, 1.07823, 0.0925848
0.17318, 0.199038, -0.21264, 33.3701, 1.41615, -0.170842
0.17318, 0.199038, -0.23881, 33.3701, 0.925827, 0.166142
0.17318, 0.199038, -0.237559, 33.3701, 0.895694, 0.0491703
0.17318, 0.199038, -0.246417, 33.3701, 0.767239, -0.251565
0.17318, 0.199038, -0.242786, 33.3701, 0.855412, 0.124182
0.17318, 0.199038, -0.253757, 33.3701, 0.66898, 0.221582
0.17318, 0.199038, -0.238731, 33.3701, 0.873436, 0.052891
0.17318, 0.199038, -0.23152, 33.3701, 1.06312, -0.0208336
0.17318, 0.199038, -0.251301, 33.3701, 0.799317, 0.235501
0.17318, 0.199038, -0.230315, 33.3701, 1.06578, 0.00166011
0.17318, 0.199038, -0.239505, 33.3701, 0.861403, 0.0694149
0.17318, 0.199038, -0.245082, 33.3701, 0.842787, 0.147584
0.17318, 0.199038, -0.241371, 33.3701, 0.885772, 0.177931
0.17318, 0.199038, -0.238483, 33.3701, 1.01358, 0.0723911
0.17318, 0.199038, -0.245488, 33.3701, 0.826299, 0.175288
0.17318, 0.199038, -0.23608, 33.3701, 0.946737, 0.186719
0.17318, 0.199038, -0.239483, 33.3701, 0.909662, 0.153097
0.17318, 0.199038, -0.236892, 33.3701, 0.86032, -0.244668
0.17318, 0.199038, -0.227934, 33.3701, 1.13315, -0.191214
0.17318, 0.199038, -0.247134, 33.3701, 0.8038, 0.272668
0.17318, 0.199038, -0.242221, 33.3701, 0.849373, 0.184759
0.17318, 0.199038, -0.236976, 33.3701, 0.950063, 0.320359
0.17318, 0.199038, -0.23496, 33.3701, 0.977875, 0.183003
0.17318, 0.199038, -0.228701, 33.3701, 1.14943, -0.0722669
0.17318, 0.199038, -0.241863, 33.3701, 0.814085, 0.120636
0.17318, 0.199038, -0.236698, 33.3701, 0.939919, -0.0670439
0.17318, 0.199038, -0.240887, 33.3701, 0.882909, 0.0940639
0.17318, 0.199038, -0.235981, 33.3701, 0.926686, -0.0509586
0.17318, 0.199038, -0.225357, 33.3701, 1.13619, -0.0309998
0.17318, 0.199038, -0.236776, 33.3701, 0.943885, 0.144221
0.17318, 0.199038, -0.247002, 33.3701, 0.819838, 0.182145
0.17318, 0.199038, -0.238679, 33.3701, 0.951288, 0.109743
0.17318, 0.199038, -0.221172, 33.3701, 1.18082, -0.0532763
0.17318, 0.199038, -0.246938, 33.3701, 0.798336, 0.172711
0.17318, 0.199038, -0.242297, 33.3701, 0.877209, 0.116981
0.17318, 0.199038, -0.242235, 33.3701, 0.851624, 0.112475
0.17318, 0.199038, -0.248894, 33.3701, 0.790634, 0.200025
0.17318, 0.199038, -0.251227, 33.3701, 0.746996, 0.138557
0.17318, 0.199038, -0.237587, 33.3701, 0.984153, -0.0177946
0.17318, 0.199038, -0.237948, 33.3701, 0.942058, 0.121011
0.17318, 0.199038, -0.249157, 33.3701, 0.710412, 0.114377
0.17318, 0.199038, -0.236689, 33.3701, 0.921961, 0.0552556
0.17318, 0.199038, -0.245986, 33.3701, 0.800524, 0.166538
0.17318, 0.199038, -0.238814, 33.3701, 0.981304, 0.159713
0.17318, 0.199038, -0.231771, 33.3701, 1.0084, 0.139212
0.17318, 0.199038, -0.245091, 33.3701, 0.796787, 0.0560595
0.17318, 0.199038, -0.244136, 33.3701, 0.796818, 0.132529
0.17318, 0.199038, -0.255222, 33.3701, 0.708913, 0.139512
0.17318, 0.199038, -0.241253, 33.3701, 0.877218, 0.190497
0.17318, 0.199038, -0.23105, 33.3701, 1.03832, 0.123759
0.17318, 0.199038, -0.23299, 33.3701, 0.958733, 0.141359
0.17318, 0.199038, -0.239107, 33.3701, 0.929964, 0.120865
0.17318, 0.199038, -0.224589, 33.3701, 1.18308, 0.00465545
0.17318, 0.199038, -0.226644, 33.3701, 1.09923, -0.0808532
0.17318, 0.199038, -0.244732, 33.3701, 0.781058, -0.104768
0.17318, 0.199038, -0.235615, 33.3701, 0.940051, 0.0894692
0.17318, 0.199038, -0.208357, 33.3701, 1.45584, -0.0847924
0.17318, 0.199038, -0.235896, 33.3701, 0.990472, 0.0783025
0.17318, 0.199038, -0.235616, 33.3701, 1.02088, 0.0344854
0.17318, 0.199038, -0.247598, 33.3701, 0.803902, 0.133479
0.17318, 0.199038, -0.23651, 33.3701, 0.934898, 0.150648
0.17318, 0.199038, -0.238151, 33.3701, 0.937496, 0.216346
0.17318, 0.199038, -0.241538, 33.3701, 0.917874, 0.170715
0.17318, 0.199038, -0.243533, 33.3701, 0.873972, -0.0215376
0.17318, 0.199038, -0.239448, 33.3701, 0.895911, 0.102931
0.17318, 0.199038, -0.243807, 33.3701, 0.847726, 0.239897
0.17318, 0.199038, -0.248956, 33.3701, 0.838088, 0.0547614
0.17318, 0.199038, -0.232881, 33.3701, 1.03898, 0.146716
0.17318, 0.199038, -0.262534, 33.3701, 0.431673, 0.207779
0.17318, 0.199038, -0.250203, 33.3701, 0.797717, 0.125075
0.17318, 0.199038, -0.247122, 33.3701, 0.779933, 0.0159994
0.17318, 0.199038, -0.243492, 33.3701, 0.859548, 0.106798
0.17318, 0.199038, -0.241897, 33.3701, 0.849118, 0.139325
0.17318, 0.199038, -0.234025, 33.3701, 1.03, 0.0397348
0.17318, 0.199038, -0.237595, 33.3701, 0.916304, 0.174345
0.17318, 0.199038, -0.248907, 33.3701, 0.726361, 0.140577
0.17318, 0.199038, -0.249511, 33.3701, 0.741743, 0.190128
0.17318, 0.199038, -0.248678, 33.3701, 0.788296, 0.110583
0.17318, 0.199038, -0.232535, 33.3701, 0.988003, 0.215143
0.17318, 0.199038, -0.234264, 33.3701, 0.983107, 0.153637
0.17318, 0.199038, -0.229545, 33.3701, 1.09161, -0.0190131
0.17318, 0.199038, -0.233922, 33.3701, 0.988597, 0.101716
0.17318, 0.199038, -0.234301, 33.3701, 1.0294, -0.00466297
0.17318, 0.199038, -0.229873, 33.3701, 1.08264, -0.0375621
0.17318, 0.199038, -0.241994, 33.3701, 0.870651, 0.10423
0.17318, 0.199038, -0.24064, 33.3701, 0.927797, 0.085633
0.17318, 0.199038, -0.251508, 33.3701, 0.770728, 0.126515
0.17318, 0.199038, -0.241505, 33.3701, 0.853063, 0.211839
0.17318, 0.199038, -0.228328, 33.3701, 1.0746, 0.122229
0.17318, 0.199038, -0.232333, 33.3701, 1.02154, 0.226752
0.17318, 0.199038, -0.255569, 33.3701, 0.666958, -0.0176122
0.17318, 0.199038, -0.249048, 33.3701, 0.743388, 0.156714
0.17318, 0.199038, -0.239295, 33.3701, 0.917197, 0.124258
0.17318, 0.199038, -0.241854, 33.3701, 0.84334, -0.143298
0.17318, 0.199038, -0.24481, 33.3701, 0.816541, 0.155496
0.17318, 0.199038, -0.246644, 33.3701, 0.795095, 0.12668
0.17318, 0.199038, -0.240181, 33.3701, 0.900742, 0.159576
0.17318, 0.199038, -0.248259, 33.3701, 0.743504, -0.0108233
0.17318, 0.199038, -0.246882, 33.3701, 0.807174, 0.142835
0.17318, 0.199038, -0.235214, 33.3701, 0.974212, 0.188731
0.17318, 0.199038, -0.230097, 33.3701, 1.0139, 0.127545
0.17318, 0.199038, -0.248235, 33.3701, 0.752306, -0.00286597
0.17318, 0.199038, -0.239279, 33.3701, 0.849964, 0.0979222
0.17318, 0.199038, -0.243302, 33.3701, 0.935349, -0.189494
0.17318, 0.199038, -0.254986, 33.3701, 0.692365, 0.273141
0.17318, 0.199038, -0.239783, 33.3701, 0.891832, 0.175849
0.17318, 0.199038, -0.24128, 33.3701, 0.863069, 0.133859
0.17318, 0.199038, -0.232259, 33.3701, 0.995147, 0.100687
0.17318, 0.199038, -0.248746, 33.3701, 0.729314, 0.121894
0.17318, 0.199038, -0.257487, 33.3701, 0.619018, 0.251601
0.17318, 0.199038, -0.238819, 33.3701, 0.922836, -0.0739982
0.17318, 0.199038, -0.239267, 33.3701, 0.91477, 0.138436
0.17318, 0.199038, -0.233088, 33.3701, 1.01901, 0.165682
0.17318, 0.199038, -0.229125, 33.3701, 1.13353, -0.0151192
0.17318, 0.199038, -0.243287, 33.3701, 0.839331, 0.163363
0.17318, 0.199038, -0.238812, 33.3701, 0.931609, 0.141201
0.17318, 0.199038, -0.249214, 33.3701, 0.778951, 0.19534
0.17318, 0.199038, -0.236426, 33.3701, 0.938605, 0.203983
0.17318, 0.199038, -0.238225, 33.3701, 0.925707, 0.0971594
0.17318, 0.199038, -0.258721, 33.3701, 0.636629, 0.109672
0.17318, 0.199038, -0.248822, 33.3701, 0.769781, 0.0265246
0.17318, 0.199038, -0.249445, 33.3701, 0.763959, 0.0275843
0.17318, 0.199038, -0.230272, 33.3701, 1.0553, 0.136113
0.17318, 0.199038, -0.232791, 33.3701, 1.07123, 0.0607935
0.17318, 0.199038, -0.239127, 33.3701, 0.878969, 0.0841465
0.17318, 0.199038, -0.246744, 33.3701, 0.910932, 0.0983509
0.17318, 0.199038, -0.246118, 33.3701, 0.796494, 4.77768e-05
0.17318, 0.199038, -0.248993, 33.3701, 0.804155, 0.0926298
0.17318, 0.199038, -0.218177, 33.3701, 1.24514, -0.0695069
0.17318, 0.199038, -0.234915, 33.3701, 1.01491, 0.0993566
0.17318, 0.199038, -0.245561, 33.3701, 0.805725, -0.0161939
0.17318, 0.199038, -0.232657, 33.3701, 1.03163, 0.180322
0.17318, 0.199038, -0.246784, 33.3701, 0.812018, 0.188424
0.17318, 0.199038, -0.242096, 33.3701, 0.842868, 0.18046
0.17318, 0.199038, -0.230092, 33.3701, 1.05554, 0.0608969
0.17318, 0.199038, -0.234602, 33.3701, 1.01645, 0.00237362
0.17318, 0.199038, -0.241571, 33.3701, 0.866071, 0.146219
0.17318, 0.199038, -0.23938, 33.3701, 0.897632, 0.140705
0.17318, 0.199038, -0.242793, 33.3701, 0.868764, 0.302387
0.17318, 0.199038, -0.249029, 33.3701, 0.799976, -0.00236885
0.17318, 0.199038, -0.238742, 33.3701, 0.901755, 0.198262
0.17318, 0.199038, -0.241482, 33.3701, 0.875676, 0.177858
0.17318, 0.199038, -0.242674, 33.3701, 0.850617, 0.055987
0.17318, 0.199038, -0.239444, 33.3701, 0.909275, 0.182109
0.17318, 0.199038, -0.233682, 33.3701, 0.994337, 0.135416
0.17318, 0.199038, -0.232532, 33.3701, 1.01569, 0.153147
0.17318, 0.199038, -0.242462, 33.3701, 0.909937, 0.0697634
0.17318, 0.199038, -0.237219, 33.3701, 0.936902, 0.194656
0.17318, 0.199038, -0.238924, 33.3701, 0.882084, 0.0657589
0.17318, 0.199038, -0.229067, 33.3701, 1.10058, 0.00298107
0.17318, 0.199038, -0.22973, 33.3701, 1.01794, 0.0329376
0.17318, 0.199038, -0.236736, 33.3701, 0.91106, 0.133127
0.17318, 0.199038, -0.250069, 33.3701, 0.763902, 0.0514938
0.17318, 0.199038, -0.237469, 33.3701, 0.890427, -0.00341409
0.17318, 0.199038, -0.236702, 33.3701, 0.892696, 0.160148
0.17318, 0.199038, -0.239385, 33.3701, 0.892475, -0.086603
0.17318, 0.199038, -0.235448, 33.3701, 0.955934, 0.173117
0.17318, 0.199038, -0.243293, 33.3701, 0.835898, 0.137537
0.17318, 0.199038, -0.239329, 33.3701, 0.898785, 0.0767222
0.17318, 0.199038, -0.261168, 33.3701, 0.464019, 0.40667
0.17318, 0.199038, -0.234746, 33.3701, 0.994675, 0.138203
0.17318, 0.199038, -0.229562, 33.3701, 1.05027, 0.249727
0.17318, 0.199038, -0.242097, 33.3701, 0.871833, 0.136028
0.17318, 0.199038, -0.241902, 33.3701, 0.8906, 0.181973
0.17318, 0.199038, -0.249604, 33.3701, 0.770833, -0.047058
0.17318, 0.199038, -0.234889, 33.3701, 0.977071, 0.0466163
0.17318, 0.199038, -0.237218, 33.3701, 0.96557, 0.0655301
0.17318, 0.199038, -0.248128, 33.3701, 0.740596, -0.0720398
0.17318, 0.199038, -0.270551, 33.3701, 0.348713, 0.198256
0.17318, 0.199038, -0.239453, 33.3701, 0.890367, -0.0618462
0.17318, 0.199038, -0.239366, 33.3701, 0.927387, 0.202067
0.17318, 0.199038, -0.233672, 33.3701, 0.986969, 0.276955
0.17318, 0.199038, -0.242773, 33.3701, 0.821399, 0.116364
0.17318, 0.199038, -0.263422, 33.3701, 0.470381, 0.356972
0.17318, 0.199038, -0.238169, 33.3701, 0.921861, 0.246436
0.17318, 0.199038, -0.240935, 33.3701, 0.922609, 0.163612
0.17318, 0.199038, -0.233724, 33.3701, 0.976896, 0.19733
0.17318, 0.199038, -0.236408, 33.3701, 0.931922, 0.133003
0.17318, 0.199038, -0.242554, 33.3701, 0.817098, 0.160219
0.17318, 0.199038, -0.245157, 33.3701, 0.844775, 0.131378
0.17318, 0.199038, -0.237135, 33.3701, 0.981214, 0.177281
0.17318, 0.199038, -0.242528, 33.3701, 0.833216, 0.15296
0.17318, 0.199038, -0.241171, 33.3701, 0.890365, 0.140483
0.17318, 0.199038, -0.238226, 33.3701, 0.881263, 0.219466
0.17318, 0.199038, -0.245542, 33.3701, 0.795616, 0.170988
0.17318, 0.199038, -0.239576, 33.3701, 0.897901, 0.192267
0.17318, 0.199038, -0.24309, 33.3701, 0.854901, 0.0866964
0.17318, 0.199038, -0.248783, 33.3701, 0.785486, 0.0333658
0.17318, 0.199038, -0.248235, 33.3701, 0.773533, 0.216684
0.17318, 0.199038, -0.249606, 33.3701, 0.669426, 0.0784349
0.17318, 0.199038, -0.230378, 33.3701, 1.09158, -0.0138674
0.17318, 0.199038, -0.246761, 33.3701, 0.840561, -0.0804204
0.17318, 0.199038, -0.231728, 33.3701, 1.04382, -0.0169996
0.17318, 0.199038, -0.246847, 33.3701, 0.799215, 0.149825
0.17318, 0.199038, -0.23602, 33.3701, 0.982908, 0.182353
0.17318, 0.199038, -0.239585, 33.3701, 1.00375, -0.0735483
0.17318, 0.199038, -0.246785, 33.3701, 0.821888, -0.0472315
0.17318, 0.199038, -0.233813, 33.3701, 1.00947, 0.190018
0.17318, 0.199038, -0.247288, 33.3701, 0.781976, 0.0580028
0.17318, 0.199038, -0.231458, 33.3701, 1.0619, 0.0463458
0.17318, 0.199038, -0.247367, 33.3701, 0.81258, 0.142592
0.17318, 0.199038, -0.244531, 33.3701, 0.789332, 0.0945209
0.17318, 0.199038, -0.239823, 33.3701, 0.902974, 0.230297
0.17318, 0.199038, -0.23783, 33.3701, 0.934838, -0.0357274
0.17318, 0.199038, -0.238504, 33.3701, 0.95935, 0.156179
0.17318, 0.199038, -0.227675, 33.3701, 1.1541, 0.0670718
0.17318, 0.199038, -0.282148, 33.3701, 0.104386, -0.00715814
0.17318, 0.199038, -0.219802, 33.3701, 1.23199, -0.0644153
0.17318, 0.199038, -0.239603, 33.3701, 0.894032, -0.0585026
0.17318, 0.199038, -0.270732, 33.3701, 0.336023, 0.40992
0.17318, 0.199038, -0.233328, 33.3701, 1.00934, 0.255287
0.17318, 0.199038, -0.26129, 33.3701, 0.464065, 0.233521
0.17318, 0.199038, -0.251964, 33.3701, 0.763149, 0.163749
0.17318, 0.199038, -0.23811, 33.3701, 0.885808, 0.0930733
0.17318, 0.199038, -0.241614, 33.3701, 0.853346, 0.174942
0.17318, 0.199038, -0.250926, 33.3701, 0.760677, 0.217397
0.17318, 0.199038, -0.248036, 33.3701, 0.733535, 0.00302187
0.17318, 0.199038, -0.236505, 33.3701, 0.956969, 0.293571
0.17318, 0.199038, -0.24508, 33.3701, 0.797358, 0.0170237
0.17318, 0.199038, -0.239087, 33.3701, 0.905498, 0.160126
0.17318, 0.199038, -0.26588, 33.3701, 0.432113, 0.380124
0.17318, 0.199038, -0.239426, 33.3701, 0.914477, 0.133931
0.17318, 0.199038, -0.23468, 33.3701, 0.999092, 0.0430692
0.17318, 0.199038, -0.23924, 33.3701, 0.885582, 0.164675
0.17318, 0.199038, -0.229404, 33.3701, 1.01735, 0.13492
0.17318, 0.199038, -0.239177, 33.3701, 0.91104, 0.250955
0.17318, 0.199038, -0.240307, 33.3701, 0.88078, 0.162482
0.17318, 0.199038, -0.242841, 33.3701, 0.864966, 0.265409
0.17318, 0.199038, -0.235658, 33.3701, 0.960498, 0.219141
0.17318, 0.199038, -0.237871, 33.3701, 0.938357, 0.0865053
0.17318, 0.199038, -0.232107, 33.3701, 1.05431, 0.0239372
0.17318, 0.199038, -0.248497, 33.3701, 0.833262, 0.00667877
0.17318, 0.199038, -0.243369, 33.3701, 0.849944, 0.193106
0.17318, 0.199038, -0.239567, 33.3701, 0.909319, 0.181921
0.17318, 0.199038, -0.234681, 33.3701, 1.0478, -0.0171249
0.17318, 0.199038, -0.236158, 33.3701, 0.983916, 0.0482121
0.17318, 0.199038, -0.239214, 33.3701, 0.903589, 0.176007
0.17318, 0.199038, -0.233909, 33.3701, 1.06053, 0.072712
0.17318, 0.199038, -0.241455, 33.3701, 0.880257, 0.290721
0.17318, 0.199038, -0.255803, 33.3701, 0.689087, 0.282003
0.17318, 0.199038, -0.240598, 33.3701, 0.934176, 0.229498
0.17318, 0.199038, -0.243506, 33.3701, 0.796475, -0.158277
0.17318, 0.199038, -0.259492, 33.3701, 0.620328, 0.158764
0.17318, 0.199038, -0.238415, 33.3701, 0.919708, 0.08769
0.17318, 0.199038, -0.245616, 33.3701, 0.807666, 0.120418
0.17318, 0.199038, -0.230746, 33.3701, 1.0201, 0.140161
0.17318, 0.199038, -0.231262, 33.3701, 1.02521, 0.123408
0.17318, 0.199038, -0.228073, 33.3701, 1.11387, 0.147893
0.17318, 0.199038, -0.237018, 33.3701, 0.947745, -0.0391912
0.17318, 0.199038, -0.233618, 33.3701, 1.03455, 0.0887829
0.17318, 0.199038, -0.243789, 33.3701, 0.873732, 0.273023
0.17318, 0.199038, -0.221493, 33.3701, 1.21429, 0.00294372
0.17318, 0.199038, -0.232971, 33.3701, 1.08012, 0.0478327
0.17318, 0.199038, -0.25195, 33.3701, 0.705267, 0.195629
0.17318, 0.199038, -0.244248, 33.3701, 0.836028, 0.12172
0.17318, 0.199038, -0.241165, 33.3701, 0.889221, -0.125345
0.17318, 0.199038, -0.241659, 33.3701, 0.896813, 0.125614
0.17318, 0.199038, -0.236105, 33.3701, 0.963166, 0.159475
0.17318, 0.199038, -0.243753, 33.3701, 0.848566, 0.149452
0.17318, 0.199038, -0.239766, 33.3701, 0.88586, 0.22627
0.17318, 0.199038, -0.232231, 33.3701, 1.00248, 0.0467115
0.17318, 0.199038, -0.25018, 33.3701, 0.777885, 0.247983
0.17318, 0.199038, -0.238625, 33.3701, 0.977536, -0.0130174
0.17318, 0.199038, -0.24824, 33.3701, 0.755842, 0.0236127
0.17318, 0.199038, -0.251408, 33.3701, 0.730999, 0.190299
0.17318, 0.199038, -0.233964, 33.3701, 0.982847, 0.113025
0.17318, 0.199038, -0.237306, 33.3701, 0.932445, 0.146434
0.17318, 0.199038, -0.246895, 33.3701, 0.882192, 0.0448075
0.17318, 0.199038, -0.226267, 33.3701, 1.11054, 0.201409
0.17318, 0.199038, -0.223015, 33.3701, 1.18076, -0.0315647
0.17318, 0.199038, -0.240257, 33.3701, 0.899453, 0.173537
0.17318, 0.199038, -0.247997, 33.3701, 0.719332, 0.00629736
0.17318, 0.199038, -0.233863, 33.3701, 0.972572, -0.104506
0.17318, 0.199038, -0.2348, 33.3701, 0.990659, -0.0586159
0.17318, 0.199038, -0.246921, 33.3701, 0.79133, 0.226251
0.17318, 0.199038, -0.221384, 33.3701, 1.25708, -0.134015
0.17318, 0.199038, -0.23355, 33.3701, 0.975811, 0.057329
0.17318, 0.199038, -0.201924, 33.3701, 1.56714, -0.315861
0.17318, 0.199038, -0.225639, 33.3701, 1.07043, -0.0984669
0.17318, 0.199038, -0.239413, 33.3701, 0.960008, 0.0762343
0.17318, 0.199038, -0.250079, 33.3701, 0.756815, 0.170786
0.17318, 0.199038, -0.23666, 33.3701, 0.961398, 0.157799
0.17318, 0.199038, -0.250738, 33.3701, 0.749359, 0.165048
0.17318, 0.199038, -0.235352, 33.3701, 0.943105, -0.0863616
0.17318, 0.199038, -0.247879, 33.3701, 0.840181, 0.293185
0.17318, 0.199038, -0.245031, 33.3701, 0.788052, 0.117504
0.17318, 0.199038, -0.242886, 33.3701, 0.921441, 0.0427465
0.17318, 0.199038, -0.247211, 33.3701, 0.760456, -0.0161903
0.17318, 0.199038, -0.212743, 33.3701, 1.43227, -0.0666602
0.17318, 0.199038, -0.232087, 33.3701, 1.0075, 0.175608
0.17318, 0.199038, -0.235386, 33.3701, 0.96626, 0.166099
0.17318, 0.199038, -0.234704, 33.3701, 0.940331, 0.162258
0.17318, 0.199038, -0.243945, 33.3701, 0.828998, 0.175455
0.17318, 0.199038, -0.270136, 33.3701, 0.379171, 0.300351
0.17318, 0.199038, -0.233727, 33.3701, 0.992861, 0.232641
0.17318, 0.199038, -0.227834, 33.3701, 1.16167, 0.236381
0.17318, 0.199038, -0.243444, 33.3701, 0.823152, 0.159502
0.17318, 0.199038, -0.247176, 33.3701, 0.821583, 0.0558051
0.17318, 0.199038, -0.232222, 33.3701, 1.04546, 0.141164
0.17318, 0.199038, -0.233276, 33.3701, 1.0024, 0.0849838
0.17318, 0.199038, -0.235775, 33.3701, 0.940321, 0.102925
0.17318, 0.199038, -0.247958, 33.3701, 0.777233, 0.111897
0.17318, 0.199038, -0.236354, 33.3701, 0.94673, 0.0438705
0.17318, 0.199038, -0.233571, 33.3701, 0.967815, 0.145749
0.17318, 0.199038, -0.22678, 33.3701, 1.11948, 0.0137074
0.17318, 0.199038, -0.250807, 33.3701, 0.796908, 0.163673
0.17318, 0.199038, -0.231994, 33.3701, 1.04467, 0.058712
0.17318, 0.199038, -0.223016, 33.3701, 1.17418, 0.0717736
0.17318, 0.199038, -0.231925, 33.3701, 1.03265, 0.108746
0.17318, 0.199038, -0.235267, 33.3701, 1.00327, -0.121114
0.17318, 0.199038, -0.238637, 33.3701, 0.934664, 0.099491
0.17318, 0.199038, -0.244811, 33.3701, 0.8602, 0.230593
0.17318, 0.199038, -0.235886, 33.3701, 0.971797, 0.00652657
0.17318, 0.199038, -0.231373, 33.3701, 1.00196, 0.00382442
0.17318, 0.199038, -0.241241, 33.3701, 0.901952, 0.0139052
0.17318, 0.199038, -0.21009, 33.3701, 1.35925, -0.0585539
0.17318, 0.199038, -0.268477, 33.3701, 0.367158, 0.251476
0.17318, 0.199038, -0.253065, 33.3701, 0.723393, 0.212065
0.17318, 0.199038, -0.237136, 33.3701, 0.956451, 0.126198
0.17318, 0.199038, -0.23913, 33.3701, 0.904216, 0.197318
0.17318, 0.199038, -0.224334, 33.3701, 1.17801, 0.0921776
0.17318, 0.199038, -0.240817, 33.3701, 0.878535, 0.123745
0.17318, 0.199038, -0.255846, 33.3701, 0.677936, 0.167136
0.17318, 0.199038, -0.252307, 33.3701, 0.781371, 0.116659
0.17318, 0.199038, -0.243927, 33.3701, 0.875192, 0.140432
0.17318, 0.199038, -0.235946, 33.3701, 0.957601, 0.183678
0.17318, 0.199038, -0.2375, 33.3701, 0.895946, 0.185077
0.17318, 0.199038, -0.246962, 33.3701, 0.832293, 0.18261
0.17318, 0.199038, -0.233776, 33.3701, 1.02248, 0.186413
0.17318, 0.199038, -0.238976, 33.3701, 0.958066, 0.0967813
0.17318, 0.199038, -0.250577, 33.3701, 0.751185, 0.0971401
0.17318, 0.199038, -0.246475, 33.3701, 0.818771, 0.132366
0.17318, 0.199038, -0.241499, 33.3701, 0.873553, 0.165778
0.17318, 0.199038, -0.230732, 33.3701, 1.03011, 0.183795
0.17318, 0.199038, -0.234848, 33.3701, 0.941626, -0.044442
0.17318, 0.199038, -0.24397, 33.3701, 0.772983, -0.0137017
0.17318, 0.199038, -0.239167, 33.3701, 0.871865, 0.163277
0.17318, 0.199038, -0.226853, 33.3701, 1.14626, 0.00220347
0.17318, 0.199038, -0.241942, 33.3701, 0.914934, 0.0833902
0.17318, 0.199038, -0.244393, 33.3701, 0.854291, 0.216966
0.17318, 0.199038, -0.244976, 33.3701, 0.848737, 0.114024
0.17318, 0.199038, -0.240763, 33.3701, 0.845689, -0.00673125
0.17318, 0.199038, -0.231922, 33.3701, 1.01944, 0.143904
0.17318, 0.199038, -0.256252, 33.3701, 0.699885, 0.190248
0.17318, 0.199038, -0.238755, 33.3701, 0.867746, -0.0289937
0.17318, 0.199038, -0.240479, 33.3701, 0.887992, 0.210409
0.17318, 0.199038, -0.246188, 33.3701, 0.8457, 0.194861
0.17318, 0.199038, -0.241087, 33.3701, 0.855135, 0.16964
0.17318, 0.199038, -0.234694, 33.3701, 0.952355, 0.139637
0.17318, 0.199038, -0.236781, 33.3701, 0.950946, -0.12786
0.17318, 0.199038, -0.248997, 33.3701, 0.795136, 0.271799
0.17318, 0.199038, -0.245, 33.3701, 0.82056, 0.169776
0.17318, 0.199038, -0.24589, 33.3701, 0.874912, 0.201353
0.17318, 0.199038, -0.242679, 33.3701, 0.853921, 0.151109
0.17318, 0.199038, -0.237128, 33.3701, 0.939209, -0.0869177
0.17318, 0.199038, -0.239693, 33.3701, 0.927248, 0.175015
0.17318, 0.199038, -0.241708, 33.3701, 0.908496, 0.123518
0.17318, 0.199038, -0.243918, 33.3701, 0.837326, 0.0122588
0.17318, 0.199038, -0.230561, 33.3701, 1.09589, -0.0133414
0.17318, 0.199038, -0.238057, 33.3701, 0.926566, 0.184088
0.17318, 0.199038, -0.245423, 33.3701, 0.826751, 0.195138
0.17318, 0.199038, -0.253156, 33.3701, 0.743328, 0.252899
0.17318, 0.199038, -0.240143, 33.3701, 0.847075, 0.133041
0.17318, 0.199038, -0.242503, 33.3701, 0.875928, 0.119257
0.17318, 0.199038, -0.240176, 33.3701, 0.891138, 0.0552907
0.17318, 0.199038, -0.231079, 33.3701, 0.998926, 0.14358
0.17318, 0.199038, -0.24683, 33.3701, 0.843615, 0.0140494
0.17318, 0.199038, -0.24277, 33.3701, 0.875527, 0.25494
0.17318, 0.199038, -0.247, 33.3701, 0.842194, 0.13574
0.17318, 0.199038, -0.230876, 33.3701, 1.07559, -0.0609888
0.17318, 0.199038, -0.254488, 33.3701, 0.724767, 0.118514
0.17318, 0.199038, -0.247944, 33.3701, 0.738726, 0.079591
0.17318, 0.199038, -0.228562, 33.3701, 1.0318, -0.028671
0.17318, 0.199038, -0.231346, 33.3701, 1.01593, -0.257438
0.17318, 0.199038, -0.247412, 33.3701, 0.758239, 0.16038
0.17318, 0.199038, -0.24462, 33.3701, 0.819331, 0.139513
0.17318, 0.199038, -0.237964, 33.3701, 0.919169, 0.201909
0.17318, 0.199038, -0.24517, 33.3701, 0.854193, 0.119779
0.17318, 0.199038, -0.232536, 33.3701, 1.0655, -0.128705
0.17318, 0.199038, -0.245446, 33.3701, 0.857514, 0.180898
0.17318, 0.199038, -0.24344, 33.3701, 0.860764, 0.230722
0.17318, 0.199038, -0.231697, 33.3701, 1.04175, 0.116993
0.17318, 0.199038, -0.241181, 33.3701, 0.89843, 0.0833439
0.17318, 0.199038, -0.249333, 33.3701, 0.742392, 0.119436
0.17318, 0.199038, -0.242203, 33.3701, 0.844736, 0.181794
0.17318, 0.199038, -0.233072, 33.3701, 1.05106, 0.0526599
0.17318, 0.199038, -0.242067, 33.3701, 0.888506, 0.0935098
0.17318, 0.199038, -0.23609, 33.3701, 0.935673, 0.210125
0.17318, 0.199038, -0.235964, 33.3701, 0.945107, 0.0668689
0.17318, 0.199038, -0.233483, 33.3701, 1.04048, 0.0737445
0.17318, 0.199038, -0.233048, 33.3701, 0.990618, 0.100648
0.17318, 0.199038, -0.242537, 33.3701, 0.85384, 0.266272
0.17318, 0.199038, -0.240347, 33.3701, 0.84436, 0.223648
0.17318, 0.199038, -0.238179, 33.3701, 0.92276, 0.194535
0.17318, 0.199038, -0.23629, 33.3701, 0.899234, 0.10793
0.17318, 0.199038, -0.221646, 33.3701, 1.18524, -0.0148712
0.17318, 0.199038, -0.235448, 33.3701, 0.98896, -0.0718631
0.17318, 0.199038, -0.245617, 33.3701, 0.798126, 0.23199
0.17318, 0.199038, -0.240619, 33.3701, 0.959835, 0.0246896
0.17318, 0.199038, -0.242405, 33.3701, 0.839004, 0.154896
0.17318, 0.199038, -0.236616, 33.3701, 0.932815, 0.175523
0.17318, 0.199038, -0.237058, 33.3701, 0.951584, 0.120323
0.17318, 0.199038, -0.236884, 33.3701, 0.984568, -0.010843
0.17318, 0.199038, -0.244415, 33.3701, 0.823865, 0.171494
0.17318, 0.199038, -0.239514, 33.3701, 0.878206, 0.271084
0.17318, 0.199038, -0.242849, 33.3701, 0.85934, -0.109522
0.17318, 0.199038, -0.229429, 33.3701, 1.06615, 0.160474
0.17318, 0.199038, -0.250333, 33.3701, 0.766258, 0.260526
0.17318, 0.199038, -0.238458, 33.3701, 0.876199, 0.198726
0.17318, 0.199038, -0.245143, 33.3701, 0.834734, 0.209799
0.17318, 0.199038, -0.236494, 33.3701, 0.964949, 0.0396963
0.17318, 0.199038, -0.231959, 33.3701, 1.06052, 0.0444879
0.17318, 0.199038, -0.241675, 33.3701, 0.860783, 0.137086
0.17318, 0.199038, -0.235753, 33.3701, 1.00584, -0.0191076
0.17318, 0.199038, -0.232305, 33.3701, 1.01624, -0.00932387
0.17318, 0.199038, -0.233482, 33.3701, 0.978805, 0.235178
0.17318, 0.199038, -0.245111, 33.3701, 0.871511, 0.183801
0.17318, 0.199038, -0.246202, 33.3701, 0.812002, 0.0799075
0.17318, 0.199038, -0.243692, 33.3701, 0.837746, 0.170109
0.17318, 0.199038, -0.237078, 33.3701, 0.936177, 0.163289
0.17318, 0.199038, -0.244441, 33.3701, 0.819779, 0.314558
0.17318, 0.199038, -0.248294, 33.3701, 0.808235, 0.120504
0.17318, 0.199038, -0.239037, 33.3701, 0.892381, 0.189571
0.17318, 0.199038, -0.235967, 33.3701, 0.97037, 0.135927
0.17318, 0.199038, -0.250653, 33.3701, 0.744672, 0.165614
0.17318, 0.199038, -0.245209, 33.3701, 0.830193, 0.100415
0.17318, 0.199038, -0.235161, 33.3701, 0.996657, 0.0982416
0.17318, 0.199038, -0.23255, 33.3701, 1.04562, -0.0389465
0.17318, 0.199038, -0.240814, 33.3701, 0.933902, 0.182635
0.17318, 0.199038, -0.231166, 33.3701, 1.00209, 0.0910073
0.17318, 0.199038, -0.225092, 33.3701, 1.16186, -0.15242
0.17318, 0.199038, -0.237014, 33.3701, 0.978661, 0.174666
0.17318, 0.199038, -0.233777, 33.3701, 0.990865, 0.221763
0.17318, 0.199038, -0.243825, 33.3701, 0.830536, 0.0755156
0.17318, 0.199038, -0.237662, 33.3701, 0.916942, 0.198798
0.17318, 0.199038, -0.244238, 33.3701, 0.831938, 0.139748
0.17318, 0.199038, -0.245814, 33.3701, 0.888714, 0.0807758
0.17318, 0.199038, -0.250723, 33.3701, 0.737677, 0.0142268
0.17318, 0.199038, -0.23976, 33.3701, 0.910186, 0.173733
0.17318, 0.199038, -0.244545, 33.3701, 0.829513, 0.0871988
0.17318, 0.199038, -0.240039, 33.3701, 0.81965, 0.138248
0.17318, 0.199038, -0.225247, 33.3701, 1.12114, 0.0190696
0.17318, 0.199038, -0.266194, 33.3701, 0.392414, 0.346605
0.17318, 0.199038, -0.247797, 33.3701, 0.730798, 0.00870742
0.17318, 0.199038, -0.242133, 33.3701, 0.857419, 0.176771
0.17318, 0.199038, -0.235828, 33.3701, 0.991034, -0.0729106
0.17318, 0.199038, -0.242896, 33.3701, 0.862914, 0.228867
0.17318, 0.199038, -0.24207, 33.3701, 0.850358, 0.214192
0.17318, 0.199038, -0.248817, 33.3701, 0.735413, 0.198473
0.17318, 0.199038, -0.249386, 33.3701, 0.776188, 0.0527521
0.17318, 0.199038, -0.247393, 33.3701, 0.788938, 0.101577
0.17318, 0.199038, -0.238906, 33.3701, 0.833127, -0.194168
0.17318, 0.199038, -0.232661, 33.3701, 0.957822, -0.0656307
0.17318, 0.199038, -0.243682, 33.3701, 0.825707, 0.189052
0.17318, 0.199038, -0.239207, 33.3701, 0.908981, 0.135764
0.17318, 0.199038, -0.247045, 33.3701, 0.784231, 0.130252
0.17318, 0.199038, -0.235259, 33.3701, 0.943818, 0.0595804
0.17318, 0.199038, -0.243189, 33.3701, 0.834194, -0.131348
0.17318, 0.199038, -0.246682, 33.3701, 0.792186, 0.00646483
0.17318, 0.199038, -0.248145, 33.3701, 0.791316, 0.183038
0.17318, 0.199038, -0.245852, 33.3701, 0.790478, 0.154791
0.17318, 0.199038, -0.240831, 33.3701, 0.917485, 0.0805601
0.17318, 0.199038, -0.255022, 33.3701, 0.662406, 0.0299961
0.17318, 0.199038, -0.276155, 33.3701, 0.316575, 0.352227
0.17318, 0.199038, -0.239195, 33.3701, 0.945926, 0.167117
0.17318, 0.199038, -0.25599, 33.3701, 0.714865, 0.132876
0.17318, 0.199038, -0.243926, 33.3701, 0.858233, 0.100244
0.17318, 0.199038, -0.248853, 33.3701, 0.815359, 0.147037
0.17318, 0.199038, -0.241184, 33.3701, 0.869709, 0.149779
0.17318, 0.199038, -0.234407, 33.3701, 0.965822, 0.08426
0.17318, 0.199038, -0.236401, 33.3701, 0.930509, 0.197421
0.17318, 0.199038, -0.242261, 33.3701, 0.889865, 0.128997
0.17318, 0.199038, -0.239797, 33.3701, 0.912745, 0.128079
0.17318, 0.199038, -0.233035, 33.3701, 1.08015, 0.00391722
0.17318, 0.199038, -0.231922, 33.3701, 1.0994, 0.0384549
0.17318, 0.199038, -0.231712, 33.3701, 1.075, 0.0827496
0.17318, 0.199038, -0.246121, 33.3701, 0.792477, 0.274533
0.17318, 0.199038, -0.239688, 33.3701, 0.902504, 0.1346
0.17318, 0.199038, -0.240721, 33.3701, 0.943813, 0.148784
0.17318, 0.199038, -0.238887, 33.3701, 0.927175, 0.140699
0.17318, 0.199038, -0.245356, 33.3701, 0.808441, 0.182878
0.17318, 0.199038, -0.232154, 33.3701, 1.04812, 0.0651694
0.17318, 0.199038, -0.236013, 33.3701, 0.95473, 0.0292016
0.17318, 0.199038, -0.2379, 33.3701, 0.940942, 0.142675
0.17318, 0.199038, -0.247472, 33.3701, 0.795678, 0.250362
0.17318, 0.199038, -0.246969, 33.3701, 0.763249, 0.122874
0.17318, 0.199038, -0.239327, 33.3701, 0.982292, 0.192856
0.17318, 0.199038, -0.229442, 33.3701, 1.04601, 0.108682
0.17318, 0.199038, -0.249103, 33.3701, 0.761655, 0.0959567
0.17318, 0.199038, -0.232796, 33.3701, 1.07364, 0.0273768
0.17318, 0.199038, -0.235573, 33.3701, 0.950386, 0.141715
0.17318, 0.199038, -0.225788, 33.3701, 1.17951, -0.0888932
0.17318, 0.199038, -0.264662, 33.3701, 0.471861, 0.348072
0.17318, 0.199038, -0.239967, 33.3701, 0.870438, 0.158242
0.17318, 0.199038, -0.238843, 33.3701, 0.926593, 0.161002
0.17318, 0.199038, -0.237088, 33.3701, 0.919961, 0.233643
0.17318, 0.199038, -0.237763, 33.3701, 0.911589, 0.163317
0.17318, 0.199038, -0.247333, 33.3701, 0.770344, 0.215245
0.17318, 0.199038, -0.256053, 33.3701, 0.681741, 0.112887
0.17318, 0.199038, -0.251349, 33.3701, 0.791166, 0.199015
0.17318, 0.199038, -0.232313, 33.3701, 1.06793, 0.000204783
0.17318, 0.199038, -0.232465, 33.3701, 1.02816, 0.00752115
0.17318, 0.199038, -0.246077, 33.3701, 0.81982, 0.21616
0.17318, 0.199038, -0.255426, 33.3701, 0.705166, -0.175022
0.17318, 0.199038, -0.238723, 33.3701, 0.868238, 0.156247
0.17318, 0.199038, -0.239088, 33.3701, 0.893668, -0.0435959
0.17318, 0.199038, -0.246456, 33.3701, 0.740384, 0.105347
0.17318, 0.199038, -0.2453, 33.3701, 0.848279, 0.163972
0.17318, 0.199038, -0.238661, 33.3701, 0.948919, 0.172019
0.17318, 0.199038, -0.241356, 33.3701, 0.963246, -0.0208321
0.17318, 0.199038, -0.238446, 33.3701, 0.950569, 0.154297
0.17318, 0.199038, -0.264357, 33.3701, 0.459822, 0.367076
0.17318, 0.199038, -0.249614, 33.3701, 0.74919, 0.0737052
0.17318, 0.199038, -0.23524, 33.3701, 0.93674, 0.0944724
0.17318, 0.199038, -0.237865, 33.3701, 0.92499, 0.186678
0.17318, 0.199038, -0.246148, 33.3701, 0.797293, 0.286184
0.17318, 0.199038, -0.239586, 33.3701, 0.901189, 0.0122871
0.17318, 0.199038, -0.241012, 33.3701, 0.891147, 0.25126
0.17318, 0.199038, -0.225179, 33.3701, 1.13218, 0.0781698
0.17318, 0.199038, -0.24621, 33.3701, 0.871881, 0.300066
0.17318, 0.199038, -0.24466, 33.3701, 0.818678, 0.0781649
0.17318, 0.199038, -0.254859, 33.3701, 0.669334, 0.151326
0.17318, 0.199038, -0.245941, 33.3701, 0.831695, 0.159742
0.17318, 0.199038, -0.239515, 33.3701, 0.995074, -0.0868679
0.17318, 0.199038, -0.239501, 33.3701, 0.91478, 0.210402
0.17318, 0.199038, -0.240653, 33.3701, 0.91283, 0.0758509
0.17318, 0.199038, -0.234681, 33.3701, 1.03042, -0.027879
0.17318, 0.199038, -0.240746, 33.3701, 0.916394, 0.16439
0.17318, 0.199038, -0.242597, 33.3701, 0.867366, -0.0626525
0.17318, 0.199038, -0.234747, 33.3701, 1.06265, -0.0496138
0.17318, 0.199038, -0.246312, 33.3701, 0.789689, 0.145084
0.17318, 0.199038, -0.239375, 33.3701, 0.925271, 0.159915
0.17318, 0.199038, -0.242665, 33.3701, 0.822874, 0.221046
0.17318, 0.199038, -0.238679, 33.3701, 0.886294, 0.113024
0.17318, 0.199038, -0.235583, 33.3701, 0.934783, 0.152599
0.17318, 0.199038, -0.248079, 33.3701, 0.744689, -0.0162761
0.17318, 0.199038, -0.240442, 33.3701, 0.867234, 0.00378744
0.17318, 0.199038, -0.251305, 33.3701, 0.644407, -0.205307
0.17318, 0.199038, -0.24117, 33.3701, 0.867663, 0.215015
0.17318, 0.199038, -0.241426, 33.3701, 0.863611, 0.141473
0.17318, 0.199038, -0.246037, 33.3701, 0.77147, 0.174935
0.17318, 0.199038, -0.239425, 33.3701, 0.8865, 0.0511954
0.17318, 0.199038, -0.237893, 33.3701, 0.94342, 0.115145
0.17318, 0.199038, -0.244573, 33.3701, 0.879789, 0.049645
0.17318, 0.199038, -0.241581, 33.3701, 0.868388, 0.122384
0.17318, 0.199038, -0.234384, 33.3701, 1.01834, 0.0553396
0.17318, 0.199038, -0.240224, 33.3701, 0.85394, 0.207425
0.17318, 0.199038, -0.223509, 33.3701, 1.13927, 0.0257362
0.17318, 0.199038, -0.238472, 33.3701, 0.895294, 0.171868
0.17318, 0.199038, -0.235259, 33.3701, 0.941588, 0.0507077
0.17318, 0.199038, -0.233909, 33.3701, 0.933094, -0.0407821
0.17318, 0.199038, -0.242705, 33.3701, 0.911253, -0.0170147
0.17318, 0.199038, -0.265174, 33.3701, 0.549868, 0.111596
0.17318, 0.199038, -0.240209, 33.3701, 0.873966, 0.0400127
0.17318, 0.199038, -0.242687, 33.3701, 0.820041, 0.190603
0.17318, 0.199038, -0.249502, 33.3701, 0.798287, 0.171626
0.17318, 0.199038, -0.241128, 33.3701, 0.873524, 0.14156
0.17318, 0.199038, -0.240646, 33.3701, 0.903133, 0.131296
0.17318, 0.199038, -0.24013, 33.3701, 0.93434, 0.099569
0.17318, 0.199038, -0.231267, 33.3701, 0.973639, 0.00255393
0.17318, 0.199038, -0.244187, 33.3701, 0.869055, 0.102694
0.17318, 0.199038, -0.230979, 33.3701, 1.05577, 0.0818418
0.17318, 0.199038, -0.243698, 33.3701, 0.904989, 0.119497
0.17318, 0.199038, -0.235823, 33.3701, 0.970532, 0.00684224
0.17318, 0.199038, -0.23807, 33.3701, 0.902191, -0.094506
0.17318, 0.199038, -0.239441, 33.3701, 0.873017, 0.197759
0.17318, 0.199038, -0.273988, 33.3701, 0.328473, 0.413415
0.17318, 0.199038, -0.218961, 33.3701, 1.24636, -0.042534
0.17318, 0.199038, -0.239709, 33.3701, 0.886011, 0.13934
0.17318, 0.199038, -0.223149, 33.3701, 1.22406, 0.0104954
0.17318, 0.199038, -0.244311, 33.3701, 0.825657, -0.195471
0.17318, 0.199038, -0.246016, 33.3701, 0.866931, 0.198761
0.17318, 0.199038, -0.233454, 33.3701, 0.948013, 0.109885
0.17318, 0.199038, -0.224964, 33.3701, 1.10369, 0.121327
0.17318, 0.199038, -0.247649, 33.3701, 0.806009, 0.158177
0.17318, 0.199038, -0.246914, 33.3701, 0.774657, 0.174921
0.17318, 0.199038, -0.239569, 33.3701, 0.918474, 0.184357
0.17318, 0.199038, -0.234291, 33.3701, 0.961889, -0.0969015
0.17318, 0.199038, -0.240416, 33.3701, 0.866536, 0.140077
0.17318, 0.199038, -0.241584, 33.3701, 0.895945, -0.0344479
0.17318, 0.199038, -0.222956, 33.3701, 1.13854, -0.137703
0.17318, 0.199038, -0.253842, 33.3701, 0.696275, -0.069292
0.17318, 0.199038, -0.271013, 33.3701, 0.355254, 0.402856
0.17318, 0.199038, -0.246163, 33.3701, 0.844625, 0.109888
0.17318, 0.199038, -0.244191, 33.3701, 0.778508, 0.0481668
0.17318, 0.199038, -0.242996, 33.3701, 0.822855, 0.308716
0.17318, 0.199038, -0.240477, 33.3701, 0.943607, 0.0778662
0.17318, 0.199038, -0.258676, 33.3701, 0.590736, 0.205403
0.17318, 0.199038, -0.241854, 33.3701, 0.862178, -0.0443483
0.17318, 0.199038, -0.236914, 33.3701, 0.969089, 0.0947692
0.17318, 0.199038, -0.235665, 33.3701, 0.957375, 0.00914007
0.17318, 0.199038, -0.247688, 33.3701, 0.80808, 0.22648
0.17318, 0.199038, -0.236767, 33.3701, 1.02765, 0.057403
0.17318, 0.199038, -0.244604, 33.3701, 0.798955, 0.212344
0.17318, 0.199038, -0.237222, 33.3701, 0.946157, 0.151897
0.17318, 0.199038, -0.245163, 33.3701, 0.854781, 0.0934911
0.17318, 0.199038, -0.244279, 33.3701, 0.839498, -0.0291571
0.17318, 0.199038, -0.243527, 33.3701, 0.817897, -0.0558319
0.17318, 0.199038, -0.248874, 33.3701, 0.776176, 0.185045
0.17318, 0.199038, -0.229998, 33.3701, 1.08939, 0.0225053
0.17318, 0.199038, -0.247005, 33.3701, 0.819322, -0.139999
0.17318, 0.199038, -0.238473, 33.3701, 0.916105, 0.147333
0.17318, 0.199038, -0.241109, 33.3701, 0.858346, 0.153359
0.17318, 0.199038, -0.237474, 33.3701, 0.945311, 0.155482
0.17318, 0.199038, -0.250578, 33.3701, 0.705465, -0.127193
0.17318, 0.199038, -0.248401, 33.3701, 0.79413, 0.112281
0.17318, 0.199038, -0.236196, 33.3701, 0.976963, 0.202256
0.17318, 0.199038, -0.249772, 33.3701, 0.768616, 0.154619
0.17318, 0.199038, -0.2375, 33.3701, 0.940271, -0.0193754
0.17318, 0.199038, -0.237945, 33.3701, 0.906279, 0.0737795
0.17318, 0.199038, -0.235179, 33.3701, 0.9739, -0.0167621
0.17318, 0.199038, -0.239612, 33.3701, 0.848906, 0.00142075
0.17318, 0.199038, -0.23256, 33.3701, 1.03676, 0.0696507
0.17318, 0.199038, -0.244226, 33.3701, 0.813227, 0.20372
0.17318, 0.199038, -0.251349, 33.3701, 0.748561, 0.0645627
0.17318, 0.199038, -0.240722, 33.3701, 0.865809, 0.169844
0.17318, 0.199038, -0.238517, 33.3701, 0.922937, 0.12709
0.17318, 0.199038, -0.216887, 33.3701, 1.33144, -0.0578821
0.17318, 0.199038, -0.221962, 33.3701, 1.19433, 0.0301319
0.17318, 0.199038, -0.237024, 33.3701, 0.938773, 0.258321
0.17318, 0.199038, -0.248389, 33.3701, 0.780478, 0.104626
0.17318, 0.199038, -0.249491, 33.3701, 0.745901, 0.151744
0.17318, 0.199038, -0.23534, 33.3701, 0.947888, 0.167081
0.17318, 0.199038, -0.245396, 33.3701, 0.797672, 0.275782
0.17318, 0.199038, -0.23961, 33.3701, 0.901726, 0.165742
0.17318, 0.199038, -0.239413, 33.3701, 0.886094, -0.0361017
0.17318, 0.199038, -0.23048, 33.3701, 1.06906, 0.0615749
0.17318, 0.199038, -0.227901, 33.3701, 1.17206, -0.0465754
0.17318, 0.199038, -0.239419, 33.3701, 0.887283, 0.177662
0.17318, 0.199038, -0.228866, 33.3701, 1.11793, 0.0134424
0.17318, 0.199038, -0.231347, 33.3701, 0.990445, 0.145722
0.17318, 0.199038, -0.237313, 33.3701, 0.961921, 0.200008
0.17318, 0.199038, -0.246115, 33.3701, 0.845914, 0.100904
0.17318, 0.199038, -0.242255, 33.3701, 0.859685, 0.233786
0.17318, 0.199038, -0.234461, 33.3701, 0.994081, 0.169968
0.17318, 0.199038, -0.245199, 33.3701, 0.805901, 0.277377
0.17318, 0.199038, -0.216174, 33.3701, 1.37492, -0.281417
0.17318, 0.199038, -0.242192, 33.3701, 0.837439, 0.141582
0.17318, 0.199038, -0.243366, 33.3701, 0.853673, 0.128335
0.17318, 0.199038, -0.253767, 33.3701, 0.71766, 0.0372697
0.17318, 0.199038, -0.242826, 33.3701, 0.910258, 0.110704
0.17318, 0.199038, -0.233767, 33.3701, 0.958354, 0.148035
0.17318, 0.199038, -0.24114, 33.3701, 0.879121, 0.14429
0.17318, 0.199038, -0.229216, 33.3701, 1.03607, 0.204125
0.17318, 0.199038, -0.251128, 33.3701, 0.730028, 0.213715
0.17318, 0.199038, -0.227558, 33.3701, 1.11825, -0.0647205
0.17318, 0.199038, -0.24397, 33.3701, 0.843004, 0.22764
0.17318, 0.199038, -0.230443, 33.3701, 1.0863, 0.00522662
0.17318, 0.199038, -0.228588, 33.3701, 1.12393, 0.0510884
0.17318, 0.199038, -0.245022, 33.3701, 0.833269, 0.162424
0.17318, 0.199038, -0.23806, 33.3701, 0.912526, 0.259165
0.17318, 0.199038, -0.24895, 33.3701, 0.737389, 0.0295189
0.17318, 0.199038, -0.237891, 33.3701, 0.951647, 0.137141
0.17318, 0.199038, -0.240506, 33.3701, 0.903825, 0.326748
0.17318, 0.199038, -0.223472, 33.3701, 1.16505, -0.0192295
0.17318, 0.199038, -0.239801, 33.3701, 0.899456, 0.15906
0.17318, 0.199038, -0.233465, 33.3701, 1.02663, -0.0623684
0.17318, 0.199038, -0.24683, 33.3701, 0.795204, 0.203858
0.17318, 0.199038, -0.247184, 33.3701, 0.768666, 0.14998
0.17318, 0.199038, -0.247643, 33.3701, 0.781551, 0.13093
0.17318, 0.199038, -0.240871, 33.3701, 0.871263, 0.180249
0.17318, 0.199038, -0.236729, 33.3701, 0.929603, 0.0410389
0.17318, 0.199038, -0.247823, 33.3701, 0.782574, 0.178294
0.17318, 0.199038, -0.249439, 33.3701, 0.770066, 0.11726
0.17318, 0.199038, -0.236713, 33.3701, 0.927213, 0.13292
0.17318, 0.199038, -0.238308, 33.3701, 0.936745, 0.246568
0.17318, 0.199038, -0.23546, 33.3701, 0.959462, 0.100607
0.17318, 0.199038, -0.243956, 33.3701, 0.832688, 0.0518778
0.17318, 0.199038, -0.240091, 33.3701, 0.856546, 0.151564
0.17318, 0.199038, -0.225002, 33.3701, 1.16649, -0.069671
0.17318, 0.199038, -0.248648, 33.3701, 0.832767, 0.123376
0.17318, 0.199038, -0.231543, 33.3701, 1.0911, 0.159985
0.17318, 0.199038, -0.237215, 33.3701, 0.929751, 0.152506
0.17318, 0.199038, -0.254434, 33.3701, 0.703331, 0.143758
0.17318, 0.199038, -0.231406, 33.3701, 1.06723, -0.123656
0.17318, 0.199038, -0.238175, 33.3701, 0.91587, 0.210399
0.17318, 0.199038, -0.237962, 33.3701, 0.915232, 0.167398
0.17318, 0.199038, -0.244759, 33.3701, 0.830569, 0.134078
0.17318, 0.199038, -0.242514, 33.3701, 0.882002, 0.190589
0.17318, 0.199038, -0.239796, 33.3701, 0.908413, 0.211299
0.17318, 0.199038, -0.229749, 33.3701, 1.1639, -0.137138
0.17318, 0.199038, -0.243054, 33.3701, 0.827905, 0.179421
0.17318, 0.199038, -0.239364, 33.3701, 0.877622, -0.0263568
0.17318, 0.199038, -0.23264, 33.3701, 1.03738, 0.0565872
0.17318, 0.199038, -0.250874, 33.3701, 0.772908, 0.204758
0.17318, 0.199038, -0.238237, 33.3701, 0.928293, 0.0237131
0.17318, 0.199038, -0.238703, 33.3701, 0.89206, 0.150453
0.17318, 0.199038, -0.233007, 33.3701, 0.975213, 0.0421496
0.17318, 0.199038, -0.255393, 33.3701, 0.668999, 0.253108
0.17318, 0.199038, -0.268918, 33.3701, 0.37224, 0.353044
0.17318, 0.199038, -0.219479, 33.3701, 1.25173, -0.0222174
0.17318, 0.199038, -0.240132, 33.3701, 0.864615, -0.0502726
0.17318, 0.199038, -0.243243, 33.3701, 0.828627, 0.124422
0.17318, 0.199038, -0.240125, 33.3701, 0.906274, 0.125722
0.17318, 0.199038, -0.243604, 33.3701, 0.865695, 0.242735
0.17318, 0.199038, -0.250982, 33.3701, 0.723841, 0.281575
0.17318, 0.199038, -0.242416, 33.3701, 0.88129, 0.137736
0.17318, 0.199038, -0.235313, 33.3701, 1.05459, 0.0549364
0.17318, 0.199038, -0.245287, 33.3701, 0.779142, 0.0541619
0.17318, 0.199038, -0.229018, 33.3701, 1.11509, -0.0914658
0.17318, 0.199038, -0.245214, 33.3701, 0.817479, 0.0711852
0.17318, 0.199038, -0.24002, 33.3701, 0.906513, 0.243578
0.17318, 0.199038, -0.246696, 33.3701, 0.809669, 0.288121
0.17318, 0.199038, -0.22882, 33.3701, 1.12703, 0.0694825
0.17318, 0.199038, -0.24684, 33.3701, 0.816873, 0.232246
0.17318, 0.199038, -0.23689, 33.3701, 0.948425, 0.13583
0.17318, 0.199038, -0.246034, 33.3701, 0.794089, 0.217099
0.17318, 0.199038, -0.24422, 33.3701, 0.841821, 0.140528
0.17318, 0.199038, -0.228369, 33.3701, 1.08877, -0.0312684
0.17318, 0.199038, -0.245601, 33.3701, 0.75991, 0.194651
0.17318, 0.199038, -0.256239, 33.3701, 0.685256, 0.191232
0.17318, 0.199038, -0.23102, 33.3701, 1.06761, -0.0339822
0.17318, 0.199038, -0.252178, 33.3701, 0.791, 0.189819
0.17318, 0.199038, -0.238627, 33.3701, 0.88822, 0.262326
0.17318, 0.199038, -0.239785, 33.3701, 0.898989, 0.158995
0.17318, 0.199038, -0.242119, 33.3701, 0.879206, 0.175002
0.17318, 0.199038, -0.205614, 33.3701, 1.51671, -0.10752
0.17318, 0.199038, -0.236569, 33.3701, 0.993916, 0.0824741
0.17318, 0.199038, -0.240718, 33.3701, 0.856579, 0.129765
0.17318, 0.199038, -0.237965, 33.3701, 0.9121, 0.196916
0.17318, 0.199038, -0.246307, 33.3701, 0.799117, 0.146171
0.17318, 0.199038, -0.240628, 33.3701, 0.887299, 0.160868
0.17318, 0.199038, -0.250614, 33.3701, 0.749868, 0.256579
0.17318, 0.199038, -0.251427, 33.3701, 0.730444, 0.155164
0.17318, 0.199038, -0.236616, 33.3701, 0.922385, 0.180001
0.17318, 0.199038, -0.237298, 33.3701, 0.970299, 0.10355
0.17318, 0.199038, -0.234237, 33.3701, 1.01787, 0.153498
0.17318, 0.199038, -0.248463, 33.3701, 0.815176, 0.19562
0.17318, 0.199038, -0.238679, 33.3701, 0.938855, 0.0754233
0.17318, 0.199038, -0.237998, 33.3701, 0.954156, 0.130596
0.17318, 0.199038, -0.252919, 33.3701, 0.761077, 0.31564
0.17318, 0.199038, -0.237616, 33.3701, 0.966122, 0.175194
0.17318, 0.199038, -0.252537, 33.3701, 0.733021, 0.169169
0.17318, 0.199038, -0.235572, 33.3701, 0.934689, 0.130156
0.17318, 0.199038, -0.242533, 33.3701, 0.841381, 0.156899
0.17318, 0.199038, -0.243266, 33.3701, 0.852095, 0.119125
0.17318, 0.199038, -0.220263, 33.3701, 1.21754, -0.0578342
0.17318, 0.199038, -0.235391, 33.3701, 0.95743, -0.096351
0.17318, 0.199038, -0.225525, 33.3701, 1.16122, 0.12941
0.17318, 0.199038, -0.244805, 33.3701, 0.831858, 0.193746
0.17318, 0.199038, -0.226066, 33.3701, 1.08965, 0.176515
0.17318, 0.199038, -0.243335, 33.3701, 0.842791, 0.155152
0.17318, 0.199038, -0.226619, 33.3701, 1.07794, 0.0722197
0.17318, 0.199038, -0.25079, 33.3701, 0.766019, 0.231557
0.17318, 0.199038, -0.264506, 33.3701, 0.484583, 0.358073
0.17318, 0.199038, -0.241256, 33.3701, 0.881154, 0.0983306
0.17318, 0.199038, -0.24413, 33.3701, 0.807957, 0.265569
0.17318, 0.199038, -0.245273, 33.3701, 0.807476, 0.154266
0.17318, 0.199038, -0.244047, 33.3701, 0.888972, -0.0194637
0.17318, 0.199038, -0.231635, 33.3701, 1.05862, 0.106304
0.17318, 0.199038, -0.217133, 33.3701, 1.3027, -0.113178
0.17318, 0.199038, -0.242873, 33.3701, 0.84644, 0.104605
0.17318, 0.199038, -0.247548, 33.3701, 0.817064, 0.0799203
0.17318, 0.199038, -0.244806, 33.3701, 0.860446, 0.121092
0.17318, 0.199038, -0.203255, 33.3701, 1.51693, -0.0892407
0.17318, 0.199038, -0.23095, 33.3701, 1.00311, 0.16609
0.17318, 0.199038, -0.249058, 33.3701, 0.777719, 0.197296
0.17318, 0.199038, -0.214037, 33.3701, 1.43893, -0.135286
0.17318, 0.199038, -0.237412, 33.3701, 0.923745, -0.0402694
0.17318, 0.199038, -0.236622, 33.3701, 0.951032, 0.230585
0.17318, 0.199038, -0.241943, 33.3701, 0.872053, 0.0568848
0.17318, 0.199038, -0.233468, 33.3701, 1.0163, 0.143985
0.17318, 0.199038, -0.229544, 33.3701, 1.09029, 0.0369687
0.17318, 0.199038, -0.240243, 33.3701, 0.860652, -0.067599
0.17318, 0.199038, -0.229523, 33.3701, 1.09066, 0.0263467
0.17318, 0.199038, -0.255257, 33.3701, 0.690634, 0.0342451
0.17318, 0.199038, -0.249507, 33.3701, 0.774225, 0.16336
0.17318, 0.199038, -0.245966, 33.3701, 0.837466, 0.0649244
0.17318, 0.199038, -0.232595, 33.3701, 1.04069, -0.0389414
0.17318, 0.199038, -0.250545, 33.3701, 0.782154, 0.124252
0.17318, 0.199038, -0.240183, 33.3701, 0.907237, 0.182732
0.17318, 0.199038, -0.25177, 33.3701, 0.763562, 0.015497
0.17318, 0.199038, -0.239655, 33.3701, 0.888313, 0.128135
0.17318, 0.199038, -0.242193, 33.3701, 0.828912, 0.137643
0.17318, 0.199038, -0.231644, 33.3701, 1.03809, 0.193304
0.17318, 0.199038, -0.259197, 33.3701, 0.526596, 0.447515
0.17318, 0.199038, -0.245498, 33.3701, 0.897476, 0.0817859
0.17318, 0.199038, -0.24527, 33.3701, 0.810385, 0.223125
0.17318, 0.199038, -0.23496, 33.3701, 0.962131, 0.0735871
0.17318, 0.199038, -0.245401, 33.3701, 0.811384, 0.141897
0.17318, 0.199038, -0.246016, 33.3701, 0.785327, 0.0953717
0.17318, 0.199038, -0.229552, 33.3701, 1.09746, -0.0819113
0.17318, 0.199038, -0.242986, 33.3701, 0.82763, -0.00285582
0.17318, 0.199038, -0.241735, 33.3701, 0.847115, 0.0141805
0.17318, 0.199038, -0.242312, 33.3701, 0.856538, -0.0434771
0.17318, 0.199038, -0.240337, 33.3701, 0.87599, 0.150525
0.17318, 0.199038, -0.237845, 33.3701, 0.860602, 0.121214
0.17318, 0.199038, -0.238217, 33.3701, 0.912533, 0.1648
0.17318, 0.199038, -0.24374, 33.3701, 0.85574, 0.271507
0.17318, 0.199038, -0.244177, 33.3701, 0.817061, 0.164835
0.17318, 0.199038, -0.231513, 33.3701, 1.01254, -0.205846
0.17318, 0.199038, -0.241109, 33.3701, 0.867885, 0.11972
0.17318, 0.199038, -0.246064, 33.3701, 0.851059, 0.146741
0.17318, 0.199038, -0.244195, 33.3701, 0.813528, 0.200518
0.17318, 0.199038, -0.25995, 33.3701, 0.485202, 0.367727
0.17318, 0.199038, -0.265863, 33.3701, 0.417399, 0.377085
0.17318, 0.199038, -0.239057, 33.3701, 0.869664, 0.0869232
0.17318, 0.199038, -0.23237, 33.3701, 1.03901, 0.103795
0.17318, 0.199038, -0.232111, 33.3701, 0.985934, -0.0954996
0.17318, 0.199038, -0.238025, 33.3701, 0.973467, 0.132866
0.17318, 0.199038, -0.234746, 33.3701, 0.968741, 0.0918263
0.17318, 0.199038, -0.236881, 33.3701, 0.912359, 0.15939
0.17318, 0.199038, -0.244253, 33.3701, 0.807527, 0.238101
0.17318, 0.199038, -0.244436, 33.3701, 0.841573, 0.130932
0.17318, 0.199038, -0.247234, 33.3701, 0.779105, 0.116229
0.17318, 0.199038, -0.231993, 33.3701, 1.08683, 0.0328474
0.17318, 0.199038, -0.244174, 33.3701, 0.833028, 0.150397
0.17318, 0.199038, -0.243176, 33.3701, 0.875467, 0.0997184
0.17318, 0.199038, -0.256547, 33.3701, 0.68289, 0.286741
0.17318, 0.199038, -0.245617, 33.3701, 0.823257, 0.237888
0.17318, 0.199038, -0.241493, 33.3701, 0.892611, 0.137753
0.17318, 0.199038, -0.246027, 33.3701, 0.785216, 0.224338
0.17318, 0.199038, -0.241745, 33.3701, 0.891845, 0.218533
0.17318, 0.199038, -0.240961, 33.3701, 0.89678, 0.188593
0.17318, 0.199038, -0.238978, 33.3701, 0.984613, 0.137818
0.17318, 0.199038, -0.24222, 33.3701, 0.831934, 0.21767
0.17318, 0.199038, -0.2493, 33.3701, 0.799694, 0.11482
0.17318, 0.199038, -0.24161, 33.3701, 0.910471, -0.119908
0.17318, 0.199038, -0.230383, 33.3701, 1.04003, 0.0562019
0.17318, 0.199038, -0.244631, 33.3701, 0.850452, 0.152729
0.17318, 0.199038, -0.228598, 33.3701, 1.10594, -0.0496212
0.17318, 0.199038, -0.253543, 33.3701, 0.740072, 0.121051
0.17318, 0.199038, -0.240733, 33.3701, 0.895362, 0.175602
0.17318, 0.199038, -0.237214, 33.3701, 0.927016, 0.193286
0.17318, 0.199038, -0.241941, 33.3701, 0.856175, 0.163844
0.17318, 0.199038, -0.237173, 33.3701, 0.935336, 0.148873
0.17318, 0.199038, -0.243405, 33.3701, 0.85131, 0.0105842
0.17318, 0.199038, -0.237157, 33.3701, 0.985111, -0.10346
0.17318, 0.199038, -0.249676, 33.3701, 0.779948, 0.0904071
0.17318, 0.199038, -0.245834, 33.3701, 0.791349, 0.100685
0.17318, 0.199038, -0.247834, 33.3701, 0.729725, 0.207183
0.17318, 0.199038, -0.237401, 33.3701, 0.936085, 0.151702
0.17318, 0.199038, -0.235868, 33.3701, 0.918739, -0.194437
0.17318, 0.199038, -0.242277, 33.3701, 0.830733, 0.110468
0.17318, 0.199038, -0.242903, 33.3701, 0.859803, 0.177524
0.17318, 0.199038, -0.237986, 33.3701, 0.955073, 0.16124
0.17318, 0.199038, -0.243106, 33.3701, 0.833814, 0.0475567
0.17318, 0.199038, -0.242038, 33.3701, 0.870255, 0.172008
0.17318, 0.199038, -0.2387, 33.3701, 0.985334, -0.0274832
0.17318, 0.199038, -0.238667, 33.3701, 0.922382, 0.118143
0.17318, 0.199038, -0.240564, 33.3701, 0.903218, 0.252711
0.17318, 0.199038, -0.241469, 33.3701, 0.867034, 0.181901
0.17318, 0.199038, -0.236026, 33.3701, 0.996957, 0.0277921
0.17318, 0.199038, -0.247286, 33.3701, 0.793013, 0.0906798
0.17318, 0.199038, -0.239508, 33.3701, 0.894955, -0.000762336
0.17318, 0.199038, -0.235526, 33.3701, 0.968737, 0.15328
0.17318, 0.199038, -0.232317, 33.3701, 1.07349, -0.112589
0.17318, 0.199038, -0.241004, 33.3701, 0.866339, 0.184162
0.17318, 0.199038, -0.242718, 33.3701, 0.87434, 0.100172
0.17318, 0.199038, -0.236321, 33.3701, 0.926467, 0.0937503
0.17318, 0.199038, -0.235277, 33.3701, 0.956418, 0.143426
0.17318, 0.199038, -0.24434, 33.3701, 0.824173, 0.312628
0.17318, 0.199038, -0.272075, 33.3701, 0.352412, 0.277671
0.17318, 0.199038, -0.244735, 33.3701, 0.795942, 0.0512603
0.17318, 0.199038, -0.22845, 33.3701, 1.1089, 0.15949
0.17318, 0.199038, -0.24706, 33.3701, 0.816191, 0.19652
0.17318, 0.199038, -0.229529, 33.3701, 1.08724, 0.0266663
0.17318, 0.199038, -0.228623, 33.3701, 1.06521, 0.208351
0.17318, 0.199038, -0.225371, 33.3701, 1.14703, 0.119287
0.17318, 0.199038, -0.241579, 33.3701, 0.888454, 0.207458
0.17318, 0.199038, -0.237927, 33.3701, 0.907919, 0.180263
0.17318, 0.199038, -0.248501, 33.3701, 0.74527, 0.174822
0.17318, 0.199038, -0.250944, 33.3701, 0.764915, 0.135154
0.17318, 0.199038, -0.237034, 33.3701, 0.994615, -0.019166
0.17318, 0.199038, -0.244701, 33.3701, 0.84324, 0.223856
0.17318, 0.199038, -0.231827, 33.3701, 1.07308, 0.112295
0.17318, 0.199038, -0.230422, 33.3701, 1.06033, -0.10772
0.17318, 0.199038, -0.241359, 33.3701, 0.912721, 0.0305857
0.17318, 0.199038, -0.241919, 33.3701, 0.83951, 0.112853
0.17318, 0.199038, -0.232079, 33.3701, 1.01037, 0.0701578
0.17318, 0.199038, -0.241934, 33.3701, 0.854673, 0.125216
0.17318, 0.199038, -0.241035, 33.3701, 0.806643, 0.0397809
0.17318, 0.199038, -0.243193, 33.3701, 0.80319, 0.165332
0.17318, 0.199038, -0.234229, 33.3701, 0.958118, 0.30828
0.17318, 0.199038, -0.234379, 33.3701, 0.991848, 0.216504
0.17318, 0.199038, -0.232095, 33.3701, 1.03262, 0.132064
0.17318, 0.199038, -0.245596, 33.3701, 0.903155, 0.0566826
0.17318, 0.199038, -0.234955, 33.3701, 0.950072, 0.0964001
0.17318, 0.199038, -0.235584, 33.3701, 0.981744, -0.0887508
0.17318, 0.199038, -0.229561, 33.3701, 1.05787, -0.0584556
0.17318, 0.199038, -0.238301, 33.3701, 0.92136, 0.17042
0.17318, 0.199038, -0.23647, 33.3701, 0.956004, 0.165724
0.17318, 0.199038, -0.241339, 33.3701, 0.853999, 0.14237
0.17318, 0.199038, -0.242046, 33.3701, 0.866211, 0.173866
0.17318, 0.199038, -0.237552, 33.3701, 0.954493, 0.0816238
0.17318, 0.199038, -0.262543, 33.3701, 0.473866, 0.431058
0.17318, 0.199038, -0.235185, 33.3701, 1.00328, 0.00602491
0.17318, 0.199038, -0.238702, 33.3701, 0.897779, 0.150698
0.17318, 0.199038, -0.231403, 33.3701, 1.03448, 0.223285
0.17318, 0.199038, -0.246061, 33.3701, 0.822743, 0.0941282
0.17318, 0.199038, -0.248509, 33.3701, 0.750611, 0.120803
0.17318, 0.199038, -0.233073, 33.3701, 1.00479, 0.134642
0.17318, 0.199038, -0.229351, 33.3701, 0.994949, 0.159758
0.17318, 0.199038, -0.235408, 33.3701, 1.03666, 0.112349
0.17318, 0.199038, -0.248547, 33.3701, 0.756747, -0.0189886
0.17318, 0.199038, -0.253993, 33.3701, 0.705406, 0.283511
0.17318, 0.199038, -0.231678, 33.3701, 1.0747, 0.0287637
0.17318, 0.199038, -0.247659, 33.3701, 0.810947, 0.0229081
0.17318, 0.199038, -0.233049, 33.3701, 0.9584, 0.14182
0.17318, 0.199038, -0.243314, 33.3701, 0.876711, 0.271196
0.17318, 0.199038, -0.23712, 33.3701, 0.955533, 0.0550903
0.17318, 0.199038, -0.252801, 33.3701, 0.774194, 0.209337
0.17318, 0.199038, -0.206732, 33.3701, 1.46865, -0.143494
0.17318, 0.199038, -0.241732, 33.3701, 0.870157, 0.179787
0.17318, 0.199038, -0.230363, 33.3701, 1.05204, 0.0626348
0.17318, 0.199038, -0.236855, 33.3701, 1.0193, -0.0120689
0.17318, 0.199038, -0.252958, 33.3701, 0.718814, 0.0293271
0.17318, 0.199038, -0.234591, 33.3701, 1.03593, -0.00336722
0.17318, 0.199038, -0.251889, 33.3701, 0.697302, 0.153188
0.17318, 0.199038, -0.242114, 33.3701, 0.907276, -0.0375681
0.17318, 0.199038, -0.23477, 33.3701, 1.02694, -0.0458302
0.17318, 0.199038, -0.240072, 33.3701, 0.913055, 0.141246
0.17318, 0.199038, -0.241883, 33.3701, 0.864151, 0.132062
0.17318, 0.199038, -0.237591, 33.3701, 0.902877, 0.0204517
0.17318, 0.199038, -0.2493, 33.3701, 0.804652, 0.105539
0.17318, 0.199038, -0.234173, 33.3701, 0.979094, 0.17078
0.17318, 0.199038, -0.238771, 33.3701, 0.947718, 0.0558696
0.17318, 0.199038, -0.236691, 33.3701, 0.952085, 0.0948972
0.17318, 0.199038, -0.228472, 33.3701, 1.03305, -0.118241
0.17318, 0.199038, -0.270683, 33.3701, 0.355024, 0.409172
0.17318, 0.199038, -0.238631, 33.3701, 0.903212, 0.13966
0.17318, 0.199038, -0.241693, 33.3701, 0.859537, 0.127699
0.17318, 0.199038, -0.240401, 33.3701, 0.872452, 0.0777573
0.17318, 0.199038, -0.231986, 33.3701, 1.07193, -0.0193304
0.17318, 0.199038, -0.238548, 33.3701, 0.841522, -0.196473
0.17318, 0.199038, -0.253702, 33.3701, 0.726594, 0.198322
0.17318, 0.199038, -0.232065, 33.3701, 0.97453, 0.108351
0.17318, 0.199038, -0.236409, 33.3701, 0.957932, 0.179299
0.17318, 0.199038, -0.224023, 33.3701, 1.1875, 0.0754069
0.17318, 0.199038, -0.241683, 33.3701, 0.872832, 0.155747
0.17318, 0.199038, -0.247148, 33.3701, 0.792207, 0.313103
0.17318, 0.199038, -0.242435, 33.3701, 0.838985, 0.0588012
0.17318, 0.199038, -0.246663, 33.3701, 0.793688, 0.189841
0.17318, 0.199038, -0.242631, 33.3701, 0.846185, 0.155864
0.17318, 0.199038, -0.234708, 33.3701, 0.947568, 0.0414718
0.17318, 0.199038, -0.254376, 33.3701, 0.695116, 0.145773
0.17318, 0.199038, -0.244744, 33.3701, 0.84586, 0.151391
0.17318, 0.199038, -0.245404, 33.3701, 0.831188, 0.168122
0.17318, 0.199038, -0.248547, 33.3701, 0.761632, 0.20408
0.17318, 0.199038, -0.238718, 33.3701, 0.992462, 0.0104804
0.17318, 0.199038, -0.251345, 33.3701, 0.752939, -0.031721
0.17318, 0.199038, -0.243769, 33.3701, 0.841797, 0.149569
0.17318, 0.199038, -0.210303, 33.3701, 1.42963, -0.367322
0.17318, 0.199038, -0.251735, 33.3701, 0.714004, 0.1186
