0.17318, 0.199038, -0.25187, 33.3701, 0.726777, 3.19397
0.17318, 0.199038, -0.244336, 33.3701, 0.744565, 2.92804
0.17318, 0.199038, -0.259617, 33.3701, 0.574287, 3.04823
0.17318, 0.199038, -0.253293, 33.3701, 0.660286, 3.14854
0.17318, 0.199038, -0.264737, 33.3701, 0.488179, 3.16032
0.17318, 0.199038, -0.226456, 33.3701, 1.00084, 2.85814
0.17318, 0.199038, -0.238497, 33.3701, 0.872739, 3.08202
0.17318, 0.199038, -0.254629, 33.3701, 0.602095, 3.08039
0.17318, 0.199038, -0.258535, 33.3701, 0.571698, 3.16149
0.17318, 0.199038, -0.246545, 33.3701, 0.763822, 3.10841
0.17318, 0.199038, -0.261166, 33.3701, 0.543751, 3.27012
0.17318, 0.199038, -0.250422, 33.3701, 0.690097, 3.02658
0.17318, 0.199038, -0.259847, 33.3701, 0.554996, 3.28907
0.17318, 0.199038, -0.257492, 33.3701, 0.567136, 3.23057
0.17318, 0.199038, -0.249682, 33.3701, 0.712148, 3.09242
0.17318, 0.199038, -0.257545, 33.3701, 0.578188, 3.11747
0.17318, 0.199038, -0.257691, 33.3701, 0.631905, 3.23274
0.17318, 0.199038, -0.254496, 33.3701, 0.692769, 3.0767
0.17318, 0.199038, -0.257882, 33.3701, 0.628071, 3.24839
0.17318, 0.199038, -0.256817, 33.3701, 0.597147, 3.06287
0.17318, 0.199038, -0.25395, 33.3701, 0.655929, 3.19744
0.17318, 0.199038, -0.267828, 33.3701, 0.42745, 3.11303
0.17318, 0.199038, -0.257917, 33.3701, 0.61156, 3.26667
0.17318, 0.199038, -0.246112, 33.3701, 0.779872, 3.12271
0.17318, 0.199038, -0.267405, 33.3701, 0.399505, 3.18033
0.17318, 0.199038, -0.251065, 33.3701, 0.661104, 3.1153
0.17318, 0.199038, -0.251415, 33.3701, 0.723374, 3.20465
0.17318, 0.199038, -0.260737, 33.3701, 0.543662, 3.1721
0.17318, 0.199038, -0.261075, 33.3701, 0.546588, 3.2444
0.17318, 0.199038, -0.253628, 33.3701, 0.622406, 3.07908
0.17318, 0.199038, -0.256828, 33.3701, 0.608705, 3.10471
0.17318, 0.199038, -0.254588, 33.3701, 0.664383, 3.21982
0.17318, 0.199038, -0.23032, 33.3701, 0.94135, 2.81153
0.17318, 0.199038, -0.258926, 33.3701, 0.569761, 3.16193
0.17318, 0.199038, -0.240383, 33.3701, 0.803171, 2.9049
0.17318, 0.199038, -0.259163, 33.3701, 0.604045, 3.20083
0.17318, 0.199038, -0.253564, 33.3701, 0.636258, 3.06029
0.17318, 0.199038, -0.242448, 33.3701, 0.85518, 3.14557
0.17318, 0.199038, -0.249197, 33.3701, 0.780939, 2.96086
0.17318, 0.199038, -0.250502, 33.3701, 0.666431, 3.06178
0.17318, 0.199038, -0.244191, 33.3701, 0.766285, 3.04696
0.17318, 0.199038, -0.252906, 33.3701, 0.62403, 2.97778
0.17318, 0.199038, -0.239302, 33.3701, 0.871807, 3.15333
0.17318, 0.199038, -0.251848, 33.3701, 0.683681, 3.08968
0.17318, 0.199038, -0.261143, 33.3701, 0.555836, 3.13872
0.17318, 0.199038, -0.246159, 33.3701, 0.749114, 3.06571
0.17318, 0.199038, -0.246452, 33.3701, 0.72606, 3.12842
0.17318, 0.199038, -0.261173, 33.3701, 0.533664, 3.31685
0.17318, 0.199038, -0.263154, 33.3701, 0.49862, 3.24122
0.17318, 0.199038, -0.260769, 33.3701, 0.544929, 3.26563
0.17318, 0.199038, -0.251277, 33.3701, 0.729223, 3.16726
0.17318, 0.199038, -0.260571, 33.3701, 0.534968, 3.15379
0.17318, 0.199038, -0.258112, 33.3701, 0.58346, 3.19228
0.17318, 0.199038, -0.262295, 33.3701, 0.540587, 3.03811
0.17318, 0.199038, -0.255426, 33.3701, 0.663455, 3.17248
0.17318, 0.199038, -0.251314, 33.3701, 0.716262, 3.19365
0.17318, 0.199038, -0.252457, 33.3701, 0.724513, 3.12639
0.17318, 0.199038, -0.222399, 33.3701, 1.03659, 2.76246
0.17318, 0.199038, -0.247968, 33.3701, 0.64695, 2.99636
0.17318, 0.199038, -0.249144, 33.3701, 0.666241, 2.93957
0.17318, 0.199038, -0.250648, 33.3701, 0.740959, 3.11593
0.17318, 0.199038, -0.266075, 33.3701, 0.472492, 3.23545
0.17318, 0.199038, -0.247617, 33.3701, 0.730777, 2.98747
0.17318, 0.199038, -0.245169, 33.3701, 0.782204, 2.96323
0.17318, 0.199038, -0.241615, 33.3701, 0.747278, 2.89848
0.17318, 0.199038, -0.249792, 33.3701, 0.777372, 3.2195
0.17318, 0.199038, -0.25359, 33.3701, 0.665845, 3.18357
0.17318, 0.199038, -0.247899, 33.3701, 0.663035, 2.95409
0.17318, 0.199038, -0.255052, 33.3701, 0.661598, 3.2338
0.17318, 0.199038, -0.23536, 33.3701, 0.822162, 2.94146
0.17318, 0.199038, -0.259846, 33.3701, 0.554711, 3.15447
0.17318, 0.199038, -0.254652, 33.3701, 0.640167, 3.00554
0.17318, 0.199038, -0.242137, 33.3701, 0.789337, 2.94954
0.17318, 0.199038, -0.244914, 33.3701, 0.794043, 3.1093
0.17318, 0.199038, -0.240289, 33.3701, 0.842435, 2.9316
0.17318, 0.199038, -0.242871, 33.3701, 0.765281, 2.99479
0.17318, 0.199038, -0.257999, 33.3701, 0.582546, 3.09421
0.17318, 0.199038, -0.258391, 33.3701, 0.594264, 3.24424
0.17318, 0.199038, -0.253737, 33.3701, 0.666267, 3.21524
0.17318, 0.199038, -0.245494, 33.3701, 0.753932, 3.1316
0.17318, 0.199038, -0.264228, 33.3701, 0.465541, 3.14332
0.17318, 0.199038, -0.259658, 33.3701, 0.598048, 3.12179
0.17318, 0.199038, -0.260266, 33.3701, 0.549445, 3.22742
0.17318, 0.199038, -0.254996, 33.3701, 0.584042, 3.13789
0.17318, 0.199038, -0.247111, 33.3701, 0.694969, 2.93719
0.17318, 0.199038, -0.245658, 33.3701, 0.770148, 3.0093
0.17318, 0.199038, -0.254913, 33.3701, 0.637676, 3.15467
0.17318, 0.199038, -0.253007, 33.3701, 0.624683, 3.08055
0.17318, 0.199038, -0.253336, 33.3701, 0.656651, 3.18641
0.17318, 0.199038, -0.247252, 33.3701, 0.740806, 3.10636
0.17318, 0.199038, -0.264434, 33.3701, 0.484896, 3.08369
0.17318, 0.199038, -0.254258, 33.3701, 0.666311, 3.20544
0.17318, 0.199038, -0.255358, 33.3701, 0.60307, 3.14824
0.17318, 0.199038, -0.253177, 33.3701, 0.620369, 3.02182
0.17318, 0.199038, -0.246246, 33.3701, 0.751949, 3.1752
0.17318, 0.199038, -0.241388, 33.3701, 0.772256, 2.84138
0.17318, 0.199038, -0.252739, 33.3701, 0.682062, 3.13938
0.17318, 0.199038, -0.260787, 33.3701, 0.55918, 3.20497
0.17318, 0.199038, -0.260381, 33.3701, 0.557784, 3.18893
0.17318, 0.199038, -0.24044, 33.3701, 0.861159, 3.19417
0.17318, 0.199038, -0.2516, 33.3701, 0.713313, 3.12467
0.17318, 0.199038, -0.263305, 33.3701, 0.502995, 3.21047
0.17318, 0.199038, -0.258062, 33.3701, 0.594253, 3.19268
0.17318, 0.199038, -0.256385, 33.3701, 0.580423, 3.16177
0.17318, 0.199038, -0.249521, 33.3701, 0.659675, 3.03366
0.17318, 0.199038, -0.252835, 33.3701, 0.668864, 3.1907
0.17318, 0.199038, -0.261468, 33.3701, 0.547098, 3.26841
0.17318, 0.199038, -0.254896, 33.3701, 0.626146, 3.05982
0.17318, 0.199038, -0.261551, 33.3701, 0.510284, 3.08549
0.17318, 0.199038, -0.251354, 33.3701, 0.661152, 3.08124
0.17318, 0.199038, -0.255648, 33.3701, 0.624689, 3.10197
0.17318, 0.199038, -0.258687, 33.3701, 0.578236, 3.27492
0.17318, 0.199038, -0.265849, 33.3701, 0.4855, 3.06779
0.17318, 0.199038, -0.250773, 33.3701, 0.730735, 3.27173
0.17318, 0.199038, -0.260072, 33.3701, 0.553042, 3.28216
0.17318, 0.199038, -0.268656, 33.3701, 0.390964, 3.22008
0.17318, 0.199038, -0.236855, 33.3701, 0.886235, 2.94867
0.17318, 0.199038, -0.257701, 33.3701, 0.618556, 3.16383
0.17318, 0.199038, -0.246703, 33.3701, 0.776576, 3.01355
0.17318, 0.199038, -0.238597, 33.3701, 0.815195, 3.01122
0.17318, 0.199038, -0.256125, 33.3701, 0.554277, 3.03322
0.17318, 0.199038, -0.239947, 33.3701, 0.812623, 2.99185
0.17318, 0.199038, -0.264685, 33.3701, 0.484527, 3.24609
0.17318, 0.199038, -0.261273, 33.3701, 0.566651, 3.10935
0.17318, 0.199038, -0.253993, 33.3701, 0.675082, 3.20648
0.17318, 0.199038, -0.252899, 33.3701, 0.661685, 3.02317
0.17318, 0.199038, -0.268481, 33.3701, 0.440412, 3.15999
0.17318, 0.199038, -0.256723, 33.3701, 0.586201, 3.19573
0.17318, 0.199038, -0.250878, 33.3701, 0.732082, 3.21447
0.17318, 0.199038, -0.26434, 33.3701, 0.471651, 3.26644
0.17318, 0.199038, -0.244456, 33.3701, 0.747654, 3.10675
0.17318, 0.199038, -0.260643, 33.3701, 0.605188, 3.22351
0.17318, 0.199038, -0.260038, 33.3701, 0.52679, 3.27137
0.17318, 0.199038, -0.267844, 33.3701, 0.438279, 3.23105
0.17318, 0.199038, -0.257209, 33.3701, 0.629028, 3.19226
0.17318, 0.199038, -0.227514, 33.3701, 0.945625, 2.83923
0.17318, 0.199038, -0.257263, 33.3701, 0.590396, 3.18489
0.17318, 0.199038, -0.243392, 33.3701, 0.786386, 2.84826
0.17318, 0.199038, -0.24435, 33.3701, 0.746483, 2.96696
0.17318, 0.199038, -0.25631, 33.3701, 0.615796, 3.24808
0.17318, 0.199038, -0.245791, 33.3701, 0.786328, 3.15568
0.17318, 0.199038, -0.256579, 33.3701, 0.638376, 2.99979
0.17318, 0.199038, -0.262742, 33.3701, 0.4485, 3.08776
0.17318, 0.199038, -0.251209, 33.3701, 0.70917, 3.07531
0.17318, 0.199038, -0.250616, 33.3701, 0.756859, 3.20869
0.17318, 0.199038, -0.242075, 33.3701, 0.869531, 3.24153
0.17318, 0.199038, -0.257435, 33.3701, 0.566927, 3.13794
0.17318, 0.199038, -0.255618, 33.3701, 0.640998, 3.27291
0.17318, 0.199038, -0.261094, 33.3701, 0.557453, 3.27276
0.17318, 0.199038, -0.248125, 33.3701, 0.704372, 3.0932
0.17318, 0.199038, -0.25582, 33.3701, 0.576977, 3.01097
0.17318, 0.199038, -0.259796, 33.3701, 0.631659, 3.1418
0.17318, 0.199038, -0.25895, 33.3701, 0.524234, 3.03089
0.17318, 0.199038, -0.263154, 33.3701, 0.485874, 3.21848
0.17318, 0.199038, -0.257706, 33.3701, 0.6116, 3.17694
0.17318, 0.199038, -0.252074, 33.3701, 0.718526, 3.1423
0.17318, 0.199038, -0.250079, 33.3701, 0.720964, 3.21844
0.17318, 0.199038, -0.251728, 33.3701, 0.724978, 3.19
0.17318, 0.199038, -0.259585, 33.3701, 0.575356, 3.13273
0.17318, 0.199038, -0.241056, 33.3701, 0.750504, 2.87371
0.17318, 0.199038, -0.255819, 33.3701, 0.590095, 3.15292
0.17318, 0.199038, -0.250341, 33.3701, 0.707093, 3.03256
0.17318, 0.199038, -0.249514, 33.3701, 0.645561, 2.92913
0.17318, 0.199038, -0.253825, 33.3701, 0.646761, 3.02842
0.17318, 0.199038, -0.256813, 33.3701, 0.586066, 3.05216
0.17318, 0.199038, -0.269113, 33.3701, 0.434277, 3.26415
0.17318, 0.199038, -0.261257, 33.3701, 0.540989, 3.18859
0.17318, 0.199038, -0.253067, 33.3701, 0.680458, 3.07937
0.17318, 0.199038, -0.253436, 33.3701, 0.630879, 3.01769
0.17318, 0.199038, -0.249766, 33.3701, 0.736049, 3.12169
0.17318, 0.199038, -0.255103, 33.3701, 0.597274, 3.06674
0.17318, 0.199038, -0.256327, 33.3701, 0.63845, 3.12534
0.17318, 0.199038, -0.261029, 33.3701, 0.548439, 3.05099
0.17318, 0.199038, -0.247709, 33.3701, 0.72814, 3.03801
0.17318, 0.199038, -0.25955, 33.3701, 0.569142, 3.1923
0.17318, 0.199038, -0.256665, 33.3701, 0.644309, 3.19243
0.17318, 0.199038, -0.252328, 33.3701, 0.647316, 3.1377
0.17318, 0.199038, -0.251015, 33.3701, 0.688684, 3.17154
0.17318, 0.199038, -0.253481, 33.3701, 0.628108, 3.01093
0.17318, 0.199038, -0.261186, 33.3701, 0.571351, 3.12968
0.17318, 0.199038, -0.259622, 33.3701, 0.561918, 3.06153
0.17318, 0.199038, -0.249658, 33.3701, 0.725903, 3.11177
0.17318, 0.199038, -0.246213, 33.3701, 0.752225, 2.97149
0.17318, 0.199038, -0.268227, 33.3701, 0.431775, 3.1983
0.17318, 0.199038, -0.260311, 33.3701, 0.512431, 3.0982
0.17318, 0.199038, -0.267857, 33.3701, 0.450266, 3.25556
0.17318, 0.199038, -0.247904, 33.3701, 0.7462, 3.00809
0.17318, 0.199038, -0.245269, 33.3701, 0.75828, 3.10748
0.17318, 0.199038, -0.251024, 33.3701, 0.648898, 3.12952
0.17318, 0.199038, -0.251642, 33.3701, 0.686354, 2.96692
0.17318, 0.199038, -0.248405, 33.3701, 0.694041, 3.05192
0.17318, 0.199038, -0.260093, 33.3701, 0.558202, 3.15967
0.17318, 0.199038, -0.254634, 33.3701, 0.658703, 3.07706
0.17318, 0.199038, -0.253149, 33.3701, 0.682059, 3.16527
0.17318, 0.199038, -0.253534, 33.3701, 0.649473, 3.09586
0.17318, 0.199038, -0.257401, 33.3701, 0.643638, 3.16806
0.17318, 0.199038, -0.250745, 33.3701, 0.695811, 3.15256
0.17318, 0.199038, -0.248732, 33.3701, 0.733853, 2.99775
0.17318, 0.199038, -0.247579, 33.3701, 0.711467, 2.95889
0.17318, 0.199038, -0.244457, 33.3701, 0.740702, 2.95131
0.17318, 0.199038, -0.265026, 33.3701, 0.476087, 3.07122
0.17318, 0.199038, -0.270981, 33.3701, 0.391117, 3.13123
0.17318, 0.199038, -0.254406, 33.3701, 0.632869, 3.13565
0.17318, 0.199038, -0.254423, 33.3701, 0.615629, 3.07033
0.17318, 0.199038, -0.25879, 33.3701, 0.602342, 3.15933
0.17318, 0.199038, -0.25525, 33.3701, 0.64655, 3.1414
0.17318, 0.199038, -0.258255, 33.3701, 0.586996, 3.17687
0.17318, 0.199038, -0.263875, 33.3701, 0.480023, 3.1411
0.17318, 0.199038, -0.245909, 33.3701, 0.682991, 2.92966
0.17318, 0.199038, -0.252872, 33.3701, 0.635106, 3.08632
0.17318, 0.199038, -0.265464, 33.3701, 0.417699, 3.20619
0.17318, 0.199038, -0.256778, 33.3701, 0.641099, 3.14667
0.17318, 0.199038, -0.247372, 33.3701, 0.775806, 3.07783
0.17318, 0.199038, -0.255518, 33.3701, 0.621027, 3.15271
0.17318, 0.199038, -0.255976, 33.3701, 0.552724, 2.9541
0.17318, 0.199038, -0.242621, 33.3701, 0.81227, 3.08932
0.17318, 0.199038, -0.204387, 33.3701, 1.21385, 2.52207
0.17318, 0.199038, -0.240811, 33.3701, 0.836131, 2.99822
0.17318, 0.199038, -0.247199, 33.3701, 0.789193, 3.08405
0.17318, 0.199038, -0.252582, 33.3701, 0.71322, 3.26946
0.17318, 0.199038, -0.246833, 33.3701, 0.733271, 2.99607
0.17318, 0.199038, -0.250239, 33.3701, 0.676113, 3.10472
0.17318, 0.199038, -0.246345, 33.3701, 0.749696, 3.06418
0.17318, 0.199038, -0.245479, 33.3701, 0.759554, 2.93247
0.17318, 0.199038, -0.251612, 33.3701, 0.701941, 3.14897
0.17318, 0.199038, -0.258448, 33.3701, 0.599096, 3.30938
0.17318, 0.199038, -0.262614, 33.3701, 0.542874, 3.02762
0.17318, 0.199038, -0.237356, 33.3701, 0.910679, 3.06783
0.17318, 0.199038, -0.260409, 33.3701, 0.522396, 3.13756
0.17318, 0.199038, -0.250918, 33.3701, 0.761303, 3.28607
0.17318, 0.199038, -0.259379, 33.3701, 0.602193, 3.10482
0.17318, 0.199038, -0.252351, 33.3701, 0.74977, 3.18278
0.17318, 0.199038, -0.250756, 33.3701, 0.73599, 3.13889
0.17318, 0.199038, -0.251402, 33.3701, 0.639854, 3.0865
0.17318, 0.199038, -0.255681, 33.3701, 0.649609, 3.0934
0.17318, 0.199038, -0.248731, 33.3701, 0.698098, 3.13469
0.17318, 0.199038, -0.261412, 33.3701, 0.543761, 3.17322
0.17318, 0.199038, -0.239245, 33.3701, 0.800902, 3.05362
0.17318, 0.199038, -0.265922, 33.3701, 0.471588, 3.21405
0.17318, 0.199038, -0.249667, 33.3701, 0.681571, 3.0816
0.17318, 0.199038, -0.260702, 33.3701, 0.539002, 3.08477
0.17318, 0.199038, -0.253201, 33.3701, 0.596925, 3.13381
0.17318, 0.199038, -0.25966, 33.3701, 0.555859, 3.15459
0.17318, 0.199038, -0.255692, 33.3701, 0.622462, 3.13706
0.17318, 0.199038, -0.243678, 33.3701, 0.740725, 3.00799
0.17318, 0.199038, -0.259748, 33.3701, 0.56802, 3.213
0.17318, 0.199038, -0.26043, 33.3701, 0.560084, 3.17838
0.17318, 0.199038, -0.246281, 33.3701, 0.715973, 2.99421
0.17318, 0.199038, -0.253189, 33.3701, 0.625074, 2.99614
0.17318, 0.199038, -0.255107, 33.3701, 0.62943, 3.21337
0.17318, 0.199038, -0.249865, 33.3701, 0.71282, 3.14289
0.17318, 0.199038, -0.234058, 33.3701, 0.870347, 2.89114
0.17318, 0.199038, -0.269867, 33.3701, 0.40777, 3.09067
0.17318, 0.199038, -0.247341, 33.3701, 0.713158, 3.07892
0.17318, 0.199038, -0.255677, 33.3701, 0.597, 3.02422
0.17318, 0.199038, -0.245613, 33.3701, 0.731407, 2.92446
0.17318, 0.199038, -0.248646, 33.3701, 0.724499, 3.09786
0.17318, 0.199038, -0.260686, 33.3701, 0.493939, 3.17737
0.17318, 0.199038, -0.234194, 33.3701, 0.883755, 2.85275
0.17318, 0.199038, -0.260888, 33.3701, 0.572306, 3.19379
0.17318, 0.199038, -0.246383, 33.3701, 0.745426, 3.04738
0.17318, 0.199038, -0.245975, 33.3701, 0.812613, 3.1492
0.17318, 0.199038, -0.258741, 33.3701, 0.557752, 3.18659
0.17318, 0.199038, -0.253263, 33.3701, 0.656636, 3.1315
0.17318, 0.199038, -0.260496, 33.3701, 0.576381, 3.22431
0.17318, 0.199038, -0.248422, 33.3701, 0.723461, 2.97689
0.17318, 0.199038, -0.261851, 33.3701, 0.534392, 3.03473
0.17318, 0.199038, -0.253221, 33.3701, 0.681801, 3.20395
0.17318, 0.199038, -0.263822, 33.3701, 0.498607, 3.18613
0.17318, 0.199038, -0.251384, 33.3701, 0.723733, 3.11175
0.17318, 0.199038, -0.251125, 33.3701, 0.68631, 2.95238
0.17318, 0.199038, -0.243305, 33.3701, 0.832108, 3.05163
0.17318, 0.199038, -0.261066, 33.3701, 0.550506, 3.25809
0.17318, 0.199038, -0.255781, 33.3701, 0.64175, 3.18409
0.17318, 0.199038, -0.265871, 33.3701, 0.473507, 2.99708
0.17318, 0.199038, -0.256711, 33.3701, 0.602794, 3.16441
0.17318, 0.199038, -0.266209, 33.3701, 0.455025, 3.14929
0.17318, 0.199038, -0.246456, 33.3701, 0.743724, 3.12659
0.17318, 0.199038, -0.253622, 33.3701, 0.625281, 2.9519
0.17318, 0.199038, -0.256106, 33.3701, 0.604575, 3.01671
0.17318, 0.199038, -0.251652, 33.3701, 0.671432, 3.14824
0.17318, 0.199038, -0.259547, 33.3701, 0.582862, 3.14858
0.17318, 0.199038, -0.242656, 33.3701, 0.878437, 3.16393
0.17318, 0.199038, -0.261737, 33.3701, 0.51489, 3.13954
0.17318, 0.199038, -0.252489, 33.3701, 0.686112, 3.14558
0.17318, 0.199038, -0.26082, 33.3701, 0.571527, 3.09773
0.17318, 0.199038, -0.254892, 33.3701, 0.586908, 3.14475
0.17318, 0.199038, -0.267083, 33.3701, 0.442528, 3.22053
0.17318, 0.199038, -0.248918, 33.3701, 0.769803, 3.20176
0.17318, 0.199038, -0.258526, 33.3701, 0.632928, 3.06605
0.17318, 0.199038, -0.263528, 33.3701, 0.532549, 3.17757
0.17318, 0.199038, -0.259518, 33.3701, 0.56912, 3.18155
0.17318, 0.199038, -0.250798, 33.3701, 0.721966, 3.2379
0.17318, 0.199038, -0.256039, 33.3701, 0.652336, 3.13044
0.17318, 0.199038, -0.254758, 33.3701, 0.670321, 3.09213
0.17318, 0.199038, -0.258803, 33.3701, 0.573089, 3.25515
0.17318, 0.199038, -0.250508, 33.3701, 0.715416, 3.1489
0.17318, 0.199038, -0.25996, 33.3701, 0.563584, 3.10649
0.17318, 0.199038, -0.267419, 33.3701, 0.436184, 3.11919
0.17318, 0.199038, -0.258607, 33.3701, 0.584979, 3.08887
0.17318, 0.199038, -0.25666, 33.3701, 0.637448, 3.15659
0.17318, 0.199038, -0.252181, 33.3701, 0.663945, 3.06311
0.17318, 0.199038, -0.262404, 33.3701, 0.503509, 3.13864
0.17318, 0.199038, -0.258877, 33.3701, 0.606492, 3.27213
0.17318, 0.199038, -0.240478, 33.3701, 0.808436, 2.89258
0.17318, 0.199038, -0.245575, 33.3701, 0.800684, 2.99468
0.17318, 0.199038, -0.229757, 33.3701, 0.942713, 2.88568
0.17318, 0.199038, -0.257669, 33.3701, 0.596383, 3.14021
0.17318, 0.199038, -0.245128, 33.3701, 0.711388, 2.92286
0.17318, 0.199038, -0.253283, 33.3701, 0.689879, 3.17266
0.17318, 0.199038, -0.252522, 33.3701, 0.63609, 3.00961
0.17318, 0.199038, -0.240422, 33.3701, 0.768043, 3.00949
0.17318, 0.199038, -0.244444, 33.3701, 0.784663, 2.80913
0.17318, 0.199038, -0.253477, 33.3701, 0.666351, 3.11637
0.17318, 0.199038, -0.260121, 33.3701, 0.559399, 3.00255
0.17318, 0.199038, -0.260794, 33.3701, 0.542252, 3.21241
0.17318, 0.199038, -0.24964, 33.3701, 0.743407, 3.08968
0.17318, 0.199038, -0.257467, 33.3701, 0.615444, 3.14869
0.17318, 0.199038, -0.252041, 33.3701, 0.68293, 3.11693
0.17318, 0.199038, -0.256322, 33.3701, 0.639108, 3.20365
0.17318, 0.199038, -0.242126, 33.3701, 0.839336, 3.14075
0.17318, 0.199038, -0.261011, 33.3701, 0.543768, 3.22044
0.17318, 0.199038, -0.246983, 33.3701, 0.793301, 3.08932
0.17318, 0.199038, -0.250735, 33.3701, 0.626618, 3.09257
0.17318, 0.199038, -0.247055, 33.3701, 0.752111, 3.01953
0.17318, 0.199038, -0.250405, 33.3701, 0.717593, 3.01225
0.17318, 0.199038, -0.246363, 33.3701, 0.757875, 2.99177
0.17318, 0.199038, -0.257466, 33.3701, 0.585981, 3.21065
0.17318, 0.199038, -0.256801, 33.3701, 0.608384, 3.12369
0.17318, 0.199038, -0.264145, 33.3701, 0.536312, 3.0783
0.17318, 0.199038, -0.253115, 33.3701, 0.717712, 3.18357
0.17318, 0.199038, -0.252983, 33.3701, 0.669747, 3.18147
0.17318, 0.199038, -0.262103, 33.3701, 0.554684, 3.11441
0.17318, 0.199038, -0.246763, 33.3701, 0.730136, 2.93799
0.17318, 0.199038, -0.255004, 33.3701, 0.718038, 3.07217
0.17318, 0.199038, -0.252844, 33.3701, 0.711811, 3.09399
0.17318, 0.199038, -0.248002, 33.3701, 0.75301, 3.17921
0.17318, 0.199038, -0.250884, 33.3701, 0.72126, 3.11489
0.17318, 0.199038, -0.252855, 33.3701, 0.64619, 3.07039
0.17318, 0.199038, -0.246181, 33.3701, 0.706391, 3.02035
0.17318, 0.199038, -0.266662, 33.3701, 0.43462, 3.22273
0.17318, 0.199038, -0.255699, 33.3701, 0.614142, 3.09417
0.17318, 0.199038, -0.257854, 33.3701, 0.615022, 3.16977
0.17318, 0.199038, -0.242157, 33.3701, 0.800409, 2.92501
0.17318, 0.199038, -0.247643, 33.3701, 0.705914, 2.94426
0.17318, 0.199038, -0.259994, 33.3701, 0.598602, 3.05742
0.17318, 0.199038, -0.242888, 33.3701, 0.749206, 2.8977
0.17318, 0.199038, -0.24769, 33.3701, 0.742427, 3.08798
0.17318, 0.199038, -0.258176, 33.3701, 0.587627, 3.1817
0.17318, 0.199038, -0.246018, 33.3701, 0.759575, 2.9808
0.17318, 0.199038, -0.257465, 33.3701, 0.547869, 3.06267
0.17318, 0.199038, -0.242406, 33.3701, 0.757678, 2.9606
0.17318, 0.199038, -0.256761, 33.3701, 0.565667, 3.06997
0.17318, 0.199038, -0.251968, 33.3701, 0.725103, 3.18362
0.17318, 0.199038, -0.249964, 33.3701, 0.800287, 3.0466
0.17318, 0.199038, -0.257118, 33.3701, 0.604264, 3.19278
0.17318, 0.199038, -0.243914, 33.3701, 0.773308, 2.94339
0.17318, 0.199038, -0.246729, 33.3701, 0.766512, 3.00841
0.17318, 0.199038, -0.254249, 33.3701, 0.664788, 3.11738
0.17318, 0.199038, -0.250635, 33.3701, 0.661581, 3.04498
0.17318, 0.199038, -0.263364, 33.3701, 0.534698, 3.17306
0.17318, 0.199038, -0.271009, 33.3701, 0.382836, 3.24604
0.17318, 0.199038, -0.245766, 33.3701, 0.757282, 3.00602
0.17318, 0.199038, -0.261986, 33.3701, 0.533107, 3.23945
0.17318, 0.199038, -0.242266, 33.3701, 0.75363, 3.02334
0.17318, 0.199038, -0.249691, 33.3701, 0.703241, 2.99327
0.17318, 0.199038, -0.256506, 33.3701, 0.633375, 3.17136
0.17318, 0.199038, -0.249383, 33.3701, 0.746053, 2.9769
0.17318, 0.199038, -0.24636, 33.3701, 0.799287, 3.16493
0.17318, 0.199038, -0.24127, 33.3701, 0.80082, 3.00565
0.17318, 0.199038, -0.255097, 33.3701, 0.696519, 3.13011
0.17318, 0.199038, -0.261095, 33.3701, 0.545743, 3.17686
0.17318, 0.199038, -0.251522, 33.3701, 0.663859, 3.0075
0.17318, 0.199038, -0.274599, 33.3701, 0.301242, 3.27567
0.17318, 0.199038, -0.256253, 33.3701, 0.608827, 3.05228
0.17318, 0.199038, -0.259111, 33.3701, 0.596152, 3.15381
0.17318, 0.199038, -0.245454, 33.3701, 0.83042, 3.14493
0.17318, 0.199038, -0.256082, 33.3701, 0.63285, 3.1556
0.17318, 0.199038, -0.250027, 33.3701, 0.673867, 2.98626
0.17318, 0.199038, -0.260094, 33.3701, 0.553607, 3.22248
0.17318, 0.199038, -0.263509, 33.3701, 0.520887, 3.17088
0.17318, 0.199038, -0.252761, 33.3701, 0.650126, 3.16106
0.17318, 0.199038, -0.265307, 33.3701, 0.437018, 3.10196
0.17318, 0.199038, -0.249863, 33.3701, 0.683355, 3.04613
0.17318, 0.199038, -0.260123, 33.3701, 0.581946, 3.28756
0.17318, 0.199038, -0.264012, 33.3701, 0.467967, 3.21236
0.17318, 0.199038, -0.255426, 33.3701, 0.611929, 3.19596
0.17318, 0.199038, -0.256595, 33.3701, 0.619088, 3.15735
0.17318, 0.199038, -0.244809, 33.3701, 0.77464, 3.17456
0.17318, 0.199038, -0.251785, 33.3701, 0.688285, 3.08892
0.17318, 0.199038, -0.248538, 33.3701, 0.718934, 3.04068
0.17318, 0.199038, -0.257913, 33.3701, 0.519032, 3.09633
0.17318, 0.199038, -0.258879, 33.3701, 0.598208, 3.31829
0.17318, 0.199038, -0.25556, 33.3701, 0.64947, 3.04423
0.17318, 0.199038, -0.245618, 33.3701, 0.785816, 2.89205
0.17318, 0.199038, -0.263739, 33.3701, 0.514006, 3.13214
0.17318, 0.199038, -0.25367, 33.3701, 0.594496, 2.90221
0.17318, 0.199038, -0.25189, 33.3701, 0.719934, 3.14357
0.17318, 0.199038, -0.253412, 33.3701, 0.633803, 3.07852
0.17318, 0.199038, -0.248625, 33.3701, 0.730849, 3.01502
0.17318, 0.199038, -0.249836, 33.3701, 0.740384, 3.21637
0.17318, 0.199038, -0.253276, 33.3701, 0.631833, 3.05293
0.17318, 0.199038, -0.245622, 33.3701, 0.740964, 3.13747
0.17318, 0.199038, -0.257119, 33.3701, 0.606894, 3.31072
0.17318, 0.199038, -0.24665, 33.3701, 0.751467, 3.06462
0.17318, 0.199038, -0.251718, 33.3701, 0.724753, 3.16929
0.17318, 0.199038, -0.259236, 33.3701, 0.603799, 3.17642
0.17318, 0.199038, -0.248167, 33.3701, 0.724588, 3.14338
0.17318, 0.199038, -0.248834, 33.3701, 0.696414, 2.97793
0.17318, 0.199038, -0.24338, 33.3701, 0.826859, 3.05553
0.17318, 0.199038, -0.239911, 33.3701, 0.811073, 2.8823
0.17318, 0.199038, -0.253431, 33.3701, 0.668807, 3.02598
0.17318, 0.199038, -0.271362, 33.3701, 0.341317, 3.24456
0.17318, 0.199038, -0.247657, 33.3701, 0.80575, 3.20835
0.17318, 0.199038, -0.241157, 33.3701, 0.779604, 2.97949
0.17318, 0.199038, -0.253046, 33.3701, 0.674718, 3.18656
0.17318, 0.199038, -0.264571, 33.3701, 0.480847, 3.22253
0.17318, 0.199038, -0.247775, 33.3701, 0.790723, 3.16751
0.17318, 0.199038, -0.255501, 33.3701, 0.540645, 3.05157
0.17318, 0.199038, -0.238016, 33.3701, 0.816908, 2.88784
0.17318, 0.199038, -0.261284, 33.3701, 0.528979, 3.28454
0.17318, 0.199038, -0.260441, 33.3701, 0.577258, 3.13569
0.17318, 0.199038, -0.25596, 33.3701, 0.586989, 3.05077
0.17318, 0.199038, -0.255756, 33.3701, 0.666098, 3.24631
0.17318, 0.199038, -0.254182, 33.3701, 0.629629, 3.15312
0.17318, 0.199038, -0.241805, 33.3701, 0.827396, 3.06341
0.17318, 0.199038, -0.256314, 33.3701, 0.62143, 3.16255
0.17318, 0.199038, -0.255693, 33.3701, 0.596471, 2.96564
0.17318, 0.199038, -0.269956, 33.3701, 0.386567, 3.11967
0.17318, 0.199038, -0.261687, 33.3701, 0.537586, 3.16644
0.17318, 0.199038, -0.242341, 33.3701, 0.811438, 2.99448
0.17318, 0.199038, -0.26165, 33.3701, 0.553635, 3.09312
0.17318, 0.199038, -0.252262, 33.3701, 0.683539, 3.1243
0.17318, 0.199038, -0.256635, 33.3701, 0.613219, 3.15988
0.17318, 0.199038, -0.255441, 33.3701, 0.580927, 3.10111
0.17318, 0.199038, -0.230281, 33.3701, 0.92153, 2.79064
0.17318, 0.199038, -0.259718, 33.3701, 0.606591, 3.16089
0.17318, 0.199038, -0.258632, 33.3701, 0.617747, 3.22086
0.17318, 0.199038, -0.256871, 33.3701, 0.582033, 3.25381
0.17318, 0.199038, -0.264365, 33.3701, 0.468551, 3.23397
0.17318, 0.199038, -0.247822, 33.3701, 0.726286, 3.08115
0.17318, 0.199038, -0.261367, 33.3701, 0.547623, 3.19522
0.17318, 0.199038, -0.244144, 33.3701, 0.788706, 2.97109
0.17318, 0.199038, -0.24494, 33.3701, 0.772441, 3.02321
0.17318, 0.199038, -0.256685, 33.3701, 0.620216, 3.21748
0.17318, 0.199038, -0.259438, 33.3701, 0.571087, 3.15147
0.17318, 0.199038, -0.243284, 33.3701, 0.745442, 2.9686
0.17318, 0.199038, -0.255623, 33.3701, 0.667728, 3.26902
0.17318, 0.199038, -0.247833, 33.3701, 0.739248, 2.91904
0.17318, 0.199038, -0.241218, 33.3701, 0.800223, 2.93727
0.17318, 0.199038, -0.266334, 33.3701, 0.449502, 3.28108
0.17318, 0.199038, -0.256564, 33.3701, 0.582612, 3.10346
0.17318, 0.199038, -0.265959, 33.3701, 0.47902, 3.18084
0.17318, 0.199038, -0.247217, 33.3701, 0.769011, 3.08365
0.17318, 0.199038, -0.262311, 33.3701, 0.530422, 3.08662
0.17318, 0.199038, -0.265089, 33.3701, 0.472092, 3.21416
0.17318, 0.199038, -0.256089, 33.3701, 0.591989, 3.02501
0.17318, 0.199038, -0.259221, 33.3701, 0.590386, 3.11577
0.17318, 0.199038, -0.234621, 33.3701, 0.825893, 2.93801
0.17318, 0.199038, -0.248067, 33.3701, 0.731901, 3.08368
0.17318, 0.199038, -0.257322, 33.3701, 0.619763, 3.11273
0.17318, 0.199038, -0.253855, 33.3701, 0.657909, 3.10336
0.17318, 0.199038, -0.245085, 33.3701, 0.804147, 3.04263
0.17318, 0.199038, -0.246865, 33.3701, 0.739187, 3.00238
0.17318, 0.199038, -0.263927, 33.3701, 0.466683, 3.22999
0.17318, 0.199038, -0.251691, 33.3701, 0.694632, 3.23128
0.17318, 0.199038, -0.2452, 33.3701, 0.846193, 3.19129
0.17318, 0.199038, -0.264334, 33.3701, 0.479148, 3.03016
0.17318, 0.199038, -0.25844, 33.3701, 0.594402, 3.17993
0.17318, 0.199038, -0.218279, 33.3701, 1.06445, 2.69074
0.17318, 0.199038, -0.257067, 33.3701, 0.599884, 3.09255
0.17318, 0.199038, -0.25267, 33.3701, 0.677999, 3.21064
0.17318, 0.199038, -0.259869, 33.3701, 0.580666, 3.11468
0.17318, 0.199038, -0.248217, 33.3701, 0.785855, 3.16647
0.17318, 0.199038, -0.245481, 33.3701, 0.767682, 3.05243
0.17318, 0.199038, -0.252486, 33.3701, 0.66784, 3.07106
0.17318, 0.199038, -0.259887, 33.3701, 0.559756, 3.09713
0.17318, 0.199038, -0.248341, 33.3701, 0.691377, 3.0105
0.17318, 0.199038, -0.235004, 33.3701, 0.863346, 2.85505
0.17318, 0.199038, -0.254061, 33.3701, 0.643859, 3.14008
0.17318, 0.199038, -0.244543, 33.3701, 0.770286, 3.07471
0.17318, 0.199038, -0.255615, 33.3701, 0.666712, 3.1443
0.17318, 0.199038, -0.262317, 33.3701, 0.542849, 3.15107
0.17318, 0.199038, -0.260417, 33.3701, 0.565417, 3.10608
0.17318, 0.199038, -0.25547, 33.3701, 0.643589, 3.17726
0.17318, 0.199038, -0.265953, 33.3701, 0.443744, 3.20877
0.17318, 0.199038, -0.24551, 33.3701, 0.785802, 3.05917
0.17318, 0.199038, -0.263391, 33.3701, 0.438721, 3.06232
0.17318, 0.199038, -0.266368, 33.3701, 0.444857, 3.14502
0.17318, 0.199038, -0.255928, 33.3701, 0.665304, 3.0692
0.17318, 0.199038, -0.253662, 33.3701, 0.64287, 3.13426
0.17318, 0.199038, -0.246791, 33.3701, 0.714445, 2.92353
0.17318, 0.199038, -0.261557, 33.3701, 0.516405, 3.24556
0.17318, 0.199038, -0.250997, 33.3701, 0.631106, 3.12495
0.17318, 0.199038, -0.239907, 33.3701, 0.857408, 3.01109
0.17318, 0.199038, -0.265092, 33.3701, 0.464823, 3.21051
0.17318, 0.199038, -0.24618, 33.3701, 0.706947, 2.96186
0.17318, 0.199038, -0.25279, 33.3701, 0.66966, 3.1447
0.17318, 0.199038, -0.251895, 33.3701, 0.654142, 2.98907
0.17318, 0.199038, -0.2646, 33.3701, 0.508863, 3.24498
0.17318, 0.199038, -0.246737, 33.3701, 0.723448, 3.03708
0.17318, 0.199038, -0.260051, 33.3701, 0.541402, 3.16055
0.17318, 0.199038, -0.262981, 33.3701, 0.507, 3.17799
0.17318, 0.199038, -0.25533, 33.3701, 0.655232, 3.10023
0.17318, 0.199038, -0.260578, 33.3701, 0.506851, 3.21845
0.17318, 0.199038, -0.249646, 33.3701, 0.70775, 3.12463
0.17318, 0.199038, -0.260737, 33.3701, 0.519699, 3.23501
0.17318, 0.199038, -0.261279, 33.3701, 0.538714, 3.21293
0.17318, 0.199038, -0.257392, 33.3701, 0.620267, 3.2215
0.17318, 0.199038, -0.259439, 33.3701, 0.603351, 3.15968
0.17318, 0.199038, -0.259455, 33.3701, 0.582448, 3.13904
0.17318, 0.199038, -0.250418, 33.3701, 0.703121, 3.14826
0.17318, 0.199038, -0.247981, 33.3701, 0.659866, 2.95677
0.17318, 0.199038, -0.244065, 33.3701, 0.762431, 2.88838
0.17318, 0.199038, -0.251763, 33.3701, 0.683957, 3.05487
0.17318, 0.199038, -0.260868, 33.3701, 0.592415, 3.23237
0.17318, 0.199038, -0.252645, 33.3701, 0.666318, 3.03324
0.17318, 0.199038, -0.248362, 33.3701, 0.711778, 2.94052
0.17318, 0.199038, -0.245041, 33.3701, 0.788821, 3.02922
0.17318, 0.199038, -0.248078, 33.3701, 0.726888, 3.04309
0.17318, 0.199038, -0.248809, 33.3701, 0.66636, 3.04151
0.17318, 0.199038, -0.260846, 33.3701, 0.55851, 3.09376
0.17318, 0.199038, -0.255814, 33.3701, 0.591472, 3.06937
0.17318, 0.199038, -0.260829, 33.3701, 0.560018, 3.29342
0.17318, 0.199038, -0.228749, 33.3701, 0.915679, 2.79751
0.17318, 0.199038, -0.248231, 33.3701, 0.723541, 3.04369
0.17318, 0.199038, -0.247231, 33.3701, 0.789283, 3.05643
0.17318, 0.199038, -0.244213, 33.3701, 0.724262, 3.04316
0.17318, 0.199038, -0.25634, 33.3701, 0.621099, 3.17577
0.17318, 0.199038, -0.249338, 33.3701, 0.699389, 3.12447
0.17318, 0.199038, -0.269903, 33.3701, 0.360385, 3.21705
0.17318, 0.199038, -0.253338, 33.3701, 0.702267, 3.19915
0.17318, 0.199038, -0.267038, 33.3701, 0.411639, 3.1431
0.17318, 0.199038, -0.255284, 33.3701, 0.625823, 3.17564
0.17318, 0.199038, -0.245478, 33.3701, 0.739848, 2.92428
0.17318, 0.199038, -0.245587, 33.3701, 0.816116, 3.18433
0.17318, 0.199038, -0.251668, 33.3701, 0.646349, 3.01914
0.17318, 0.199038, -0.25131, 33.3701, 0.722159, 3.19544
0.17318, 0.199038, -0.241876, 33.3701, 0.833067, 3.01458
0.17318, 0.199038, -0.244909, 33.3701, 0.779912, 2.91621
0.17318, 0.199038, -0.255913, 33.3701, 0.656464, 3.13044
0.17318, 0.199038, -0.255423, 33.3701, 0.627701, 3.12843
0.17318, 0.199038, -0.261671, 33.3701, 0.516211, 3.20928
0.17318, 0.199038, -0.259997, 33.3701, 0.529707, 3.14474
0.17318, 0.199038, -0.254617, 33.3701, 0.662317, 3.09545
0.17318, 0.199038, -0.250237, 33.3701, 0.763568, 3.28935
0.17318, 0.199038, -0.252432, 33.3701, 0.69561, 3.1828
0.17318, 0.199038, -0.248578, 33.3701, 0.762437, 3.27051
0.17318, 0.199038, -0.257922, 33.3701, 0.586581, 3.16059
0.17318, 0.199038, -0.254161, 33.3701, 0.655122, 3.09928
0.17318, 0.199038, -0.260712, 33.3701, 0.538576, 3.15386
0.17318, 0.199038, -0.262385, 33.3701, 0.510848, 3.25988
0.17318, 0.199038, -0.243357, 33.3701, 0.785626, 3.03437
0.17318, 0.199038, -0.245985, 33.3701, 0.777092, 3.03778
0.17318, 0.199038, -0.254971, 33.3701, 0.575109, 3.02006
0.17318, 0.199038, -0.258083, 33.3701, 0.598866, 3.20583
0.17318, 0.199038, -0.261396, 33.3701, 0.55312, 3.18089
0.17318, 0.199038, -0.262272, 33.3701, 0.483846, 3.13322
0.17318, 0.199038, -0.262008, 33.3701, 0.524067, 3.18261
0.17318, 0.199038, -0.2573, 33.3701, 0.602907, 3.31572
0.17318, 0.199038, -0.254605, 33.3701, 0.662813, 3.16451
0.17318, 0.199038, -0.256781, 33.3701, 0.613368, 3.17482
0.17318, 0.199038, -0.26008, 33.3701, 0.522468, 3.09248
0.17318, 0.199038, -0.257422, 33.3701, 0.630975, 3.17969
0.17318, 0.199038, -0.270029, 33.3701, 0.383512, 3.20674
0.17318, 0.199038, -0.250409, 33.3701, 0.682446, 3.07739
0.17318, 0.199038, -0.251589, 33.3701, 0.655292, 3.20353
0.17318, 0.199038, -0.26574, 33.3701, 0.465881, 3.13928
0.17318, 0.199038, -0.256956, 33.3701, 0.615995, 3.20773
0.17318, 0.199038, -0.252468, 33.3701, 0.731396, 3.11136
0.17318, 0.199038, -0.244179, 33.3701, 0.78351, 3.04575
0.17318, 0.199038, -0.253727, 33.3701, 0.667907, 3.05923
0.17318, 0.199038, -0.25863, 33.3701, 0.606276, 3.07937
0.17318, 0.199038, -0.249453, 33.3701, 0.756511, 3.20768
0.17318, 0.199038, -0.244867, 33.3701, 0.731989, 2.98566
0.17318, 0.199038, -0.257708, 33.3701, 0.609703, 3.19191
0.17318, 0.199038, -0.252607, 33.3701, 0.676743, 3.12689
0.17318, 0.199038, -0.250981, 33.3701, 0.664056, 2.93309
0.17318, 0.199038, -0.260921, 33.3701, 0.578024, 3.25599
0.17318, 0.199038, -0.248661, 33.3701, 0.68696, 3.02408
0.17318, 0.199038, -0.245175, 33.3701, 0.738351, 3.0785
0.17318, 0.199038, -0.26649, 33.3701, 0.469757, 3.30452
0.17318, 0.199038, -0.254432, 33.3701, 0.690219, 3.17493
0.17318, 0.199038, -0.253676, 33.3701, 0.701023, 3.21476
0.17318, 0.199038, -0.260366, 33.3701, 0.563178, 3.20266
0.17318, 0.199038, -0.245385, 33.3701, 0.839161, 3.26365
0.17318, 0.199038, -0.253633, 33.3701, 0.66539, 3.21775
0.17318, 0.199038, -0.249381, 33.3701, 0.75559, 3.18954
0.17318, 0.199038, -0.260394, 33.3701, 0.563092, 3.21583
0.17318, 0.199038, -0.25785, 33.3701, 0.593932, 3.18933
0.17318, 0.199038, -0.25504, 33.3701, 0.644686, 3.10296
0.17318, 0.199038, -0.246193, 33.3701, 0.715706, 2.93354
0.17318, 0.199038, -0.25722, 33.3701, 0.608136, 3.10076
0.17318, 0.199038, -0.248604, 33.3701, 0.742922, 3.18022
0.17318, 0.199038, -0.248338, 33.3701, 0.76215, 3.22202
0.17318, 0.199038, -0.255801, 33.3701, 0.611065, 3.0604
0.17318, 0.199038, -0.259482, 33.3701, 0.563271, 3.1389
0.17318, 0.199038, -0.249671, 33.3701, 0.722765, 3.06046
0.17318, 0.199038, -0.257835, 33.3701, 0.608578, 3.15291
0.17318, 0.199038, -0.261569, 33.3701, 0.543339, 3.05272
0.17318, 0.199038, -0.262601, 33.3701, 0.510343, 3.18342
0.17318, 0.199038, -0.227271, 33.3701, 0.995643, 2.79783
0.17318, 0.199038, -0.257406, 33.3701, 0.593348, 3.23133
0.17318, 0.199038, -0.250668, 33.3701, 0.672821, 3.07263
0.17318, 0.199038, -0.262502, 33.3701, 0.56185, 3.10139
0.17318, 0.199038, -0.262911, 33.3701, 0.526588, 3.12465
0.17318, 0.199038, -0.247915, 33.3701, 0.72271, 3.01505
0.17318, 0.199038, -0.24943, 33.3701, 0.694938, 3.08097
0.17318, 0.199038, -0.255665, 33.3701, 0.660056, 3.17944
0.17318, 0.199038, -0.256605, 33.3701, 0.597261, 3.22821
0.17318, 0.199038, -0.266681, 33.3701, 0.439849, 3.23206
0.17318, 0.199038, -0.262118, 33.3701, 0.523791, 3.22937
0.17318, 0.199038, -0.266024, 33.3701, 0.484355, 3.19418
0.17318, 0.199038, -0.256257, 33.3701, 0.601477, 3.05574
0.17318, 0.199038, -0.252631, 33.3701, 0.670303, 3.21684
0.17318, 0.199038, -0.262276, 33.3701, 0.537283, 3.14774
0.17318, 0.199038, -0.261863, 33.3701, 0.53637, 3.08547
0.17318, 0.199038, -0.237298, 33.3701, 0.898876, 2.99698
0.17318, 0.199038, -0.24773, 33.3701, 0.716963, 3.01939
0.17318, 0.199038, -0.253083, 33.3701, 0.672375, 3.12186
0.17318, 0.199038, -0.262359, 33.3701, 0.547838, 3.13218
0.17318, 0.199038, -0.256484, 33.3701, 0.573607, 2.88893
0.17318, 0.199038, -0.238996, 33.3701, 0.851098, 2.82348
0.17318, 0.199038, -0.233959, 33.3701, 0.919855, 2.94375
0.17318, 0.199038, -0.251418, 33.3701, 0.662531, 3.01984
0.17318, 0.199038, -0.262259, 33.3701, 0.487878, 3.11653
0.17318, 0.199038, -0.250188, 33.3701, 0.686936, 3.04701
0.17318, 0.199038, -0.263954, 33.3701, 0.498093, 3.32942
0.17318, 0.199038, -0.254169, 33.3701, 0.66772, 3.18459
0.17318, 0.199038, -0.261082, 33.3701, 0.546808, 3.04881
0.17318, 0.199038, -0.254605, 33.3701, 0.595187, 3.13749
0.17318, 0.199038, -0.251545, 33.3701, 0.699636, 3.15746
0.17318, 0.199038, -0.260492, 33.3701, 0.521123, 3.19244
0.17318, 0.199038, -0.251812, 33.3701, 0.726778, 3.24747
0.17318, 0.199038, -0.255137, 33.3701, 0.670735, 3.17815
0.17318, 0.199038, -0.265243, 33.3701, 0.460199, 3.09631
0.17318, 0.199038, -0.269257, 33.3701, 0.437972, 3.26787
0.17318, 0.199038, -0.262945, 33.3701, 0.486173, 3.13004
0.17318, 0.199038, -0.25613, 33.3701, 0.59315, 3.00284
0.17318, 0.199038, -0.258877, 33.3701, 0.579887, 3.11846
0.17318, 0.199038, -0.26095, 33.3701, 0.550587, 3.21302
0.17318, 0.199038, -0.259264, 33.3701, 0.531176, 3.11974
0.17318, 0.199038, -0.248322, 33.3701, 0.70152, 3.11082
0.17318, 0.199038, -0.259586, 33.3701, 0.589917, 3.138
0.17318, 0.199038, -0.251778, 33.3701, 0.716398, 3.14258
0.17318, 0.199038, -0.264389, 33.3701, 0.493291, 3.17437
0.17318, 0.199038, -0.263448, 33.3701, 0.536756, 3.22392
0.17318, 0.199038, -0.258939, 33.3701, 0.616053, 3.19473
0.17318, 0.199038, -0.265082, 33.3701, 0.488848, 3.18696
0.17318, 0.199038, -0.249404, 33.3701, 0.758111, 3.03446
0.17318, 0.199038, -0.24952, 33.3701, 0.67852, 3.04092
0.17318, 0.199038, -0.248955, 33.3701, 0.711597, 3.02311
0.17318, 0.199038, -0.255108, 33.3701, 0.650817, 3.21562
0.17318, 0.199038, -0.242518, 33.3701, 0.750646, 3.04108
0.17318, 0.199038, -0.247295, 33.3701, 0.798481, 3.17863
0.17318, 0.199038, -0.254545, 33.3701, 0.694912, 3.1362
0.17318, 0.199038, -0.257862, 33.3701, 0.573396, 3.11434
0.17318, 0.199038, -0.260808, 33.3701, 0.560894, 3.20065
0.17318, 0.199038, -0.247987, 33.3701, 0.743236, 2.96892
0.17318, 0.199038, -0.25842, 33.3701, 0.611137, 3.17246
0.17318, 0.199038, -0.256797, 33.3701, 0.582678, 3.10075
0.17318, 0.199038, -0.245907, 33.3701, 0.738628, 3.13194
0.17318, 0.199038, -0.254563, 33.3701, 0.656847, 3.12297
0.17318, 0.199038, -0.248702, 33.3701, 0.682705, 2.94667
0.17318, 0.199038, -0.25702, 33.3701, 0.601029, 3.09764
0.17318, 0.199038, -0.256281, 33.3701, 0.613103, 3.07475
0.17318, 0.199038, -0.240657, 33.3701, 0.825002, 2.8867
0.17318, 0.199038, -0.267048, 33.3701, 0.462478, 3.08852
0.17318, 0.199038, -0.23974, 33.3701, 0.792739, 2.82186
0.17318, 0.199038, -0.261637, 33.3701, 0.542998, 3.22593
0.17318, 0.199038, -0.252441, 33.3701, 0.706623, 3.20016
0.17318, 0.199038, -0.241437, 33.3701, 0.797893, 2.95078
0.17318, 0.199038, -0.249357, 33.3701, 0.703963, 2.9519
0.17318, 0.199038, -0.253576, 33.3701, 0.695552, 3.14226
0.17318, 0.199038, -0.261594, 33.3701, 0.537591, 3.12306
0.17318, 0.199038, -0.257091, 33.3701, 0.600668, 3.13138
0.17318, 0.199038, -0.263597, 33.3701, 0.540091, 3.08119
0.17318, 0.199038, -0.246874, 33.3701, 0.702836, 2.93967
0.17318, 0.199038, -0.261651, 33.3701, 0.552589, 3.03878
0.17318, 0.199038, -0.243654, 33.3701, 0.806237, 2.99517
0.17318, 0.199038, -0.265254, 33.3701, 0.495353, 3.13721
0.17318, 0.199038, -0.233902, 33.3701, 0.865031, 2.84776
0.17318, 0.199038, -0.22705, 33.3701, 0.985574, 2.76598
0.17318, 0.199038, -0.246285, 33.3701, 0.766007, 2.97222
0.17318, 0.199038, -0.243451, 33.3701, 0.854597, 3.14079
0.17318, 0.199038, -0.268686, 33.3701, 0.3813, 3.16126
0.17318, 0.199038, -0.250428, 33.3701, 0.755392, 3.10891
0.17318, 0.199038, -0.250402, 33.3701, 0.699596, 3.16176
0.17318, 0.199038, -0.244051, 33.3701, 0.830245, 3.02355
0.17318, 0.199038, -0.250464, 33.3701, 0.733006, 3.238
0.17318, 0.199038, -0.266219, 33.3701, 0.507148, 3.02388
0.17318, 0.199038, -0.25526, 33.3701, 0.659514, 3.19759
0.17318, 0.199038, -0.261352, 33.3701, 0.568584, 3.15484
0.17318, 0.199038, -0.229013, 33.3701, 0.953542, 2.90217
0.17318, 0.199038, -0.246053, 33.3701, 0.731162, 3.05254
0.17318, 0.199038, -0.246421, 33.3701, 0.736562, 3.0367
0.17318, 0.199038, -0.259159, 33.3701, 0.569992, 2.9899
0.17318, 0.199038, -0.243676, 33.3701, 0.731564, 2.86655
0.17318, 0.199038, -0.260317, 33.3701, 0.529314, 3.19026
0.17318, 0.199038, -0.256209, 33.3701, 0.630433, 3.14753
0.17318, 0.199038, -0.266063, 33.3701, 0.451686, 3.06539
0.17318, 0.199038, -0.254774, 33.3701, 0.647801, 3.10287
0.17318, 0.199038, -0.248845, 33.3701, 0.785551, 3.24059
0.17318, 0.199038, -0.264607, 33.3701, 0.540039, 3.12802
0.17318, 0.199038, -0.256156, 33.3701, 0.600498, 3.11114
0.17318, 0.199038, -0.250046, 33.3701, 0.706283, 2.95744
0.17318, 0.199038, -0.26175, 33.3701, 0.531156, 3.13227
0.17318, 0.199038, -0.258701, 33.3701, 0.574509, 3.10752
0.17318, 0.199038, -0.261174, 33.3701, 0.556464, 3.13507
0.17318, 0.199038, -0.248158, 33.3701, 0.779678, 3.06047
0.17318, 0.199038, -0.25112, 33.3701, 0.65528, 3.0691
0.17318, 0.199038, -0.257206, 33.3701, 0.631232, 3.23666
0.17318, 0.199038, -0.24421, 33.3701, 0.774864, 3.0805
0.17318, 0.199038, -0.258345, 33.3701, 0.612368, 3.28729
0.17318, 0.199038, -0.253121, 33.3701, 0.71391, 3.27537
0.17318, 0.199038, -0.249233, 33.3701, 0.792623, 3.23056
0.17318, 0.199038, -0.267689, 33.3701, 0.449049, 3.145
0.17318, 0.199038, -0.249177, 33.3701, 0.78057, 3.13483
0.17318, 0.199038, -0.256571, 33.3701, 0.624421, 3.10277
0.17318, 0.199038, -0.256234, 33.3701, 0.647281, 3.20237
0.17318, 0.199038, -0.249305, 33.3701, 0.599429, 2.86336
0.17318, 0.199038, -0.250994, 33.3701, 0.722491, 3.15702
0.17318, 0.199038, -0.269835, 33.3701, 0.415843, 3.20292
0.17318, 0.199038, -0.25359, 33.3701, 0.681019, 3.13507
0.17318, 0.199038, -0.259165, 33.3701, 0.550193, 3.24811
0.17318, 0.199038, -0.237839, 33.3701, 0.902295, 3.01269
0.17318, 0.199038, -0.259734, 33.3701, 0.53155, 3.15195
0.17318, 0.199038, -0.255405, 33.3701, 0.655818, 3.21178
0.17318, 0.199038, -0.262929, 33.3701, 0.53216, 3.11394
0.17318, 0.199038, -0.253986, 33.3701, 0.566482, 3.04188
0.17318, 0.199038, -0.257786, 33.3701, 0.554956, 3.07723
0.17318, 0.199038, -0.25479, 33.3701, 0.670025, 3.04207
0.17318, 0.199038, -0.261748, 33.3701, 0.55932, 3.27414
0.17318, 0.199038, -0.254365, 33.3701, 0.622853, 3.04288
0.17318, 0.199038, -0.240332, 33.3701, 0.762008, 2.97737
0.17318, 0.199038, -0.257407, 33.3701, 0.605732, 3.17031
0.17318, 0.199038, -0.25035, 33.3701, 0.753857, 3.20431
0.17318, 0.199038, -0.247169, 33.3701, 0.727892, 3.12861
0.17318, 0.199038, -0.252651, 33.3701, 0.706307, 3.12009
0.17318, 0.199038, -0.202496, 33.3701, 1.21376, 2.49155
0.17318, 0.199038, -0.246351, 33.3701, 0.747867, 3.05555
0.17318, 0.199038, -0.251229, 33.3701, 0.747524, 3.18271
0.17318, 0.199038, -0.267209, 33.3701, 0.461425, 3.20571
0.17318, 0.199038, -0.251796, 33.3701, 0.681134, 3.07975
0.17318, 0.199038, -0.249895, 33.3701, 0.722002, 3.05854
0.17318, 0.199038, -0.265443, 33.3701, 0.48847, 3.14782
0.17318, 0.199038, -0.257785, 33.3701, 0.630345, 3.13896
0.17318, 0.199038, -0.258853, 33.3701, 0.583105, 3.1525
0.17318, 0.199038, -0.252288, 33.3701, 0.653218, 3.01894
0.17318, 0.199038, -0.245772, 33.3701, 0.737623, 3.02799
0.17318, 0.199038, -0.257202, 33.3701, 0.576858, 2.96604
0.17318, 0.199038, -0.259492, 33.3701, 0.537072, 3.12062
0.17318, 0.199038, -0.258402, 33.3701, 0.595583, 3.11455
0.17318, 0.199038, -0.255493, 33.3701, 0.674081, 3.22821
0.17318, 0.199038, -0.246652, 33.3701, 0.755169, 3.03936
0.17318, 0.199038, -0.222474, 33.3701, 1.00803, 2.73833
0.17318, 0.199038, -0.270642, 33.3701, 0.413286, 3.20292
0.17318, 0.199038, -0.250382, 33.3701, 0.708366, 3.10718
0.17318, 0.199038, -0.256247, 33.3701, 0.636754, 3.13796
0.17318, 0.199038, -0.252148, 33.3701, 0.636315, 3.08528
0.17318, 0.199038, -0.242673, 33.3701, 0.740664, 2.91428
0.17318, 0.199038, -0.236328, 33.3701, 0.841046, 2.86283
0.17318, 0.199038, -0.245391, 33.3701, 0.735344, 2.9861
0.17318, 0.199038, -0.250567, 33.3701, 0.663252, 2.89641
0.17318, 0.199038, -0.233633, 33.3701, 0.874153, 2.84286
0.17318, 0.199038, -0.240025, 33.3701, 0.852897, 2.97807
0.17318, 0.199038, -0.251809, 33.3701, 0.720684, 3.1024
0.17318, 0.199038, -0.251892, 33.3701, 0.72526, 3.09151
0.17318, 0.199038, -0.254969, 33.3701, 0.679109, 3.18393
0.17318, 0.199038, -0.253136, 33.3701, 0.63276, 3.05481
0.17318, 0.199038, -0.248446, 33.3701, 0.714365, 2.99661
0.17318, 0.199038, -0.255132, 33.3701, 0.653416, 3.062
0.17318, 0.199038, -0.2588, 33.3701, 0.580254, 2.98989
0.17318, 0.199038, -0.259217, 33.3701, 0.526591, 3.04248
0.17318, 0.199038, -0.249472, 33.3701, 0.747807, 3.18355
0.17318, 0.199038, -0.247103, 33.3701, 0.715558, 2.99088
0.17318, 0.199038, -0.232364, 33.3701, 0.851256, 2.8669
0.17318, 0.199038, -0.258121, 33.3701, 0.588583, 3.14856
0.17318, 0.199038, -0.253253, 33.3701, 0.666326, 3.09133
0.17318, 0.199038, -0.251852, 33.3701, 0.671596, 3.1746
0.17318, 0.199038, -0.260495, 33.3701, 0.54716, 3.2803
0.17318, 0.199038, -0.256435, 33.3701, 0.645467, 3.18676
0.17318, 0.199038, -0.250148, 33.3701, 0.657465, 3.0384
0.17318, 0.199038, -0.256247, 33.3701, 0.650595, 3.16632
0.17318, 0.199038, -0.260216, 33.3701, 0.565858, 3.04883
0.17318, 0.199038, -0.264308, 33.3701, 0.471333, 3.22285
0.17318, 0.199038, -0.248474, 33.3701, 0.752649, 3.18689
0.17318, 0.199038, -0.253821, 33.3701, 0.633421, 3.04569
0.17318, 0.199038, -0.245976, 33.3701, 0.754324, 2.89771
0.17318, 0.199038, -0.243726, 33.3701, 0.84357, 3.17057
0.17318, 0.199038, -0.264274, 33.3701, 0.473069, 3.14135
0.17318, 0.199038, -0.26229, 33.3701, 0.531204, 3.12958
0.17318, 0.199038, -0.249943, 33.3701, 0.623581, 3.02336
0.17318, 0.199038, -0.264955, 33.3701, 0.493744, 3.11511
0.17318, 0.199038, -0.266757, 33.3701, 0.47568, 3.2164
0.17318, 0.199038, -0.263601, 33.3701, 0.498111, 3.27551
0.17318, 0.199038, -0.251824, 33.3701, 0.705801, 3.13716
0.17318, 0.199038, -0.252105, 33.3701, 0.666217, 3.0457
0.17318, 0.199038, -0.261173, 33.3701, 0.516312, 3.10735
0.17318, 0.199038, -0.247529, 33.3701, 0.734261, 3.08215
0.17318, 0.199038, -0.246299, 33.3701, 0.736994, 2.76114
0.17318, 0.199038, -0.258611, 33.3701, 0.563011, 3.18861
0.17318, 0.199038, -0.259022, 33.3701, 0.561441, 3.25583
0.17318, 0.199038, -0.224553, 33.3701, 0.985018, 2.76754
0.17318, 0.199038, -0.255755, 33.3701, 0.655734, 3.2761
0.17318, 0.199038, -0.255879, 33.3701, 0.586258, 3.14135
0.17318, 0.199038, -0.256082, 33.3701, 0.658464, 3.14605
0.17318, 0.199038, -0.259183, 33.3701, 0.590567, 3.19313
0.17318, 0.199038, -0.259635, 33.3701, 0.562204, 3.17414
0.17318, 0.199038, -0.253235, 33.3701, 0.692925, 3.08183
0.17318, 0.199038, -0.254497, 33.3701, 0.607041, 3.04131
0.17318, 0.199038, -0.26045, 33.3701, 0.617099, 3.05806
0.17318, 0.199038, -0.255677, 33.3701, 0.655399, 3.18316
0.17318, 0.199038, -0.254045, 33.3701, 0.65565, 2.99177
0.17318, 0.199038, -0.25471, 33.3701, 0.651188, 3.15267
0.17318, 0.199038, -0.258317, 33.3701, 0.594688, 3.18372
0.17318, 0.199038, -0.25375, 33.3701, 0.636794, 3.03994
0.17318, 0.199038, -0.255481, 33.3701, 0.660203, 3.23576
0.17318, 0.199038, -0.243902, 33.3701, 0.821432, 3.11548
0.17318, 0.199038, -0.235131, 33.3701, 0.827026, 2.79459
0.17318, 0.199038, -0.250462, 33.3701, 0.714662, 3.19756
0.17318, 0.199038, -0.252107, 33.3701, 0.692415, 3.06994
0.17318, 0.199038, -0.244513, 33.3701, 0.767387, 3.03515
0.17318, 0.199038, -0.263129, 33.3701, 0.533998, 3.19381
0.17318, 0.199038, -0.24914, 33.3701, 0.7476, 2.96898
0.17318, 0.199038, -0.25741, 33.3701, 0.594643, 3.17202
0.17318, 0.199038, -0.253518, 33.3701, 0.642261, 3.13022
0.17318, 0.199038, -0.255906, 33.3701, 0.613417, 3.1213
0.17318, 0.199038, -0.256615, 33.3701, 0.620724, 3.12513
0.17318, 0.199038, -0.241682, 33.3701, 0.848824, 3.09121
0.17318, 0.199038, -0.257385, 33.3701, 0.58938, 3.16693
0.17318, 0.199038, -0.251924, 33.3701, 0.736666, 3.07375
0.17318, 0.199038, -0.256186, 33.3701, 0.631768, 3.2557
0.17318, 0.199038, -0.258521, 33.3701, 0.623434, 3.18203
0.17318, 0.199038, -0.258948, 33.3701, 0.591524, 3.12434
0.17318, 0.199038, -0.260436, 33.3701, 0.583006, 3.13214
0.17318, 0.199038, -0.252812, 33.3701, 0.652052, 3.12931
0.17318, 0.199038, -0.257697, 33.3701, 0.562099, 3.01816
0.17318, 0.199038, -0.238165, 33.3701, 0.784852, 2.93618
0.17318, 0.199038, -0.261902, 33.3701, 0.545145, 3.07783
0.17318, 0.199038, -0.24386, 33.3701, 0.733429, 2.9709
0.17318, 0.199038, -0.255228, 33.3701, 0.614126, 3.01033
0.17318, 0.199038, -0.260747, 33.3701, 0.558761, 3.15864
0.17318, 0.199038, -0.252141, 33.3701, 0.673316, 3.17221
0.17318, 0.199038, -0.252547, 33.3701, 0.727258, 3.18907
0.17318, 0.199038, -0.256846, 33.3701, 0.638987, 3.2154
0.17318, 0.199038, -0.242224, 33.3701, 0.822615, 3.14476
0.17318, 0.199038, -0.254854, 33.3701, 0.647542, 3.2044
0.17318, 0.199038, -0.254929, 33.3701, 0.65332, 3.15011
0.17318, 0.199038, -0.255424, 33.3701, 0.623678, 3.22199
0.17318, 0.199038, -0.260104, 33.3701, 0.544304, 3.10056
0.17318, 0.199038, -0.273212, 33.3701, 0.348591, 3.18222
0.17318, 0.199038, -0.253619, 33.3701, 0.63048, 3.06387
0.17318, 0.199038, -0.272311, 33.3701, 0.32885, 3.23121
0.17318, 0.199038, -0.258028, 33.3701, 0.588329, 3.19378
0.17318, 0.199038, -0.24014, 33.3701, 0.859377, 3.02455
0.17318, 0.199038, -0.254277, 33.3701, 0.644802, 3.16738
0.17318, 0.199038, -0.258311, 33.3701, 0.605987, 3.19756
0.17318, 0.199038, -0.250311, 33.3701, 0.721804, 3.11398
0.17318, 0.199038, -0.244887, 33.3701, 0.832634, 3.16868
0.17318, 0.199038, -0.246254, 33.3701, 0.747731, 3.01359
0.17318, 0.199038, -0.262189, 33.3701, 0.536011, 3.30644
0.17318, 0.199038, -0.255907, 33.3701, 0.58055, 3.05615
0.17318, 0.199038, -0.257472, 33.3701, 0.613683, 3.23017
0.17318, 0.199038, -0.246834, 33.3701, 0.723029, 2.93609
0.17318, 0.199038, -0.240487, 33.3701, 0.77371, 2.96226
0.17318, 0.199038, -0.264255, 33.3701, 0.487568, 3.08908
0.17318, 0.199038, -0.247581, 33.3701, 0.71838, 2.84849
0.17318, 0.199038, -0.257721, 33.3701, 0.603911, 3.25412
0.17318, 0.199038, -0.25576, 33.3701, 0.592384, 3.12409
0.17318, 0.199038, -0.23837, 33.3701, 0.85523, 2.99526
0.17318, 0.199038, -0.245478, 33.3701, 0.729382, 2.92068
0.17318, 0.199038, -0.233487, 33.3701, 0.930187, 2.97008
0.17318, 0.199038, -0.246286, 33.3701, 0.815132, 3.09595
0.17318, 0.199038, -0.242753, 33.3701, 0.826367, 3.07502
0.17318, 0.199038, -0.259685, 33.3701, 0.56785, 3.30352
0.17318, 0.199038, -0.253175, 33.3701, 0.610875, 3.12249
0.17318, 0.199038, -0.252814, 33.3701, 0.67771, 3.05479
0.17318, 0.199038, -0.254637, 33.3701, 0.662514, 3.19691
0.17318, 0.199038, -0.243944, 33.3701, 0.831223, 3.17912
0.17318, 0.199038, -0.243783, 33.3701, 0.736727, 2.95222
0.17318, 0.199038, -0.267984, 33.3701, 0.430989, 3.18692
0.17318, 0.199038, -0.259558, 33.3701, 0.58138, 3.14985
0.17318, 0.199038, -0.255172, 33.3701, 0.610184, 3.00518
0.17318, 0.199038, -0.246031, 33.3701, 0.788015, 3.1231
0.17318, 0.199038, -0.241873, 33.3701, 0.766256, 2.9391
0.17318, 0.199038, -0.25403, 33.3701, 0.64897, 3.25078
0.17318, 0.199038, -0.247548, 33.3701, 0.709867, 3.01171
0.17318, 0.199038, -0.245999, 33.3701, 0.732401, 3.24074
0.17318, 0.199038, -0.257007, 33.3701, 0.605608, 3.1713
0.17318, 0.199038, -0.255828, 33.3701, 0.612663, 3.17267
0.17318, 0.199038, -0.241016, 33.3701, 0.711756, 2.86518
0.17318, 0.199038, -0.263805, 33.3701, 0.515568, 3.16597
0.17318, 0.199038, -0.25562, 33.3701, 0.632632, 3.06529
0.17318, 0.199038, -0.256964, 33.3701, 0.601642, 3.10967
0.17318, 0.199038, -0.247752, 33.3701, 0.756555, 3.04416
0.17318, 0.199038, -0.263346, 33.3701, 0.511656, 3.22407
0.17318, 0.199038, -0.250773, 33.3701, 0.620091, 3.0292
0.17318, 0.199038, -0.248716, 33.3701, 0.695025, 3.039
0.17318, 0.199038, -0.259447, 33.3701, 0.575222, 3.21863
0.17318, 0.199038, -0.246964, 33.3701, 0.728895, 3.05318
0.17318, 0.199038, -0.234788, 33.3701, 0.857823, 2.84651
0.17318, 0.199038, -0.260964, 33.3701, 0.560016, 3.15749
0.17318, 0.199038, -0.253433, 33.3701, 0.69626, 3.13317
0.17318, 0.199038, -0.253022, 33.3701, 0.707868, 3.18993
0.17318, 0.199038, -0.251455, 33.3701, 0.606423, 3.10431
0.17318, 0.199038, -0.257076, 33.3701, 0.615791, 3.16213
0.17318, 0.199038, -0.246693, 33.3701, 0.734273, 3.03414
0.17318, 0.199038, -0.252178, 33.3701, 0.623143, 3.03518
0.17318, 0.199038, -0.253437, 33.3701, 0.633146, 3.08277
0.17318, 0.199038, -0.261347, 33.3701, 0.530057, 3.12843
0.17318, 0.199038, -0.264774, 33.3701, 0.521364, 3.20406
0.17318, 0.199038, -0.245827, 33.3701, 0.789357, 2.95475
0.17318, 0.199038, -0.243933, 33.3701, 0.777539, 2.92923
0.17318, 0.199038, -0.270165, 33.3701, 0.39802, 3.13911
0.17318, 0.199038, -0.251874, 33.3701, 0.71673, 3.22475
0.17318, 0.199038, -0.259503, 33.3701, 0.529137, 3.17846
0.17318, 0.199038, -0.261517, 33.3701, 0.582733, 3.044
0.17318, 0.199038, -0.254149, 33.3701, 0.657013, 3.05653
0.17318, 0.199038, -0.261849, 33.3701, 0.547142, 3.21738
0.17318, 0.199038, -0.229278, 33.3701, 0.902275, 2.79007
0.17318, 0.199038, -0.258176, 33.3701, 0.570591, 3.26169
0.17318, 0.199038, -0.250097, 33.3701, 0.700447, 3.03055
0.17318, 0.199038, -0.244568, 33.3701, 0.804004, 3.00462
0.17318, 0.199038, -0.255888, 33.3701, 0.608369, 3.08933
0.17318, 0.199038, -0.250639, 33.3701, 0.698808, 3.18502
0.17318, 0.199038, -0.24769, 33.3701, 0.714732, 3.04301
0.17318, 0.199038, -0.230645, 33.3701, 0.956303, 2.88519
0.17318, 0.199038, -0.25141, 33.3701, 0.670349, 3.04196
0.17318, 0.199038, -0.265869, 33.3701, 0.461104, 3.24467
0.17318, 0.199038, -0.261787, 33.3701, 0.538324, 3.20814
0.17318, 0.199038, -0.259264, 33.3701, 0.578947, 3.16296
0.17318, 0.199038, -0.267127, 33.3701, 0.463132, 3.09679
0.17318, 0.199038, -0.2484, 33.3701, 0.701604, 3.10421
0.17318, 0.199038, -0.24713, 33.3701, 0.789064, 3.16348
0.17318, 0.199038, -0.255949, 33.3701, 0.564823, 3.03067
0.17318, 0.199038, -0.245079, 33.3701, 0.803481, 3.12584
0.17318, 0.199038, -0.253191, 33.3701, 0.656574, 3.07099
0.17318, 0.199038, -0.251179, 33.3701, 0.711687, 2.97832
0.17318, 0.199038, -0.258723, 33.3701, 0.621304, 3.12874
0.17318, 0.199038, -0.255228, 33.3701, 0.653919, 3.12437
0.17318, 0.199038, -0.251807, 33.3701, 0.65843, 3.06367
0.17318, 0.199038, -0.255338, 33.3701, 0.668969, 3.17333
0.17318, 0.199038, -0.252918, 33.3701, 0.616966, 3.06987
0.17318, 0.199038, -0.245575, 33.3701, 0.768149, 2.85056
0.17318, 0.199038, -0.257037, 33.3701, 0.544266, 3.08937
0.17318, 0.199038, -0.256442, 33.3701, 0.566517, 3.10051
0.17318, 0.199038, -0.264801, 33.3701, 0.500329, 3.24181
0.17318, 0.199038, -0.25838, 33.3701, 0.5557, 3.19777
0.17318, 0.199038, -0.254552, 33.3701, 0.61274, 3.17963
0.17318, 0.199038, -0.265257, 33.3701, 0.493606, 3.28296
0.17318, 0.199038, -0.262912, 33.3701, 0.553117, 3.06632
0.17318, 0.199038, -0.247532, 33.3701, 0.66746, 2.91665
0.17318, 0.199038, -0.262047, 33.3701, 0.523214, 3.12134
0.17318, 0.199038, -0.250751, 33.3701, 0.693537, 3.25753
0.17318, 0.199038, -0.251931, 33.3701, 0.656222, 3.11699
0.17318, 0.199038, -0.245668, 33.3701, 0.768265, 2.97832
0.17318, 0.199038, -0.254788, 33.3701, 0.607696, 3.00557
0.17318, 0.199038, -0.248974, 33.3701, 0.762615, 3.2476
0.17318, 0.199038, -0.245015, 33.3701, 0.809596, 2.97782
0.17318, 0.199038, -0.256101, 33.3701, 0.604204, 3.04301
0.17318, 0.199038, -0.25767, 33.3701, 0.591172, 3.22736
0.17318, 0.199038, -0.254348, 33.3701, 0.598497, 3.16279
0.17318, 0.199038, -0.251068, 33.3701, 0.732589, 3.14985
0.17318, 0.199038, -0.244555, 33.3701, 0.712306, 2.85606
0.17318, 0.199038, -0.255214, 33.3701, 0.619245, 3.0836
0.17318, 0.199038, -0.250379, 33.3701, 0.696798, 3.05245
0.17318, 0.199038, -0.232301, 33.3701, 0.910074, 2.8102
0.17318, 0.199038, -0.24911, 33.3701, 0.6961, 3.03487
0.17318, 0.199038, -0.256072, 33.3701, 0.653831, 3.22385
0.17318, 0.199038, -0.252607, 33.3701, 0.693052, 3.20303
0.17318, 0.199038, -0.223098, 33.3701, 1.01796, 2.76519
0.17318, 0.199038, -0.260006, 33.3701, 0.583172, 3.19318
0.17318, 0.199038, -0.248228, 33.3701, 0.775941, 3.13496
0.17318, 0.199038, -0.266255, 33.3701, 0.464434, 3.19569
0.17318, 0.199038, -0.236592, 33.3701, 0.81172, 2.82008
0.17318, 0.199038, -0.249125, 33.3701, 0.71011, 3.06619
0.17318, 0.199038, -0.260963, 33.3701, 0.558359, 3.10935
0.17318, 0.199038, -0.262481, 33.3701, 0.536118, 3.12781
0.17318, 0.199038, -0.248675, 33.3701, 0.788699, 3.20966
0.17318, 0.199038, -0.245886, 33.3701, 0.78334, 2.96311
0.17318, 0.199038, -0.257322, 33.3701, 0.608948, 3.1858
0.17318, 0.199038, -0.248115, 33.3701, 0.70187, 3.01015
0.17318, 0.199038, -0.254772, 33.3701, 0.608327, 3.06039
0.17318, 0.199038, -0.255517, 33.3701, 0.607318, 2.92122
0.17318, 0.199038, -0.240767, 33.3701, 0.79125, 2.90053
0.17318, 0.199038, -0.259693, 33.3701, 0.57634, 3.16417
0.17318, 0.199038, -0.258915, 33.3701, 0.582997, 3.11213
0.17318, 0.199038, -0.253647, 33.3701, 0.688846, 3.27007
0.17318, 0.199038, -0.24682, 33.3701, 0.757985, 3.13828
0.17318, 0.199038, -0.251381, 33.3701, 0.714607, 3.26395
0.17318, 0.199038, -0.252459, 33.3701, 0.637041, 3.09541
0.17318, 0.199038, -0.257461, 33.3701, 0.579363, 3.0655
0.17318, 0.199038, -0.262049, 33.3701, 0.545751, 3.15229
0.17318, 0.199038, -0.256753, 33.3701, 0.57917, 2.98235
0.17318, 0.199038, -0.251882, 33.3701, 0.719937, 3.1516
0.17318, 0.199038, -0.256012, 33.3701, 0.609603, 3.05153
0.17318, 0.199038, -0.247173, 33.3701, 0.727781, 3.07406
0.17318, 0.199038, -0.258121, 33.3701, 0.551802, 3.14922
0.17318, 0.199038, -0.254532, 33.3701, 0.606152, 3.05118
