0.17318, 0.199038, -0.26637, 33.3701, -0.42776, 0.120435
0.17318, 0.199038, -0.293068, 33.3701, -0.633529, -1.17882
0.17318, 0.199038, -0.347151, 33.3701, -1.12876, -0.091022
0.17318, 0.199038, -0.160698, 33.3701, 1.31431, -0.899271
0.17318, 0.199038, -0.236808, 33.3701, 0.711285, 0.0611945
0.17318, 0.199038, -0.258982, 33.3701, -0.0836832, -0.500668
0.17318, 0.199038, -0.251566, 33.3701, -0.185458, -0.0242091
0.17318, 0.199038, -0.211777, 33.3701, 0.698859, 0.142417
0.17318, 0.199038, -0.162062, 33.3701, 1.27553, -1.25624
0.17318, 0.199038, -0.157857, 33.3701, 1.32164, -1.1335
0.17318, 0.199038, -0.29552, 33.3701, -0.50814, -0.855712
0.17318, 0.199038, -0.194443, 33.3701, 0.785506, 0.780305
0.17318, 0.199038, -0.262027, 33.3701, -0.256457, -0.064544
0.17318, 0.199038, -0.210597, 33.3701, 0.643844, 0.200998
0.17318, 0.199038, -0.178893, 33.3701, 1.03215, 0.128421
0.17318, 0.199038, -0.23179, 33.3701, 0.739329, 0.515757
0.17318, 0.199038, -0.225444, 33.3701, 0.332134, -1.28734
0.17318, 0.199038, -0.180452, 33.3701, 1.09133, 0.377526
0.17318, 0.199038, -0.299582, 33.3701, -0.657249, -0.954738
0.17318, 0.199038, -0.22708, 33.3701, 0.298428, -0.664077
0.17318, 0.199038, -0.316997, 33.3701, -0.802371, -0.78074
0.17318, 0.199038, -0.288106, 33.3701, -0.458855, -0.078611
0.17318, 0.199038, -0.223461, 33.3701, 0.483737, 0.775624
0.17318, 0.199038, -0.233563, 33.3701, 0.272361, 0.107573
0.17318, 0.199038, -0.156018, 33.3701, 1.36027, -0.89929
0.17318, 0.199038, -0.198888, 33.3701, 0.66784, -0.831094
0.17318, 0.199038, -0.33926, 33.3701, -0.885566, -0.0376521
0.17318, 0.199038, -0.235637, 33.3701, 0.0944865, -0.131042
0.17318, 0.199038, -0.263916, 33.3701, -0.253475, -0.0611724
0.17318, 0.199038, -0.290557, 33.3701, -0.480042, -0.863313
0.17318, 0.199038, -0.159556, 33.3701, 1.33105, -1.07685
0.17318, 0.199038, -0.274156, 33.3701, -0.43729, -1.08366
0.17318, 0.199038, -0.372206, 33.3701, -1.43764, 0.229992
0.17318, 0.199038, -0.283849, 33.3701, 0.052387, 1.31207
0.17318, 0.199038, -0.310638, 33.3701, -0.471384, 1.02457
0.17318, 0.199038, -0.271609, 33.3701, -0.200917, 0.22884
0.17318, 0.199038, -0.24024, 33.3701, 0.134887, 0.600178
0.17318, 0.199038, -0.142972, 33.3701, 1.85101, 0.260737
0.17318, 0.199038, -0.248532, 33.3701, -0.225652, -0.0228781
0.17318, 0.199038, -0.248009, 33.3701, 0.0383744, -0.937387
0.17318, 0.199038, -0.21052, 33.3701, 0.789633, 0.808878
0.17318, 0.199038, -0.312983, 33.3701, -0.474697, -0.682492
0.17318, 0.199038, -0.265054, 33.3701, -0.251963, 0.158394
0.17318, 0.199038, -0.167025, 33.3701, 1.28283, -0.772376
0.17318, 0.199038, -0.314068, 33.3701, -0.640192, -0.12554
0.17318, 0.199038, -0.306442, 33.3701, -0.621595, 0.112704
0.17318, 0.199038, -0.257767, 33.3701, -0.0995047, -0.0507171
0.17318, 0.199038, -0.296887, 33.3701, -0.434982, -0.800728
0.17318, 0.199038, -0.181442, 33.3701, 1.12635, -0.688205
0.17318, 0.199038, -0.242594, 33.3701, 0.401926, -0.199704
0.17318, 0.199038, -0.343323, 33.3701, -1.2207, -0.618641
0.17318, 0.199038, -0.21242, 33.3701, 0.58211, -0.87454
0.17318, 0.199038, -0.263746, 33.3701, 0.00719645, -0.655982
0.17318, 0.199038, -0.305896, 33.3701, -0.491727, -0.333819
0.17318, 0.199038, -0.220784, 33.3701, 0.73746, 0.713045
0.17318, 0.199038, -0.201406, 33.3701, 0.976667, 0.931428
0.17318, 0.199038, -0.214169, 33.3701, 0.892011, 0.583513
0.17318, 0.199038, -0.292488, 33.3701, -0.411591, -0.426257
0.17318, 0.199038, -0.154061, 33.3701, 1.48241, -0.331576
0.17318, 0.199038, -0.386034, 33.3701, -1.72336, -0.0482193
0.17318, 0.199038, -0.26834, 33.3701, -0.00605043, -0.483793
0.17318, 0.199038, -0.310933, 33.3701, -0.500296, -0.510482
0.17318, 0.199038, -0.272963, 33.3701, -0.314082, -0.542826
0.17318, 0.199038, -0.189269, 33.3701, 0.547152, -0.214823
0.17318, 0.199038, -0.175271, 33.3701, 1.36026, -0.370504
0.17318, 0.199038, -0.332883, 33.3701, -0.76402, 0.46426
0.17318, 0.199038, -0.213509, 33.3701, 0.268484, 0.129276
0.17318, 0.199038, -0.224902, 33.3701, 0.524634, -0.677639
0.17318, 0.199038, -0.327155, 33.3701, -0.905544, -0.108685
0.17318, 0.199038, -0.166552, 33.3701, 1.34212, 0.464707
0.17318, 0.199038, -0.293411, 33.3701, -0.671796, 0.116733
0.17318, 0.199038, -0.299465, 33.3701, -0.529287, -0.196735
0.17318, 0.199038, -0.161715, 33.3701, 1.20324, -1.22072
0.17318, 0.199038, -0.295856, 33.3701, -0.46752, -0.160453
0.17318, 0.199038, -0.218607, 33.3701, 0.230656, 0.130126
0.17318, 0.199038, -0.210917, 33.3701, 0.582173, 0.522999
0.17318, 0.199038, -0.22187, 33.3701, 0.300943, 0.612119
0.17318, 0.199038, -0.23237, 33.3701, 0.222228, -0.674654
0.17318, 0.199038, -0.288972, 33.3701, -0.622149, -0.0770218
0.17318, 0.199038, -0.162393, 33.3701, 1.25996, -0.643509
0.17318, 0.199038, -0.318707, 33.3701, -0.991568, -0.617223
0.17318, 0.199038, -0.298369, 33.3701, -0.353637, 0.0657539
0.17318, 0.199038, -0.311199, 33.3701, -0.730507, -0.274201
0.17318, 0.199038, -0.287636, 33.3701, -0.232725, -0.101277
0.17318, 0.199038, -0.30462, 33.3701, -0.5595, -0.592275
0.17318, 0.199038, -0.170392, 33.3701, 1.13393, -1.04596
0.17318, 0.199038, -0.167966, 33.3701, 1.18626, -0.945015
0.17318, 0.199038, -0.173269, 33.3701, 1.44895, 0.409381
0.17318, 0.199038, -0.24796, 33.3701, 0.0471799, 0.421423
0.17318, 0.199038, -0.331145, 33.3701, -1.1462, 0.263735
0.17318, 0.199038, -0.284215, 33.3701, -0.325679, -0.855026
0.17318, 0.199038, -0.304807, 33.3701, -0.391474, -0.42223
0.17318, 0.199038, -0.235471, 33.3701, 0.274372, -0.719869
0.17318, 0.199038, -0.373251, 33.3701, -1.59709, -0.294866
0.17318, 0.199038, -0.221658, 33.3701, 0.287986, -0.0204432
0.17318, 0.199038, -0.166559, 33.3701, 1.12721, -1.32216
0.17318, 0.199038, -0.250959, 33.3701, -0.167952, 0.101623
0.17318, 0.199038, -0.275186, 33.3701, -0.377178, -0.923137
0.17318, 0.199038, -0.394853, 33.3701, -1.7263, 0.155412
0.17318, 0.199038, -0.182176, 33.3701, 1.16955, -0.565831
0.17318, 0.199038, -0.143725, 33.3701, 1.61023, 0.591467
0.17318, 0.199038, -0.252362, 33.3701, 0.0723683, -1.0186
0.17318, 0.199038, -0.133619, 33.3701, 2.17745, -0.52864
0.17318, 0.199038, -0.219293, 33.3701, 0.277525, -0.299869
0.17318, 0.199038, -0.132915, 33.3701, 2.01107, 0.177371
0.17318, 0.199038, -0.263003, 33.3701, -0.0222182, -0.223225
0.17318, 0.199038, -0.244124, 33.3701, 0.248248, 0.370012
0.17318, 0.199038, -0.419504, 33.3701, -2.08676, 0.834982
0.17318, 0.199038, -0.2953, 33.3701, -0.351075, -0.696386
0.17318, 0.199038, -0.251921, 33.3701, -0.0144287, -1.15092
0.17318, 0.199038, -0.225871, 33.3701, 0.182893, -0.196527
0.17318, 0.199038, -0.222445, 33.3701, 0.355503, 0.498093
0.17318, 0.199038, -0.2068, 33.3701, 0.598914, 0.98209
0.17318, 0.199038, -0.169706, 33.3701, 1.26257, -0.947496
0.17318, 0.199038, -0.261184, 33.3701, -0.159102, -0.615176
0.17318, 0.199038, -0.280771, 33.3701, -0.0195106, 0.183581
0.17318, 0.199038, -0.286683, 33.3701, -0.395491, -0.763048
0.17318, 0.199038, -0.238177, 33.3701, -0.00503016, -0.0214211
0.17318, 0.199038, -0.207714, 33.3701, 0.494239, -0.856472
0.17318, 0.199038, -0.265818, 33.3701, -0.100308, -0.478785
0.17318, 0.199038, -0.251826, 33.3701, 0.117682, -0.705549
0.17318, 0.199038, -0.194126, 33.3701, 0.504262, -0.0494394
0.17318, 0.199038, -0.152015, 33.3701, 1.73198, -0.738394
0.17318, 0.199038, -0.225353, 33.3701, 0.228155, -0.108801
0.17318, 0.199038, -0.215602, 33.3701, 0.757511, -0.338757
0.17318, 0.199038, -0.322207, 33.3701, -0.802903, -0.521089
0.17318, 0.199038, -0.222038, 33.3701, 0.842484, 1.10334
0.17318, 0.199038, -0.312448, 33.3701, -0.591481, -0.0388877
0.17318, 0.199038, -0.163324, 33.3701, 1.28812, -0.705418
0.17318, 0.199038, -0.264618, 33.3701, -0.138331, -0.702599
0.17318, 0.199038, -0.272877, 33.3701, -0.0823786, -0.200294
0.17318, 0.199038, -0.238389, 33.3701, 0.150809, 0.677177
0.17318, 0.199038, -0.194566, 33.3701, 1.11186, -0.554753
0.17318, 0.199038, -0.217066, 33.3701, 0.376269, 0.484393
0.17318, 0.199038, -0.258757, 33.3701, -0.286751, 0.027753
0.17318, 0.199038, -0.167474, 33.3701, 1.21056, -0.894947
0.17318, 0.199038, -0.155501, 33.3701, 1.42742, -0.416407
0.17318, 0.199038, -0.20977, 33.3701, 0.40249, -0.126864
0.17318, 0.199038, -0.280761, 33.3701, -0.183442, 0.33809
0.17318, 0.199038, -0.232098, 33.3701, 0.0603588, -0.00864647
0.17318, 0.199038, -0.267068, 33.3701, -0.214128, -0.884988
0.17318, 0.199038, -0.343063, 33.3701, -0.993764, 0.188825
0.17318, 0.199038, -0.29057, 33.3701, -0.320345, -0.138601
0.17318, 0.199038, -0.304611, 33.3701, -0.712167, 0.609281
0.17318, 0.199038, -0.257958, 33.3701, -0.276815, 0.00463326
0.17318, 0.199038, -0.176712, 33.3701, 1.26916, -0.65325
0.17318, 0.199038, -0.268672, 33.3701, 0.0323924, -0.617853
0.17318, 0.199038, -0.291588, 33.3701, -0.687031, 0.275077
0.17318, 0.199038, -0.317148, 33.3701, -0.557713, -0.49391
0.17318, 0.199038, -0.228355, 33.3701, 0.254271, -0.381946
0.17318, 0.199038, -0.263431, 33.3701, -0.284548, -0.238366
0.17318, 0.199038, -0.171219, 33.3701, 1.49504, -0.115673
0.17318, 0.199038, -0.341739, 33.3701, -0.737882, -0.591785
0.17318, 0.199038, -0.283718, 33.3701, -0.10716, -0.0887447
0.17318, 0.199038, -0.256338, 33.3701, -0.0651195, -0.868603
0.17318, 0.199038, -0.354957, 33.3701, -1.41176, -0.261424
0.17318, 0.199038, -0.320178, 33.3701, -0.54961, 0.674586
0.17318, 0.199038, -0.297767, 33.3701, -0.440778, -0.187705
0.17318, 0.199038, -0.248379, 33.3701, -0.138606, -0.0677923
0.17318, 0.199038, -0.165635, 33.3701, 1.15325, -1.27313
0.17318, 0.199038, -0.158986, 33.3701, 1.53802, -1.00529
0.17318, 0.199038, -0.289896, 33.3701, -0.515196, -0.0854511
0.17318, 0.199038, -0.302104, 33.3701, -0.579111, -0.365551
0.17318, 0.199038, -0.39777, 33.3701, -1.7747, 0.307485
0.17318, 0.199038, -0.292869, 33.3701, -0.388116, -0.158273
0.17318, 0.199038, -0.325851, 33.3701, -0.650716, -0.503506
0.17318, 0.199038, -0.211188, 33.3701, 0.666703, -0.719429
0.17318, 0.199038, -0.285131, 33.3701, -0.192799, 0.107447
0.17318, 0.199038, -0.155917, 33.3701, 1.52657, 0.443232
0.17318, 0.199038, -0.176271, 33.3701, 0.802894, -0.460181
0.17318, 0.199038, -0.163892, 33.3701, 1.19262, -1.06891
0.17318, 0.199038, -0.23577, 33.3701, 0.126879, 0.224798
0.17318, 0.199038, -0.330193, 33.3701, -0.860921, -0.357393
0.17318, 0.199038, -0.159393, 33.3701, 1.22215, -1.23034
0.17318, 0.199038, -0.304008, 33.3701, -0.541264, 0.108311
0.17318, 0.199038, -0.243461, 33.3701, 0.014933, 0.0388953
0.17318, 0.199038, -0.331474, 33.3701, -0.623154, 1.29707
0.17318, 0.199038, -0.386242, 33.3701, -1.67692, 0.0038257
0.17318, 0.199038, -0.174119, 33.3701, 1.20628, 0.630179
0.17318, 0.199038, -0.368523, 33.3701, -1.61243, 0.00829248
0.17318, 0.199038, -0.163626, 33.3701, 1.18859, -1.1918
0.17318, 0.199038, -0.160325, 33.3701, 1.24326, -0.0382278
0.17318, 0.199038, -0.153712, 33.3701, 1.20809, -0.910902
0.17318, 0.199038, -0.313815, 33.3701, -0.665188, -0.579008
0.17318, 0.199038, -0.236211, 33.3701, 0.0817833, -0.197703
0.17318, 0.199038, -0.258984, 33.3701, 0.117195, -0.149624
0.17318, 0.199038, -0.163964, 33.3701, 1.2427, -0.406895
0.17318, 0.199038, -0.18385, 33.3701, 0.988558, -0.956375
0.17318, 0.199038, -0.288342, 33.3701, -0.0854684, 0.611636
0.17318, 0.199038, -0.331579, 33.3701, -0.933952, -0.429125
0.17318, 0.199038, -0.265574, 33.3701, -0.16711, -1.1089
0.17318, 0.199038, -0.179477, 33.3701, 1.04433, 0.618028
0.17318, 0.199038, -0.294922, 33.3701, -0.712448, -0.521427
0.17318, 0.199038, -0.293118, 33.3701, -0.434683, -0.491938
0.17318, 0.199038, -0.157352, 33.3701, 1.31655, -0.724637
0.17318, 0.199038, -0.26938, 33.3701, -0.332742, 0.124152
0.17318, 0.199038, -0.308282, 33.3701, -0.716406, -0.629269
0.17318, 0.199038, -0.271406, 33.3701, -0.32888, 0.351715
0.17318, 0.199038, -0.174845, 33.3701, 1.11349, -0.56706
0.17318, 0.199038, -0.228973, 33.3701, 0.124574, -0.108958
0.17318, 0.199038, -0.178232, 33.3701, 1.47143, 0.696047
0.17318, 0.199038, -0.23404, 33.3701, 0.563821, -0.429637
0.17318, 0.199038, -0.245752, 33.3701, -0.00225612, -0.187786
0.17318, 0.199038, -0.252225, 33.3701, 0.368167, -0.00479498
0.17318, 0.199038, -0.212301, 33.3701, 0.734311, 0.574803
0.17318, 0.199038, -0.233765, 33.3701, 0.0815832, -0.130485
0.17318, 0.199038, -0.266159, 33.3701, 0.138615, 0.454182
0.17318, 0.199038, -0.210192, 33.3701, 0.445765, 0.0117504
0.17318, 0.199038, -0.367296, 33.3701, -1.51581, -0.0759059
0.17318, 0.199038, -0.380519, 33.3701, -1.73118, 0.540807
0.17318, 0.199038, -0.313819, 33.3701, -0.590042, -1.26009
0.17318, 0.199038, -0.199626, 33.3701, 0.816953, -0.110638
0.17318, 0.199038, -0.338056, 33.3701, -0.985755, -0.115746
0.17318, 0.199038, -0.298752, 33.3701, -0.547086, -0.106912
0.17318, 0.199038, -0.289521, 33.3701, -0.0697566, 0.371514
0.17318, 0.199038, -0.258363, 33.3701, -0.265021, -0.0590796
0.17318, 0.199038, -0.236542, 33.3701, 0.144044, -0.248014
0.17318, 0.199038, -0.251901, 33.3701, 0.106905, 0.268133
0.17318, 0.199038, -0.290822, 33.3701, -0.361446, 0.141248
0.17318, 0.199038, -0.149874, 33.3701, 1.66398, 0.251147
0.17318, 0.199038, -0.315288, 33.3701, -0.644836, -0.319539
0.17318, 0.199038, -0.226577, 33.3701, 0.129881, 0.0795278
0.17318, 0.199038, -0.296547, 33.3701, -0.373959, -0.427225
0.17318, 0.199038, -0.223085, 33.3701, 0.487508, -1.28967
0.17318, 0.199038, -0.268167, 33.3701, -0.0094197, -0.00929027
0.17318, 0.199038, -0.337221, 33.3701, -0.840565, 0.136874
0.17318, 0.199038, -0.290919, 33.3701, -0.408166, -0.278598
0.17318, 0.199038, -0.223103, 33.3701, 0.697547, 0.350495
0.17318, 0.199038, -0.241049, 33.3701, 0.192119, -0.885227
0.17318, 0.199038, -0.292, 33.3701, -0.725307, 0.0296022
0.17318, 0.199038, -0.158195, 33.3701, 1.29394, 0.698842
0.17318, 0.199038, -0.338526, 33.3701, -1.18978, 0.384492
0.17318, 0.199038, -0.404645, 33.3701, -1.90144, -0.717751
0.17318, 0.199038, -0.283769, 33.3701, -0.235305, -0.801799
0.17318, 0.199038, -0.268363, 33.3701, -0.0166584, -0.220227
0.17318, 0.199038, -0.288153, 33.3701, -0.391547, -0.487911
0.17318, 0.199038, -0.303499, 33.3701, -0.512046, 0.193992
0.17318, 0.199038, -0.313444, 33.3701, -0.886206, -0.802647
0.17318, 0.199038, -0.228405, 33.3701, 0.365154, -0.725483
0.17318, 0.199038, -0.331618, 33.3701, -0.901901, -0.564929
0.17318, 0.199038, -0.163466, 33.3701, 1.34489, -0.552529
0.17318, 0.199038, -0.198186, 33.3701, 0.789521, -0.844503
0.17318, 0.199038, -0.228347, 33.3701, 0.175255, -0.28511
0.17318, 0.199038, -0.293984, 33.3701, -0.135649, 0.749124
0.17318, 0.199038, -0.18356, 33.3701, 0.718088, -0.130035
0.17318, 0.199038, -0.215439, 33.3701, 0.333969, -0.211736
0.17318, 0.199038, -0.36128, 33.3701, -1.27734, -0.528026
0.17318, 0.199038, -0.282243, 33.3701, -0.50462, -0.213647
0.17318, 0.199038, -0.359428, 33.3701, -1.36417, 0.0016277
0.17318, 0.199038, -0.191285, 33.3701, 1.32907, 1.40332
0.17318, 0.199038, -0.304319, 33.3701, -0.759684, 0.183251
0.17318, 0.199038, -0.154532, 33.3701, 1.4213, -0.74661
0.17318, 0.199038, -0.31623, 33.3701, -0.650863, -0.166162
0.17318, 0.199038, -0.16322, 33.3701, 1.22272, -0.859314
0.17318, 0.199038, -0.298829, 33.3701, -0.702442, -0.0192145
0.17318, 0.199038, -0.15626, 33.3701, 1.33252, -1.12774
0.17318, 0.199038, -0.221786, 33.3701, 0.216379, -0.00331225
0.17318, 0.199038, -0.239897, 33.3701, -0.029051, -0.0434877
0.17318, 0.199038, -0.323676, 33.3701, -0.732796, -0.499128
0.17318, 0.199038, -0.166601, 33.3701, 1.25448, -1.09708
0.17318, 0.199038, -0.157839, 33.3701, 1.66847, -0.645489
0.17318, 0.199038, -0.239768, 33.3701, -0.0554996, -0.0621394
0.17318, 0.199038, -0.1257, 33.3701, 2.10248, 0.0654818
0.17318, 0.199038, -0.155838, 33.3701, 1.6055, -0.387342
0.17318, 0.199038, -0.257232, 33.3701, 0.18731, 0.0225666
0.17318, 0.199038, -0.296483, 33.3701, -0.439987, -0.102002
0.17318, 0.199038, -0.243485, 33.3701, 0.208849, -0.286782
0.17318, 0.199038, -0.166423, 33.3701, 1.2003, -0.335813
0.17318, 0.199038, -0.167242, 33.3701, 1.24227, -1.157
0.17318, 0.199038, -0.296111, 33.3701, -0.506581, -0.407882
0.17318, 0.199038, -0.255986, 33.3701, -0.0352109, 0.0853754
0.17318, 0.199038, -0.267893, 33.3701, -0.319229, -0.108457
0.17318, 0.199038, -0.277762, 33.3701, -0.0159655, 0.508854
0.17318, 0.199038, -0.314756, 33.3701, -0.849968, 0.00741558
0.17318, 0.199038, -0.307223, 33.3701, -0.569907, -0.162687
0.17318, 0.199038, -0.24842, 33.3701, 0.139346, -0.198572
0.17318, 0.199038, -0.164096, 33.3701, 1.58198, -0.0289807
0.17318, 0.199038, -0.265288, 33.3701, -0.208714, -0.140378
0.17318, 0.199038, -0.211558, 33.3701, 0.619227, -0.937533
0.17318, 0.199038, -0.294369, 33.3701, -0.412326, 0.154749
0.17318, 0.199038, -0.323368, 33.3701, -0.801395, 0.016375
0.17318, 0.199038, -0.21633, 33.3701, 0.50238, 0.83343
0.17318, 0.199038, -0.318392, 33.3701, -0.674528, -0.247787
0.17318, 0.199038, -0.311275, 33.3701, -0.652684, -1.13886
0.17318, 0.199038, -0.377921, 33.3701, -1.59319, 0.436831
0.17318, 0.199038, -0.257564, 33.3701, -0.0334121, -0.0795771
0.17318, 0.199038, -0.306101, 33.3701, -0.406266, -0.619231
0.17318, 0.199038, -0.174593, 33.3701, 1.48289, -0.609707
0.17318, 0.199038, -0.31236, 33.3701, -0.650198, -0.411549
0.17318, 0.199038, -0.307744, 33.3701, -0.6153, 0.122842
0.17318, 0.199038, -0.320053, 33.3701, -0.679716, 0.397957
0.17318, 0.199038, -0.315939, 33.3701, -0.556253, -0.16686
0.17318, 0.199038, -0.179139, 33.3701, 1.2202, 0.56345
0.17318, 0.199038, -0.303316, 33.3701, -0.349086, -0.19529
0.17318, 0.199038, -0.250836, 33.3701, -0.213738, 0.0520323
0.17318, 0.199038, -0.272478, 33.3701, -0.15161, -0.429291
0.17318, 0.199038, -0.254264, 33.3701, -0.0384526, -0.0729537
0.17318, 0.199038, -0.156893, 33.3701, 1.7271, -0.438001
0.17318, 0.199038, -0.234444, 33.3701, 0.361973, 0.674003
0.17318, 0.199038, -0.370968, 33.3701, -1.5644, 0.0060818
0.17318, 0.199038, -0.246165, 33.3701, 0.0527434, 0.0588589
0.17318, 0.199038, -0.159689, 33.3701, 1.23887, -0.66949
0.17318, 0.199038, -0.275711, 33.3701, -0.249517, -0.957443
0.17318, 0.199038, -0.349711, 33.3701, -1.04839, -1.20716
0.17318, 0.199038, -0.300961, 33.3701, -0.469281, -0.32076
0.17318, 0.199038, -0.25492, 33.3701, -0.0442733, 0.189323
0.17318, 0.199038, -0.285454, 33.3701, -0.336249, -0.428542
0.17318, 0.199038, -0.222537, 33.3701, 0.261826, -0.114762
0.17318, 0.199038, -0.152738, 33.3701, 1.3516, -1.00042
0.17318, 0.199038, -0.291206, 33.3701, -0.330791, 0.0889593
0.17318, 0.199038, -0.233619, 33.3701, 0.70587, 0.414739
0.17318, 0.199038, -0.295571, 33.3701, -0.471282, -0.754529
0.17318, 0.199038, -0.276711, 33.3701, -0.544278, -0.343395
0.17318, 0.199038, -0.163588, 33.3701, 1.50522, -0.283511
0.17318, 0.199038, -0.162676, 33.3701, 1.22511, -0.956001
0.17318, 0.199038, -0.261297, 33.3701, 0.0365639, -0.323786
0.17318, 0.199038, -0.230898, 33.3701, 0.426602, 0.0292169
0.17318, 0.199038, -0.356219, 33.3701, -1.19364, -0.414794
0.17318, 0.199038, -0.253543, 33.3701, 0.468933, 0.819616
0.17318, 0.199038, -0.166493, 33.3701, 1.20704, -0.25513
0.17318, 0.199038, -0.296729, 33.3701, -0.484885, -0.218807
0.17318, 0.199038, -0.26319, 33.3701, 0.132998, -1.10991
0.17318, 0.199038, -0.233131, 33.3701, 0.0229307, -0.120487
0.17318, 0.199038, -0.169276, 33.3701, 1.08777, -0.438918
0.17318, 0.199038, -0.234565, 33.3701, 0.0407197, -0.0291991
0.17318, 0.199038, -0.302785, 33.3701, -0.571847, 0.0481319
0.17318, 0.199038, -0.158985, 33.3701, 1.54497, -0.477959
0.17318, 0.199038, -0.250278, 33.3701, -0.0511519, -0.203366
0.17318, 0.199038, -0.329718, 33.3701, -0.885093, -0.505398
0.17318, 0.199038, -0.271499, 33.3701, -0.1337, -0.41265
0.17318, 0.199038, -0.295293, 33.3701, -0.724862, 0.318785
0.17318, 0.199038, -0.241382, 33.3701, -0.0568546, -0.0275296
0.17318, 0.199038, -0.223718, 33.3701, 0.42378, 0.81768
0.17318, 0.199038, -0.30052, 33.3701, -0.657932, -1.21346
0.17318, 0.199038, -0.390113, 33.3701, -1.53171, 2.2917
0.17318, 0.199038, -0.150331, 33.3701, 1.41951, -0.700192
0.17318, 0.199038, -0.272529, 33.3701, -0.199018, -0.58458
0.17318, 0.199038, -0.19699, 33.3701, 1.08597, 0.627401
0.17318, 0.199038, -0.163349, 33.3701, 1.22315, -1.2274
0.17318, 0.199038, -0.230618, 33.3701, 0.422971, -0.449709
0.17318, 0.199038, -0.383084, 33.3701, -1.53449, -0.382455
0.17318, 0.199038, -0.30996, 33.3701, -0.643143, -0.433744
0.17318, 0.199038, -0.232297, 33.3701, 0.0431441, -0.0497071
0.17318, 0.199038, -0.172216, 33.3701, 0.993008, -0.966611
0.17318, 0.199038, -0.308527, 33.3701, -0.56089, -0.161297
0.17318, 0.199038, -0.294254, 33.3701, -0.762167, -0.0649514
0.17318, 0.199038, -0.247366, 33.3701, 0.0597241, -0.699243
0.17318, 0.199038, -0.248665, 33.3701, 0.185823, 0.254784
0.17318, 0.199038, -0.30881, 33.3701, -0.600974, -0.934431
0.17318, 0.199038, -0.34367, 33.3701, -1.02067, -0.596811
0.17318, 0.199038, -0.261327, 33.3701, -0.11429, 0.297175
0.17318, 0.199038, -0.223827, 33.3701, 0.382815, -0.765603
0.17318, 0.199038, -0.277058, 33.3701, -0.335125, -0.25934
0.17318, 0.199038, -0.210473, 33.3701, 0.452201, -0.0942895
0.17318, 0.199038, -0.156976, 33.3701, 1.22286, -1.3136
0.17318, 0.199038, -0.359183, 33.3701, -1.28435, -1.09175
0.17318, 0.199038, -0.155285, 33.3701, 1.26728, -0.980902
0.17318, 0.199038, -0.287302, 33.3701, -0.411181, -0.253832
0.17318, 0.199038, -0.246169, 33.3701, -0.16411, 0.0610872
0.17318, 0.199038, -0.151022, 33.3701, 1.34143, -1.07301
0.17318, 0.199038, -0.201463, 33.3701, 0.663804, -0.992104
0.17318, 0.199038, -0.221575, 33.3701, 0.793197, -0.610254
0.17318, 0.199038, -0.348893, 33.3701, -1.23817, 0.0991506
0.17318, 0.199038, -0.173381, 33.3701, 1.20143, 0.583985
0.17318, 0.199038, -0.161106, 33.3701, 1.30929, -1.32
0.17318, 0.199038, -0.137849, 33.3701, 1.75074, 0.123345
0.17318, 0.199038, -0.293189, 33.3701, -0.515523, -0.105052
0.17318, 0.199038, -0.253316, 33.3701, -0.121752, 0.650464
0.17318, 0.199038, -0.271487, 33.3701, -0.101494, 0.103984
0.17318, 0.199038, -0.291085, 33.3701, -0.405375, -1.29943
0.17318, 0.199038, -0.161684, 33.3701, 1.65027, -0.603983
0.17318, 0.199038, -0.231461, 33.3701, 0.21495, -0.871707
0.17318, 0.199038, -0.181042, 33.3701, 0.969634, -0.824385
0.17318, 0.199038, -0.262234, 33.3701, 0.249658, -0.208103
0.17318, 0.199038, -0.265591, 33.3701, -0.298372, -0.216213
0.17318, 0.199038, -0.315543, 33.3701, -0.647494, -0.496621
0.17318, 0.199038, -0.192802, 33.3701, 0.696412, 0.828481
0.17318, 0.199038, -0.273417, 33.3701, 0.22272, 0.97689
0.17318, 0.199038, -0.22503, 33.3701, 0.289362, -0.751366
0.17318, 0.199038, -0.259382, 33.3701, -0.290552, 0.0600063
0.17318, 0.199038, -0.158764, 33.3701, 1.50205, -0.832504
0.17318, 0.199038, -0.327255, 33.3701, -0.605932, 1.13703
0.17318, 0.199038, -0.350421, 33.3701, -1.33117, -0.160053
0.17318, 0.199038, -0.313557, 33.3701, -0.32352, -0.0231999
0.17318, 0.199038, -0.289507, 33.3701, -0.339235, -0.266679
0.17318, 0.199038, -0.303279, 33.3701, -0.399813, -0.27237
0.17318, 0.199038, -0.386221, 33.3701, -1.64479, -0.511954
0.17318, 0.199038, -0.340001, 33.3701, -0.914462, -0.539891
0.17318, 0.199038, -0.169825, 33.3701, 1.29096, 0.459963
0.17318, 0.199038, -0.322929, 33.3701, -0.792674, -0.24709
0.17318, 0.199038, -0.377986, 33.3701, -1.56667, -0.315409
0.17318, 0.199038, -0.157639, 33.3701, 1.6406, -0.353724
0.17318, 0.199038, -0.232037, 33.3701, 0.37362, 0.209874
0.17318, 0.199038, -0.363257, 33.3701, -1.35001, 0.311688
0.17318, 0.199038, -0.15932, 33.3701, 1.81741, 1.24281
0.17318, 0.199038, -0.264673, 33.3701, -0.33068, -0.0577455
0.17318, 0.199038, -0.1777, 33.3701, 1.04436, -1.29387
0.17318, 0.199038, -0.326322, 33.3701, -0.873107, -0.309789
0.17318, 0.199038, -0.254357, 33.3701, -0.218863, 0.129051
0.17318, 0.199038, -0.183215, 33.3701, 0.819543, -1.04244
0.17318, 0.199038, -0.259271, 33.3701, 0.112932, 0.316048
0.17318, 0.199038, -0.166, 33.3701, 1.11143, -1.14826
0.17318, 0.199038, -0.275058, 33.3701, -0.173316, -0.145088
0.17318, 0.199038, -0.170839, 33.3701, 1.16964, -1.23827
0.17318, 0.199038, -0.250249, 33.3701, 0.153345, -0.182287
0.17318, 0.199038, -0.19833, 33.3701, 0.440822, 0.00987461
0.17318, 0.199038, -0.337856, 33.3701, -0.949752, -0.650679
0.17318, 0.199038, -0.279416, 33.3701, -0.207716, -0.248367
0.17318, 0.199038, -0.24648, 33.3701, -0.0883939, -0.213233
0.17318, 0.199038, -0.261885, 33.3701, 0.0287247, -0.295701
0.17318, 0.199038, -0.178857, 33.3701, 0.7505, -0.172736
0.17318, 0.199038, -0.337785, 33.3701, -0.977857, -0.163798
0.17318, 0.199038, -0.165821, 33.3701, 1.19925, -1.27029
0.17318, 0.199038, -0.387743, 33.3701, -1.52235, -0.869866
0.17318, 0.199038, -0.138307, 33.3701, 1.72594, 0.408247
0.17318, 0.199038, -0.311347, 33.3701, -0.402757, 0.394048
0.17318, 0.199038, -0.148587, 33.3701, 1.43273, -1.08328
0.17318, 0.199038, -0.162226, 33.3701, 1.19755, -1.08652
0.17318, 0.199038, -0.212174, 33.3701, 0.316214, -0.341439
0.17318, 0.199038, -0.284732, 33.3701, -0.127141, 0.480911
0.17318, 0.199038, -0.260216, 33.3701, 0.113528, -0.662862
0.17318, 0.199038, -0.343451, 33.3701, -1.12702, -0.80394
0.17318, 0.199038, -0.304151, 33.3701, -0.616675, -0.459537
0.17318, 0.199038, -0.32386, 33.3701, -0.801753, -0.736972
0.17318, 0.199038, -0.309816, 33.3701, -0.587208, -0.296175
0.17318, 0.199038, -0.237644, 33.3701, -0.011801, -0.0369311
0.17318, 0.199038, -0.213478, 33.3701, 0.705751, -1.20045
0.17318, 0.199038, -0.173375, 33.3701, 1.10317, -0.597264
0.17318, 0.199038, -0.270022, 33.3701, -0.155096, -0.159814
0.17318, 0.199038, -0.3754, 33.3701, -1.55765, 0.490875
0.17318, 0.199038, -0.281351, 33.3701, -0.233348, 0.158527
0.17318, 0.199038, -0.244324, 33.3701, -0.0116881, -0.11954
0.17318, 0.199038, -0.207658, 33.3701, 0.610898, -0.0114059
0.17318, 0.199038, -0.255744, 33.3701, -0.0106193, 0.0102715
0.17318, 0.199038, -0.262325, 33.3701, -0.289651, -0.0425525
0.17318, 0.199038, -0.349535, 33.3701, -1.10908, -0.0377737
0.17318, 0.199038, -0.34427, 33.3701, -0.983161, -0.478816
0.17318, 0.199038, -0.160173, 33.3701, 1.32264, -1.16792
0.17318, 0.199038, -0.132259, 33.3701, 1.84998, 0.103747
0.17318, 0.199038, -0.329919, 33.3701, -0.92185, -0.332112
0.17318, 0.199038, -0.165792, 33.3701, 1.27824, -0.39153
0.17318, 0.199038, -0.299284, 33.3701, -0.489535, -0.294042
0.17318, 0.199038, -0.297533, 33.3701, -0.455024, -0.517496
0.17318, 0.199038, -0.230068, 33.3701, 0.221809, -1.12242
0.17318, 0.199038, -0.243728, 33.3701, 0.127689, -0.866804
0.17318, 0.199038, -0.254079, 33.3701, -0.156702, -0.167463
0.17318, 0.199038, -0.211269, 33.3701, 0.593193, -0.00603423
0.17318, 0.199038, -0.263796, 33.3701, -0.14571, -0.283857
0.17318, 0.199038, -0.24053, 33.3701, 0.11371, 0.390992
0.17318, 0.199038, -0.242441, 33.3701, -0.104828, -0.147897
0.17318, 0.199038, -0.195076, 33.3701, 0.915147, 0.739388
0.17318, 0.199038, -0.158509, 33.3701, 1.23783, -1.44202
0.17318, 0.199038, -0.359356, 33.3701, -1.14852, -0.646689
0.17318, 0.199038, -0.260515, 33.3701, -0.254422, -0.198799
0.17318, 0.199038, -0.160121, 33.3701, 1.27622, -1.14825
0.17318, 0.199038, -0.317077, 33.3701, -0.707807, -0.343349
0.17318, 0.199038, -0.301421, 33.3701, -0.56728, -0.505391
0.17318, 0.199038, -0.240088, 33.3701, 0.188554, 0.199496
0.17318, 0.199038, -0.142578, 33.3701, 1.80731, -0.149428
0.17318, 0.199038, -0.363199, 33.3701, -1.42228, 0.38352
0.17318, 0.199038, -0.191331, 33.3701, 0.72025, -0.629032
0.17318, 0.199038, -0.264453, 33.3701, 0.290247, 1.23477
0.17318, 0.199038, -0.260441, 33.3701, 0.0832235, 0.946384
0.17318, 0.199038, -0.288653, 33.3701, -0.436188, -0.809113
0.17318, 0.199038, -0.249531, 33.3701, 0.122589, -0.108216
0.17318, 0.199038, -0.337872, 33.3701, -1.02684, 0.367114
0.17318, 0.199038, -0.152315, 33.3701, 1.86541, 0.145564
0.17318, 0.199038, -0.374742, 33.3701, -1.54385, 0.171797
0.17318, 0.199038, -0.329903, 33.3701, -0.809485, -0.24823
0.17318, 0.199038, -0.259376, 33.3701, 0.0207447, -0.663981
0.17318, 0.199038, -0.176197, 33.3701, 1.43231, -0.682236
0.17318, 0.199038, -0.365309, 33.3701, -1.31131, -0.886648
0.17318, 0.199038, -0.331289, 33.3701, -0.98223, -0.740004
0.17318, 0.199038, -0.268178, 33.3701, -0.234718, -0.525002
0.17318, 0.199038, -0.188188, 33.3701, 1.03496, -0.99396
0.17318, 0.199038, -0.251417, 33.3701, 0.0137534, -0.6399
0.17318, 0.199038, -0.16833, 33.3701, 1.26293, -1.21906
0.17318, 0.199038, -0.207887, 33.3701, 0.424341, -0.066106
0.17318, 0.199038, -0.19001, 33.3701, 0.972455, -0.960621
0.17318, 0.199038, -0.318291, 33.3701, -0.992019, -0.708865
0.17318, 0.199038, -0.31333, 33.3701, -0.661601, -0.584745
0.17318, 0.199038, -0.158393, 33.3701, 1.31556, 1.04289
0.17318, 0.199038, -0.339864, 33.3701, -0.913833, -0.0277136
0.17318, 0.199038, -0.246078, 33.3701, -0.109502, -0.0109239
0.17318, 0.199038, -0.22492, 33.3701, 0.184091, -0.0702852
0.17318, 0.199038, -0.295451, 33.3701, -0.249169, -0.143369
0.17318, 0.199038, -0.226831, 33.3701, 0.551396, 0.303053
0.17318, 0.199038, -0.20179, 33.3701, 0.779816, -1.3319
0.17318, 0.199038, -0.304313, 33.3701, -0.520703, -1.05089
0.17318, 0.199038, -0.403326, 33.3701, -1.83774, -0.898634
0.17318, 0.199038, -0.309929, 33.3701, -0.762619, -0.166045
0.17318, 0.199038, -0.255676, 33.3701, -0.0366648, -0.629209
0.17318, 0.199038, -0.345991, 33.3701, -1.12814, -0.746203
0.17318, 0.199038, -0.289214, 33.3701, -0.303701, -0.883923
0.17318, 0.199038, -0.347838, 33.3701, -1.04682, 0.194866
0.17318, 0.199038, -0.162092, 33.3701, 1.31107, 0.568564
0.17318, 0.199038, -0.232203, 33.3701, 0.303036, -0.923505
0.17318, 0.199038, -0.288418, 33.3701, -0.380464, -0.489562
0.17318, 0.199038, -0.309984, 33.3701, -0.170321, 0.882879
0.17318, 0.199038, -0.281361, 33.3701, -0.584682, 0.0181241
0.17318, 0.199038, -0.239478, 33.3701, 0.00864048, -0.206711
0.17318, 0.199038, -0.297828, 33.3701, -0.360988, -0.269441
0.17318, 0.199038, -0.168383, 33.3701, 1.42968, -0.157976
0.17318, 0.199038, -0.347137, 33.3701, -1.00454, 0.168008
0.17318, 0.199038, -0.293875, 33.3701, -0.335133, -0.494158
0.17318, 0.199038, -0.210173, 33.3701, 0.406354, -0.0989442
0.17318, 0.199038, -0.243072, 33.3701, 0.241003, -0.606482
0.17318, 0.199038, -0.351419, 33.3701, -1.2091, -0.0387222
0.17318, 0.199038, -0.30346, 33.3701, -0.537353, -0.811542
0.17318, 0.199038, -0.270646, 33.3701, -0.0965293, 0.143226
0.17318, 0.199038, -0.198519, 33.3701, 0.723307, 0.31748
0.17318, 0.199038, -0.201932, 33.3701, 0.525835, -0.151193
0.17318, 0.199038, -0.136645, 33.3701, 1.84102, 0.193942
0.17318, 0.199038, -0.213973, 33.3701, 0.613672, -0.773254
0.17318, 0.199038, -0.276535, 33.3701, -0.18076, -0.176274
0.17318, 0.199038, -0.224216, 33.3701, 0.420644, 0.431197
0.17318, 0.199038, -0.262705, 33.3701, -0.281728, -0.0955777
0.17318, 0.199038, -0.140416, 33.3701, 1.75885, -1.27967
0.17318, 0.199038, -0.375088, 33.3701, -1.52888, 0.0765297
0.17318, 0.199038, -0.248299, 33.3701, -0.103481, -0.160175
0.17318, 0.199038, -0.226818, 33.3701, 0.131242, -0.285071
0.17318, 0.199038, -0.406562, 33.3701, -1.73355, 0.050592
0.17318, 0.199038, -0.29158, 33.3701, -0.0874845, 1.75764
0.17318, 0.199038, -0.275238, 33.3701, -0.464403, -0.0446842
0.17318, 0.199038, -0.162774, 33.3701, 1.33569, -1.12111
0.17318, 0.199038, -0.250536, 33.3701, -0.0849887, 0.757571
0.17318, 0.199038, -0.256917, 33.3701, -0.326676, -0.217533
0.17318, 0.199038, -0.225793, 33.3701, 0.548912, -0.709897
0.17318, 0.199038, -0.248092, 33.3701, 0.124233, -0.942683
0.17318, 0.199038, -0.207108, 33.3701, 0.851797, -0.69707
0.17318, 0.199038, -0.269937, 33.3701, -0.0429839, -0.706197
0.17318, 0.199038, -0.249426, 33.3701, 0.0313428, -0.612057
0.17318, 0.199038, -0.321848, 33.3701, -0.911932, 0.582423
0.17318, 0.199038, -0.215455, 33.3701, 0.527894, 0.367125
0.17318, 0.199038, -0.219051, 33.3701, 0.170291, -0.0196172
0.17318, 0.199038, -0.241274, 33.3701, 0.159905, -0.639183
0.17318, 0.199038, -0.226121, 33.3701, 0.176563, 0.00216832
0.17318, 0.199038, -0.228605, 33.3701, 0.341918, 0.272773
0.17318, 0.199038, -0.26012, 33.3701, -0.233684, 0.570034
0.17318, 0.199038, -0.336904, 33.3701, -1.06027, 0.17495
0.17318, 0.199038, -0.230815, 33.3701, 0.799349, 1.90136
0.17318, 0.199038, -0.337669, 33.3701, -1.08624, -0.289307
0.17318, 0.199038, -0.334364, 33.3701, -0.914259, -0.461543
0.17318, 0.199038, -0.309357, 33.3701, -0.58901, -0.274696
0.17318, 0.199038, -0.166837, 33.3701, 1.16814, 0.199593
0.17318, 0.199038, -0.155985, 33.3701, 1.44422, -0.0501174
0.17318, 0.199038, -0.157927, 33.3701, 1.38618, 0.0474539
0.17318, 0.199038, -0.309095, 33.3701, -0.544561, 0.415771
0.17318, 0.199038, -0.325626, 33.3701, -0.701568, 0.547832
0.17318, 0.199038, -0.248458, 33.3701, -0.0189589, -0.238383
0.17318, 0.199038, -0.208094, 33.3701, 0.666844, 0.797926
0.17318, 0.199038, -0.263761, 33.3701, -0.21139, -0.288677
0.17318, 0.199038, -0.237383, 33.3701, 0.200037, -0.80332
0.17318, 0.199038, -0.165309, 33.3701, 1.33407, -0.278482
0.17318, 0.199038, -0.206058, 33.3701, 0.676662, 0.589856
0.17318, 0.199038, -0.303903, 33.3701, -0.548399, 1.09049
0.17318, 0.199038, -0.293501, 33.3701, -0.345646, 0.109563
0.17318, 0.199038, -0.258043, 33.3701, -0.282905, -0.131169
0.17318, 0.199038, -0.277758, 33.3701, -0.481447, 0.126584
0.17318, 0.199038, -0.237356, 33.3701, 0.0460254, -0.171942
0.17318, 0.199038, -0.163115, 33.3701, 1.27594, -1.10645
0.17318, 0.199038, -0.141401, 33.3701, 1.79663, -0.0452519
0.17318, 0.199038, -0.272631, 33.3701, -0.330147, -0.418261
0.17318, 0.199038, -0.204584, 33.3701, 0.914596, -0.134105
0.17318, 0.199038, -0.29466, 33.3701, -0.303947, -0.848422
0.17318, 0.199038, -0.138504, 33.3701, 1.6893, 0.581936
0.17318, 0.199038, -0.148156, 33.3701, 1.90658, 0.891266
0.17318, 0.199038, -0.301634, 33.3701, -0.42234, -0.5253
0.17318, 0.199038, -0.214659, 33.3701, 0.496004, 0.591422
0.17318, 0.199038, -0.348751, 33.3701, -1.02317, 1.01838
0.17318, 0.199038, -0.324618, 33.3701, -0.694846, 0.606679
0.17318, 0.199038, -0.15563, 33.3701, 1.6467, -0.275308
0.17318, 0.199038, -0.28591, 33.3701, -0.33586, -0.176831
0.17318, 0.199038, -0.334676, 33.3701, -1.12281, -0.203098
0.17318, 0.199038, -0.297342, 33.3701, -0.471931, -0.237948
0.17318, 0.199038, -0.206538, 33.3701, 0.714458, -0.817616
0.17318, 0.199038, -0.217014, 33.3701, 0.747334, -0.984518
0.17318, 0.199038, -0.197664, 33.3701, 0.574429, -1.1532
0.17318, 0.199038, -0.344538, 33.3701, -1.25111, 0.260836
0.17318, 0.199038, -0.254196, 33.3701, -0.207352, -0.142202
0.17318, 0.199038, -0.20581, 33.3701, 0.591749, -0.749332
0.17318, 0.199038, -0.373009, 33.3701, -1.39061, -0.918074
0.17318, 0.199038, -0.239823, 33.3701, 0.0041543, 0.0527445
0.17318, 0.199038, -0.321714, 33.3701, -0.749673, -0.0433387
0.17318, 0.199038, -0.170506, 33.3701, 1.23252, -1.26338
0.17318, 0.199038, -0.321116, 33.3701, -0.80338, -0.272495
0.17318, 0.199038, -0.230315, 33.3701, 0.45711, -0.32211
0.17318, 0.199038, -0.231886, 33.3701, 0.318314, -0.909761
0.17318, 0.199038, -0.144534, 33.3701, 1.93912, 0.406769
0.17318, 0.199038, -0.300823, 33.3701, -0.445857, 0.0741757
0.17318, 0.199038, -0.359895, 33.3701, -1.4859, 0.0294378
0.17318, 0.199038, -0.151982, 33.3701, 1.30773, -1.25322
0.17318, 0.199038, -0.158652, 33.3701, 1.25929, -0.217583
0.17318, 0.199038, -0.282513, 33.3701, -0.0380027, -0.305669
0.17318, 0.199038, -0.284987, 33.3701, -0.224866, -0.522794
0.17318, 0.199038, -0.164837, 33.3701, 1.2487, -0.222311
0.17318, 0.199038, -0.352572, 33.3701, -1.18607, -0.471792
0.17318, 0.199038, -0.228361, 33.3701, 0.201838, 0.872367
0.17318, 0.199038, -0.280752, 33.3701, -0.110214, -0.62254
0.17318, 0.199038, -0.153263, 33.3701, 1.68787, -0.636902
0.17318, 0.199038, -0.158976, 33.3701, 1.24585, -0.84497
0.17318, 0.199038, -0.16423, 33.3701, 1.59397, -0.619418
0.17318, 0.199038, -0.256433, 33.3701, 0.197855, -0.323156
0.17318, 0.199038, -0.260396, 33.3701, -0.230016, -0.259115
0.17318, 0.199038, -0.319263, 33.3701, -0.708408, -0.358178
0.17318, 0.199038, -0.169865, 33.3701, 1.56362, -0.18199
0.17318, 0.199038, -0.194066, 33.3701, 0.780266, -0.833958
0.17318, 0.199038, -0.135706, 33.3701, 1.78817, 0.0842287
0.17318, 0.199038, -0.2515, 33.3701, 0.0459982, 0.0691877
0.17318, 0.199038, -0.171953, 33.3701, 1.12997, -0.13963
0.17318, 0.199038, -0.32113, 33.3701, -0.803189, -0.45982
0.17318, 0.199038, -0.299916, 33.3701, -0.782868, -0.127696
0.17318, 0.199038, -0.327855, 33.3701, -0.792537, -0.495738
0.17318, 0.199038, -0.277814, 33.3701, -0.185794, -0.281916
0.17318, 0.199038, -0.158928, 33.3701, 1.42074, -0.862101
0.17318, 0.199038, -0.283669, 33.3701, -0.447926, 0.231972
0.17318, 0.199038, -0.28554, 33.3701, -0.34075, -1.2215
0.17318, 0.199038, -0.235738, 33.3701, 0.278078, -0.70531
0.17318, 0.199038, -0.203163, 33.3701, 0.38267, -0.0351082
0.17318, 0.199038, -0.154263, 33.3701, 1.43323, 0.584446
0.17318, 0.199038, -0.167264, 33.3701, 1.30424, -0.791467
0.17318, 0.199038, -0.352132, 33.3701, -1.23268, -0.456803
0.17318, 0.199038, -0.32633, 33.3701, -0.579791, 1.32043
0.17318, 0.199038, -0.203959, 33.3701, 0.65543, -0.870413
0.17318, 0.199038, -0.168063, 33.3701, 1.18142, -0.660461
0.17318, 0.199038, -0.159367, 33.3701, 1.35521, -1.46171
0.17318, 0.199038, -0.368002, 33.3701, -1.49788, 0.156141
0.17318, 0.199038, -0.166133, 33.3701, 1.25834, -0.939248
0.17318, 0.199038, -0.277273, 33.3701, -0.297868, -0.824162
0.17318, 0.199038, -0.270779, 33.3701, -0.168599, -0.17993
0.17318, 0.199038, -0.248033, 33.3701, -0.0624649, -0.254177
0.17318, 0.199038, -0.283718, 33.3701, -0.607595, 0.152568
0.17318, 0.199038, -0.23003, 33.3701, 0.361448, -0.0400741
0.17318, 0.199038, -0.254785, 33.3701, -0.254665, -0.0252073
0.17318, 0.199038, -0.276572, 33.3701, -0.25976, -0.69649
0.17318, 0.199038, -0.254143, 33.3701, -0.198758, -0.0690047
0.17318, 0.199038, -0.331476, 33.3701, -0.80104, 0.207593
0.17318, 0.199038, -0.229254, 33.3701, 0.137964, 0.142971
0.17318, 0.199038, -0.186379, 33.3701, 0.786045, -0.944044
0.17318, 0.199038, -0.271035, 33.3701, -0.0838617, -0.530691
0.17318, 0.199038, -0.364687, 33.3701, -1.28209, -0.666704
0.17318, 0.199038, -0.218015, 33.3701, 0.8417, -1.07188
0.17318, 0.199038, -0.181824, 33.3701, 1.13167, -0.574065
0.17318, 0.199038, -0.33636, 33.3701, -0.924044, -0.776229
0.17318, 0.199038, -0.307205, 33.3701, -0.695079, -0.313544
0.17318, 0.199038, -0.236002, 33.3701, 0.501381, 1.63418
0.17318, 0.199038, -0.221237, 33.3701, 0.363352, -1.02235
0.17318, 0.199038, -0.364584, 33.3701, -1.15136, 2.58393
0.17318, 0.199038, -0.245415, 33.3701, 0.253938, -0.917641
0.17318, 0.199038, -0.324085, 33.3701, -0.737302, -0.313252
0.17318, 0.199038, -0.167206, 33.3701, 1.21807, -0.672463
0.17318, 0.199038, -0.317603, 33.3701, -0.852486, -0.31901
0.17318, 0.199038, -0.306145, 33.3701, -0.355825, 0.873362
0.17318, 0.199038, -0.336949, 33.3701, -1.23179, -0.47623
0.17318, 0.199038, -0.259277, 33.3701, -0.21784, -0.0508457
0.17318, 0.199038, -0.290238, 33.3701, -0.445463, 0.0681706
0.17318, 0.199038, -0.200197, 33.3701, 0.546117, -0.270941
0.17318, 0.199038, -0.379021, 33.3701, -1.5698, -0.0574593
0.17318, 0.199038, -0.352109, 33.3701, -1.11476, -0.337984
0.17318, 0.199038, -0.274479, 33.3701, -0.368729, 0.498457
0.17318, 0.199038, -0.262677, 33.3701, -0.335621, -0.0688467
0.17318, 0.199038, -0.237184, 33.3701, 0.0505158, 0.179473
0.17318, 0.199038, -0.26277, 33.3701, -0.169553, -0.516005
0.17318, 0.199038, -0.302971, 33.3701, -0.332236, 0.556752
0.17318, 0.199038, -0.387338, 33.3701, -1.79701, -0.137849
0.17318, 0.199038, -0.253688, 33.3701, -0.0437649, -0.146984
0.17318, 0.199038, -0.16765, 33.3701, 1.10518, -1.44915
0.17318, 0.199038, -0.23115, 33.3701, 0.712999, 0.534192
0.17318, 0.199038, -0.187536, 33.3701, 0.685072, -0.196741
0.17318, 0.199038, -0.250724, 33.3701, -0.137962, -0.189493
0.17318, 0.199038, -0.242408, 33.3701, -0.0729577, -0.0126447
0.17318, 0.199038, -0.185847, 33.3701, 1.09027, -0.414337
0.17318, 0.199038, -0.284625, 33.3701, -0.229178, -0.164012
0.17318, 0.199038, -0.169526, 33.3701, 1.15464, 0.1125
0.17318, 0.199038, -0.359662, 33.3701, -1.32967, 0.341447
0.17318, 0.199038, -0.22723, 33.3701, 0.233152, 0.0233332
0.17318, 0.199038, -0.361153, 33.3701, -1.50719, 0.224429
0.17318, 0.199038, -0.201626, 33.3701, 0.67344, -0.964123
0.17318, 0.199038, -0.310652, 33.3701, -0.771882, 0.387394
0.17318, 0.199038, -0.339959, 33.3701, -1.07403, 0.105781
0.17318, 0.199038, -0.261918, 33.3701, -0.196926, -0.24182
0.17318, 0.199038, -0.191752, 33.3701, 0.689539, 0.110464
0.17318, 0.199038, -0.244982, 33.3701, -0.0365059, -0.253149
0.17318, 0.199038, -0.221577, 33.3701, 0.376754, -0.813924
0.17318, 0.199038, -0.265502, 33.3701, -0.380119, 0.246669
0.17318, 0.199038, -0.156203, 33.3701, 1.33229, -1.19335
0.17318, 0.199038, -0.256325, 33.3701, -0.15763, -0.237366
0.17318, 0.199038, -0.258088, 33.3701, -0.071136, -0.748374
0.17318, 0.199038, -0.3386, 33.3701, -0.810524, 2.2498
0.17318, 0.199038, -0.278176, 33.3701, -0.462169, -0.0151789
0.17318, 0.199038, -0.324546, 33.3701, -0.744949, 0.0137781
0.17318, 0.199038, -0.260208, 33.3701, -0.137756, -0.623926
0.17318, 0.199038, -0.158337, 33.3701, 1.24575, -0.943836
0.17318, 0.199038, -0.159069, 33.3701, 1.59761, -0.370253
0.17318, 0.199038, -0.377431, 33.3701, -1.31538, -0.0974953
0.17318, 0.199038, -0.293685, 33.3701, -0.370354, -0.0998637
0.17318, 0.199038, -0.156157, 33.3701, 1.39026, -0.157648
0.17318, 0.199038, -0.229514, 33.3701, 0.136914, -0.148613
0.17318, 0.199038, -0.205081, 33.3701, 0.437452, -0.127238
0.17318, 0.199038, -0.27969, 33.3701, -0.160976, -0.584312
0.17318, 0.199038, -0.336963, 33.3701, -1.11631, 1.03921
0.17318, 0.199038, -0.202595, 33.3701, 0.728806, -1.33844
0.17318, 0.199038, -0.250835, 33.3701, -0.00642307, -0.390037
0.17318, 0.199038, -0.30646, 33.3701, -0.530103, 0.236665
0.17318, 0.199038, -0.345639, 33.3701, -0.980707, -0.33534
0.17318, 0.199038, -0.217803, 33.3701, 0.4212, -0.785763
0.17318, 0.199038, -0.283856, 33.3701, -0.0825319, -0.134283
0.17318, 0.199038, -0.247911, 33.3701, -0.0892067, -0.171642
0.17318, 0.199038, -0.360736, 33.3701, -1.13639, 2.41808
0.17318, 0.199038, -0.310971, 33.3701, -0.687175, -0.359476
0.17318, 0.199038, -0.232633, 33.3701, 0.311187, -0.0835801
0.17318, 0.199038, -0.289683, 33.3701, -0.774791, -0.00270286
0.17318, 0.199038, -0.165441, 33.3701, 1.20544, -1.18595
0.17318, 0.199038, -0.366875, 33.3701, -1.3314, -0.617967
0.17318, 0.199038, -0.287755, 33.3701, -0.641698, 0.189458
0.17318, 0.199038, -0.135556, 33.3701, 1.82432, 0.154098
0.17318, 0.199038, -0.296973, 33.3701, -0.330011, 0.255323
0.17318, 0.199038, -0.237964, 33.3701, 0.0533919, -0.153653
0.17318, 0.199038, -0.188218, 33.3701, 0.876865, 0.811193
0.17318, 0.199038, -0.250788, 33.3701, -0.181551, 0.124036
0.17318, 0.199038, -0.322077, 33.3701, -0.854898, -0.278262
0.17318, 0.199038, -0.261974, 33.3701, -0.202542, -0.9845
0.17318, 0.199038, -0.34298, 33.3701, -1.17428, 0.115382
0.17318, 0.199038, -0.223056, 33.3701, 0.21428, -0.118549
0.17318, 0.199038, -0.221849, 33.3701, 0.59842, -0.5628
0.17318, 0.199038, -0.325874, 33.3701, -0.959263, -0.279387
0.17318, 0.199038, -0.364691, 33.3701, -1.41539, -0.318659
0.17318, 0.199038, -0.235314, 33.3701, 0.0103835, -0.0733569
0.17318, 0.199038, -0.365239, 33.3701, -1.35991, -0.3274
0.17318, 0.199038, -0.333694, 33.3701, -0.96783, -0.628381
0.17318, 0.199038, -0.153718, 33.3701, 1.38816, -1.25916
0.17318, 0.199038, -0.290951, 33.3701, -0.444392, -0.631089
0.17318, 0.199038, -0.206341, 33.3701, 0.656605, 0.507733
0.17318, 0.199038, -0.25379, 33.3701, -0.178521, -0.190639
0.17318, 0.199038, -0.286562, 33.3701, -0.271961, -0.0255965
0.17318, 0.199038, -0.256894, 33.3701, -0.0178603, 0.077696
0.17318, 0.199038, -0.204795, 33.3701, 0.61574, -0.957844
0.17318, 0.199038, -0.164803, 33.3701, 1.49413, -0.816031
0.17318, 0.199038, -0.296767, 33.3701, -0.460161, -0.533447
0.17318, 0.199038, -0.215944, 33.3701, 0.281255, -0.0811317
0.17318, 0.199038, -0.209672, 33.3701, 0.523921, 0.960066
0.17318, 0.199038, -0.218184, 33.3701, 0.507197, 0.572147
0.17318, 0.199038, -0.174013, 33.3701, 1.11596, -1.05824
0.17318, 0.199038, -0.234749, 33.3701, 0.175555, -1.23462
0.17318, 0.199038, -0.156751, 33.3701, 1.51435, 0.291509
0.17318, 0.199038, -0.191043, 33.3701, 0.803122, 0.639684
0.17318, 0.199038, -0.336814, 33.3701, -1.05765, -0.297277
0.17318, 0.199038, -0.301637, 33.3701, -0.500858, -0.471774
0.17318, 0.199038, -0.297432, 33.3701, -0.478085, -0.42412
0.17318, 0.199038, -0.250416, 33.3701, -0.151801, -0.0123857
0.17318, 0.199038, -0.259656, 33.3701, -0.125682, 0.133202
0.17318, 0.199038, -0.209789, 33.3701, 0.882132, 0.669758
0.17318, 0.199038, -0.331013, 33.3701, -0.692219, 0.905173
0.17318, 0.199038, -0.282881, 33.3701, -0.599892, 0.322881
0.17318, 0.199038, -0.15955, 33.3701, 1.27083, -1.12751
0.17318, 0.199038, -0.25183, 33.3701, 0.057896, -0.317193
0.17318, 0.199038, -0.258561, 33.3701, -0.0590677, 0.447458
0.17318, 0.199038, -0.37497, 33.3701, -1.66642, -0.00614508
0.17318, 0.199038, -0.230652, 33.3701, 0.154631, -0.0881436
0.17318, 0.199038, -0.34305, 33.3701, -1.02596, 0.578322
0.17318, 0.199038, -0.265446, 33.3701, -0.152522, -1.20362
0.17318, 0.199038, -0.181333, 33.3701, 1.22011, -0.610125
0.17318, 0.199038, -0.391176, 33.3701, -1.74962, 0.0331448
0.17318, 0.199038, -0.301902, 33.3701, -0.56264, -0.512407
0.17318, 0.199038, -0.239027, 33.3701, 0.370223, -0.78292
0.17318, 0.199038, -0.190867, 33.3701, 0.785877, -0.97851
0.17318, 0.199038, -0.387495, 33.3701, -1.44622, 2.19481
0.17318, 0.199038, -0.358049, 33.3701, -1.25372, -0.241575
0.17318, 0.199038, -0.267871, 33.3701, -0.300946, -0.51527
0.17318, 0.199038, -0.217941, 33.3701, 0.62631, -1.11306
0.17318, 0.199038, -0.328373, 33.3701, -1.11921, -0.738331
0.17318, 0.199038, -0.243265, 33.3701, -0.102543, 0.0415202
0.17318, 0.199038, -0.164257, 33.3701, 1.11527, -1.1359
0.17318, 0.199038, -0.316991, 33.3701, -0.645375, 0.102425
0.17318, 0.199038, -0.290851, 33.3701, -0.597333, 0.162982
0.17318, 0.199038, -0.301108, 33.3701, -0.268357, 0.395922
0.17318, 0.199038, -0.203803, 33.3701, 0.631844, -0.0937312
0.17318, 0.199038, -0.160427, 33.3701, 1.22888, -1.37498
0.17318, 0.199038, -0.254658, 33.3701, 0.112156, -0.61595
0.17318, 0.199038, -0.324124, 33.3701, -0.918404, -0.262973
0.17318, 0.199038, -0.297807, 33.3701, -0.493266, -0.85882
0.17318, 0.199038, -0.357614, 33.3701, -1.29573, -0.243599
0.17318, 0.199038, -0.355322, 33.3701, -1.1517, -0.248208
0.17318, 0.199038, -0.372415, 33.3701, -1.38158, -0.137112
0.17318, 0.199038, -0.161673, 33.3701, 1.16584, -0.702212
0.17318, 0.199038, -0.154348, 33.3701, 1.48948, -0.368659
0.17318, 0.199038, -0.215746, 33.3701, 0.577673, -0.881805
0.17318, 0.199038, -0.251122, 33.3701, 0.171134, -0.139014
0.17318, 0.199038, -0.258877, 33.3701, -0.0560871, 0.340004
0.17318, 0.199038, -0.25925, 33.3701, -0.0652486, 0.142875
0.17318, 0.199038, -0.186573, 33.3701, 1.06207, -0.920324
0.17318, 0.199038, -0.162268, 33.3701, 1.19248, -1.03273
0.17318, 0.199038, -0.241359, 33.3701, 0.0951612, 0.495736
0.17318, 0.199038, -0.252263, 33.3701, 0.149521, -1.59446
0.17318, 0.199038, -0.344199, 33.3701, -1.13471, -0.25694
0.17318, 0.199038, -0.235539, 33.3701, 0.354109, 0.3795
0.17318, 0.199038, -0.237871, 33.3701, 0.192257, 0.762541
0.17318, 0.199038, -0.260035, 33.3701, -0.256219, 0.048095
0.17318, 0.199038, -0.335144, 33.3701, -0.735638, 0.794963
0.17318, 0.199038, -0.330625, 33.3701, -0.847611, -0.440686
0.17318, 0.199038, -0.251302, 33.3701, -0.0408798, -0.373893
0.17318, 0.199038, -0.170742, 33.3701, 1.18964, -0.976904
0.17318, 0.199038, -0.292756, 33.3701, -0.417528, -0.801795
0.17318, 0.199038, -0.1897, 33.3701, 0.862727, -1.09929
0.17318, 0.199038, -0.240212, 33.3701, 0.00213662, -0.125279
0.17318, 0.199038, -0.187684, 33.3701, 0.975037, -0.683084
0.17318, 0.199038, -0.162375, 33.3701, 1.72985, -0.0513891
0.17318, 0.199038, -0.276743, 33.3701, -0.140044, -0.747301
0.17318, 0.199038, -0.381682, 33.3701, -1.42742, 1.73716
0.17318, 0.199038, -0.227108, 33.3701, 0.32659, 0.414379
0.17318, 0.199038, -0.25618, 33.3701, -0.282204, 0.00401633
0.17318, 0.199038, -0.235451, 33.3701, 0.0750117, -0.0291758
0.17318, 0.199038, -0.238964, 33.3701, 0.0390412, 0.189867
0.17318, 0.199038, -0.169104, 33.3701, 1.27803, -1.24068
0.17318, 0.199038, -0.183681, 33.3701, 0.948739, -0.96621
0.17318, 0.199038, -0.223995, 33.3701, 0.437458, 0.252827
0.17318, 0.199038, -0.23441, 33.3701, 0.100074, -0.0211332
0.17318, 0.199038, -0.162343, 33.3701, 1.35835, -1.00572
0.17318, 0.199038, -0.226723, 33.3701, 0.163701, -0.0313164
0.17318, 0.199038, -0.304651, 33.3701, -0.624814, -1.08348
0.17318, 0.199038, -0.306128, 33.3701, -0.474783, -0.523251
0.17318, 0.199038, -0.301877, 33.3701, -0.536074, 0.0535031
0.17318, 0.199038, -0.232501, 33.3701, 0.418293, 0.699109
0.17318, 0.199038, -0.252322, 33.3701, 0.130676, 0.147729
0.17318, 0.199038, -0.22625, 33.3701, 0.218323, -0.299997
0.17318, 0.199038, -0.221835, 33.3701, 0.399033, -1.02974
0.17318, 0.199038, -0.272546, 33.3701, 0.0450538, -0.617645
0.17318, 0.199038, -0.138892, 33.3701, 1.79635, 0.237583
0.17318, 0.199038, -0.162158, 33.3701, 1.2199, -0.934446
0.17318, 0.199038, -0.155275, 33.3701, 1.30165, -0.51406
0.17318, 0.199038, -0.288346, 33.3701, -0.636933, -0.214364
0.17318, 0.199038, -0.349921, 33.3701, -1.11453, -0.693535
0.17318, 0.199038, -0.245291, 33.3701, 0.222367, -0.706438
0.17318, 0.199038, -0.211115, 33.3701, 0.5231, 1.10586
0.17318, 0.199038, -0.390326, 33.3701, -1.57878, 0.469669
0.17318, 0.199038, -0.37969, 33.3701, -1.40314, 2.47822
0.17318, 0.199038, -0.204206, 33.3701, 0.653742, 0.106652
0.17318, 0.199038, -0.152563, 33.3701, 1.71072, -0.584005
0.17318, 0.199038, -0.213185, 33.3701, 0.606572, -0.179857
0.17318, 0.199038, -0.299808, 33.3701, -0.403137, -0.563989
0.17318, 0.199038, -0.244714, 33.3701, -0.0218961, -0.233387
0.17318, 0.199038, -0.237374, 33.3701, 0.363513, -0.327941
0.17318, 0.199038, -0.359719, 33.3701, -1.45457, 0.466518
0.17318, 0.199038, -0.162949, 33.3701, 1.22055, -0.988738
0.17318, 0.199038, -0.162296, 33.3701, 1.64608, -0.55314
0.17318, 0.199038, -0.24429, 33.3701, -0.0221446, 0.0709124
0.17318, 0.199038, -0.153229, 33.3701, 1.43926, -0.68614
0.17318, 0.199038, -0.142151, 33.3701, 1.8962, 0.222693
0.17318, 0.199038, -0.234729, 33.3701, 0.0662693, -0.100672
0.17318, 0.199038, -0.156758, 33.3701, 1.60601, -0.211795
0.17318, 0.199038, -0.212875, 33.3701, 0.348105, -0.824127
0.17318, 0.199038, -0.373417, 33.3701, -1.50506, 0.857177
0.17318, 0.199038, -0.345338, 33.3701, -1.10925, 1.16087
0.17318, 0.199038, -0.329854, 33.3701, -0.781278, -0.337587
0.17318, 0.199038, -0.352077, 33.3701, -1.33045, -0.508835
0.17318, 0.199038, -0.292457, 33.3701, -0.358061, 0.213854
0.17318, 0.199038, -0.28313, 33.3701, -0.517862, 0.00856537
0.17318, 0.199038, -0.25738, 33.3701, -0.220997, -0.183448
0.17318, 0.199038, -0.302062, 33.3701, -0.453289, 0.043259
0.17318, 0.199038, -0.16414, 33.3701, 1.19642, -0.926276
0.17318, 0.199038, -0.287202, 33.3701, -0.420498, 0.179048
0.17318, 0.199038, -0.306008, 33.3701, -0.761586, -0.819996
0.17318, 0.199038, -0.24579, 33.3701, -0.108487, -0.125447
0.17318, 0.199038, -0.235689, 33.3701, 0.41466, 1.24777
0.17318, 0.199038, -0.190375, 33.3701, 1.32688, 0.75171
0.17318, 0.199038, -0.15571, 33.3701, 1.35639, -1.09611
0.17318, 0.199038, -0.292436, 33.3701, -0.658247, 0.0163013
0.17318, 0.199038, -0.33389, 33.3701, -0.998315, -1.48442
0.17318, 0.199038, -0.229826, 33.3701, 0.143038, 0.0636388
0.17318, 0.199038, -0.158256, 33.3701, 1.28413, -1.24736
0.17318, 0.199038, -0.189176, 33.3701, 0.917365, -0.115239
0.17318, 0.199038, -0.270276, 33.3701, -0.110694, -0.232254
0.17318, 0.199038, -0.293426, 33.3701, -0.369876, -0.13336
0.17318, 0.199038, -0.31113, 33.3701, -0.620758, -0.510666
0.17318, 0.199038, -0.160322, 33.3701, 1.2702, -0.155225
0.17318, 0.199038, -0.264242, 33.3701, -0.31491, -0.0819073
0.17318, 0.199038, -0.142681, 33.3701, 1.78752, 0.177152
0.17318, 0.199038, -0.335793, 33.3701, -0.872238, -0.481338
0.17318, 0.199038, -0.144802, 33.3701, 1.71166, 0.194389
0.17318, 0.199038, -0.291657, 33.3701, -0.47998, -0.172724
0.17318, 0.199038, -0.285359, 33.3701, -0.373128, -0.849684
0.17318, 0.199038, -0.150286, 33.3701, 1.45451, -0.548106
0.17318, 0.199038, -0.237908, 33.3701, 0.157235, -0.305084
0.17318, 0.199038, -0.359599, 33.3701, -1.32113, -0.305796
0.17318, 0.199038, -0.247658, 33.3701, -0.165768, -0.119033
0.17318, 0.199038, -0.305375, 33.3701, -0.37135, 1.28968
0.17318, 0.199038, -0.197865, 33.3701, 0.855797, -0.276816
0.17318, 0.199038, -0.34427, 33.3701, -1.08004, -0.250684
0.17318, 0.199038, -0.335412, 33.3701, -1.00423, -0.785589
0.17318, 0.199038, -0.323341, 33.3701, -0.717884, -0.282174
0.17318, 0.199038, -0.25881, 33.3701, 0.0697447, 0.376898
0.17318, 0.199038, -0.146206, 33.3701, 1.24528, -0.937903
0.17318, 0.199038, -0.291882, 33.3701, -0.540173, -0.864056
0.17318, 0.199038, -0.288917, 33.3701, -0.329859, -0.215763
0.17318, 0.199038, -0.265957, 33.3701, -0.0614134, -0.11965
0.17318, 0.199038, -0.278813, 33.3701, -0.53802, 0.203992
0.17318, 0.199038, -0.243107, 33.3701, 0.179436, 0.144402
0.17318, 0.199038, -0.162051, 33.3701, 1.26755, -0.821865
0.17318, 0.199038, -0.214571, 33.3701, 0.391771, -0.297836
0.17318, 0.199038, -0.325728, 33.3701, -0.798285, 0.234105
0.17318, 0.199038, -0.302479, 33.3701, -0.584401, 0.195559
0.17318, 0.199038, -0.189647, 33.3701, 1.12371, -1.28071
0.17318, 0.199038, -0.196002, 33.3701, 0.735108, 0.559838
0.17318, 0.199038, -0.316295, 33.3701, -0.641799, 1.19598
0.17318, 0.199038, -0.266172, 33.3701, 0.0973019, 0.401644
0.17318, 0.199038, -0.26153, 33.3701, 0.128185, 0.288865
0.17318, 0.199038, -0.256896, 33.3701, -0.22216, -0.0680992
0.17318, 0.199038, -0.161146, 33.3701, 1.42861, 0.577198
0.17318, 0.199038, -0.166367, 33.3701, 1.19416, -0.697287
0.17318, 0.199038, -0.204644, 33.3701, 0.530024, -1.3484
0.17318, 0.199038, -0.300611, 33.3701, -0.307159, 1.30531
0.17318, 0.199038, -0.249586, 33.3701, 0.0134103, 1.13064
0.17318, 0.199038, -0.347034, 33.3701, -1.07075, -0.534704
0.17318, 0.199038, -0.294652, 33.3701, -0.357073, -0.177413
0.17318, 0.199038, -0.230977, 33.3701, 0.104975, -0.228695
0.17318, 0.199038, -0.307082, 33.3701, -0.61592, 0.0474466
0.17318, 0.199038, -0.306559, 33.3701, -0.59031, 0.370894
0.17318, 0.199038, -0.338507, 33.3701, -0.914573, 1.35571
0.17318, 0.199038, -0.233587, 33.3701, 0.136682, -0.159686
0.17318, 0.199038, -0.270371, 33.3701, -0.161765, 0.266797
0.17318, 0.199038, -0.36377, 33.3701, -1.42548, 0.0566831
0.17318, 0.199038, -0.265039, 33.3701, -0.0257463, -0.406103
0.17318, 0.199038, -0.151537, 33.3701, 1.52123, 0.312433
0.17318, 0.199038, -0.38301, 33.3701, -1.48359, 2.70765
0.17318, 0.199038, -0.321009, 33.3701, -0.796985, -0.620689
0.17318, 0.199038, -0.30183, 33.3701, -0.413811, -0.474377
0.17318, 0.199038, -0.303944, 33.3701, -0.579489, -0.534517
0.17318, 0.199038, -0.269381, 33.3701, -0.138942, -0.0958423
0.17318, 0.199038, -0.205059, 33.3701, 0.410412, -0.0302921
0.17318, 0.199038, -0.35809, 33.3701, -1.26742, 0.557685
0.17318, 0.199038, -0.205883, 33.3701, 0.722777, 0.774424
0.17318, 0.199038, -0.339541, 33.3701, -0.726611, 2.3543
0.17318, 0.199038, -0.154465, 33.3701, 1.70614, 0.301172
0.17318, 0.199038, -0.400396, 33.3701, -1.92483, -0.320992
0.17318, 0.199038, -0.247251, 33.3701, 0.257868, -0.226895
0.17318, 0.199038, -0.159953, 33.3701, 1.24054, -1.37822
0.17318, 0.199038, -0.19234, 33.3701, 0.69768, -1.28955
0.17318, 0.199038, -0.232404, 33.3701, 0.0946443, -0.179287
0.17318, 0.199038, -0.165657, 33.3701, 1.21706, -0.998985
0.17318, 0.199038, -0.263626, 33.3701, -0.324371, -0.230876
0.17318, 0.199038, -0.29114, 33.3701, -0.378795, -0.865243
0.17318, 0.199038, -0.297832, 33.3701, -0.445511, 0.0824278
0.17318, 0.199038, -0.261375, 33.3701, -0.30836, -0.12859
0.17318, 0.199038, -0.202121, 33.3701, 0.655817, 0.460831
0.17318, 0.199038, -0.342697, 33.3701, -1.15017, 0.150934
0.17318, 0.199038, -0.378844, 33.3701, -1.39683, 0.297942
0.17318, 0.199038, -0.222656, 33.3701, 0.17152, -0.110068
0.17318, 0.199038, -0.266529, 33.3701, -0.190852, 0.211891
0.17318, 0.199038, -0.159926, 33.3701, 1.4101, -1.09916
0.17318, 0.199038, -0.26282, 33.3701, 0.0323037, -0.0489143
0.17318, 0.199038, -0.160207, 33.3701, 1.27665, -0.971644
0.17318, 0.199038, -0.171694, 33.3701, 1.09853, -0.294341
0.17318, 0.199038, -0.166908, 33.3701, 1.32662, 1.18809
0.17318, 0.199038, -0.166962, 33.3701, 1.60909, -0.91978
0.17318, 0.199038, -0.286303, 33.3701, -0.652175, 0.025812
0.17318, 0.199038, -0.213359, 33.3701, 0.333104, -0.187091
0.17318, 0.199038, -0.248526, 33.3701, -0.198265, -0.451925
0.17318, 0.199038, -0.263892, 33.3701, -0.144135, 0.366162
0.17318, 0.199038, -0.307144, 33.3701, -0.665017, -0.173837
0.17318, 0.199038, -0.208239, 33.3701, 0.540725, -0.659273
0.17318, 0.199038, -0.333338, 33.3701, -0.94093, -0.202896
0.17318, 0.199038, -0.178442, 33.3701, 1.31996, -1.32705
0.17318, 0.199038, -0.298147, 33.3701, -0.384239, -0.258015
0.17318, 0.199038, -0.341866, 33.3701, -0.929354, 1.19413
0.17318, 0.199038, -0.28712, 33.3701, -0.354038, -0.744839
0.17318, 0.199038, -0.283492, 33.3701, 0.0549665, 0.910089
0.17318, 0.199038, -0.160177, 33.3701, 1.29695, -0.57632
0.17318, 0.199038, -0.211203, 33.3701, 0.333051, -0.0834294
0.17318, 0.199038, -0.260961, 33.3701, -0.298664, -0.0811309
0.17318, 0.199038, -0.327523, 33.3701, -0.893475, -0.398117
0.17318, 0.199038, -0.20578, 33.3701, 0.574732, -0.309074
0.17318, 0.199038, -0.233777, 33.3701, 0.0633876, 0.18042
0.17318, 0.199038, -0.240728, 33.3701, 0.0373874, -0.233887
0.17318, 0.199038, -0.161151, 33.3701, 1.33337, -0.633494
0.17318, 0.199038, -0.271201, 33.3701, -0.366518, 0.0389124
0.17318, 0.199038, -0.207413, 33.3701, 0.408437, -0.236103
0.17318, 0.199038, -0.279012, 33.3701, -0.248329, -0.277566
0.17318, 0.199038, -0.37117, 33.3701, -1.43977, -0.160385
0.17318, 0.199038, -0.235879, 33.3701, 0.682187, -1.13371
0.17318, 0.199038, -0.285407, 33.3701, -0.37346, -0.385442
0.17318, 0.199038, -0.254997, 33.3701, -0.032103, 0.31886
0.17318, 0.199038, -0.29476, 33.3701, -0.239496, -0.903995
0.17318, 0.199038, -0.170605, 33.3701, 1.11518, -1.47581
0.17318, 0.199038, -0.326929, 33.3701, -0.810434, -0.618866
0.17318, 0.199038, -0.361084, 33.3701, -1.26045, -1.03268
0.17318, 0.199038, -0.358214, 33.3701, -1.1876, 2.52549
0.17318, 0.199038, -0.278815, 33.3701, -0.199448, -0.673375
0.17318, 0.199038, -0.162942, 33.3701, 1.25806, 0.000294741
0.17318, 0.199038, -0.215024, 33.3701, 0.358121, -0.914582
0.17318, 0.199038, -0.212572, 33.3701, 0.275487, -0.126875
0.17318, 0.199038, -0.224877, 33.3701, 0.324912, 0.185079
0.17318, 0.199038, -0.15555, 33.3701, 1.37214, -1.25124
0.17318, 0.199038, -0.167047, 33.3701, 1.15847, -1.40988
0.17318, 0.199038, -0.258534, 33.3701, -0.200198, -0.201468
0.17318, 0.199038, -0.266727, 33.3701, -0.379525, 0.0394353
0.17318, 0.199038, -0.227573, 33.3701, 0.148846, 0.134888
0.17318, 0.199038, -0.259268, 33.3701, -0.0321142, -0.964855
0.17318, 0.199038, -0.283415, 33.3701, -0.428728, -1.15708
0.17318, 0.199038, -0.248865, 33.3701, 0.540724, -0.555172
0.17318, 0.199038, -0.360425, 33.3701, -1.43912, -0.301053
